pseudobulk	Sample	Dataset	final_program	score
B Memory-1__0018_Af_N1c	0018_Af_N1c	CCHMC	P2	0.967
BMCP-1__0018_Af_N1c	0018_Af_N1c	CCHMC	P7	0.903
CD4 TCM__0018_Af_N1c	0018_Af_N1c	CCHMC	P3	0.966
CD8 TEM__0018_Af_N1c	0018_Af_N1c	CCHMC	P3	0.96
Erythroblast-3__0018_Af_N1c	0018_Af_N1c	CCHMC	P6	0.894
Intermediate Mono-1__0018_Af_N1c	0018_Af_N1c	CCHMC	P14	0.882
Intermediate Mono-3__0018_Af_N1c	0018_Af_N1c	CCHMC	P14	0.95
LMPP-2__0018_Af_N1c	0018_Af_N1c	CCHMC	P14	0.94
MAIT__0018_Af_N1c	0018_Af_N1c	CCHMC	P3	0.95
MDP-1__0018_Af_N1c	0018_Af_N1c	CCHMC	P3	0.946
MEP-2__0018_Af_N1c	0018_Af_N1c	CCHMC	P14	0.949
MPP-MEP__0018_Af_N1c	0018_Af_N1c	CCHMC	P3	0.942
Mono-1__0018_Af_N1c	0018_Af_N1c	CCHMC	P14	0.945
Mono-2__0018_Af_N1c	0018_Af_N1c	CCHMC	P14	0.946
MultiLin-GMP-1__0018_Af_N1c	0018_Af_N1c	CCHMC	P3	0.957
NK-Mature__0018_Af_N1c	0018_Af_N1c	CCHMC	P3	0.952
Non-Classical Mono-2__0018_Af_N1c	0018_Af_N1c	CCHMC	P3	0.915
T CD4 Activated__0018_Af_N1c	0018_Af_N1c	CCHMC	P3	0.927
T CD4 Naive-1__0018_Af_N1c	0018_Af_N1c	CCHMC	P3	0.955
cDC1__0018_Af_N1c	0018_Af_N1c	CCHMC	P14	0.939
immNeu-1__0018_Af_N1c	0018_Af_N1c	CCHMC	P14	0.944
immNeu-2__0018_Af_N1c	0018_Af_N1c	CCHMC	P7	0.902
preNeu__0018_Af_N1c	0018_Af_N1c	CCHMC	P6	0.947
B Memory-1__0316_E_N1c	0316_E_N1c	CCHMC	P8	0.958
CD4 TCM__0316_E_N1c	0316_E_N1c	CCHMC	P14	0.958
CD8 TEM__0316_E_N1c	0316_E_N1c	CCHMC	P14	0.938
LMPP-2__0316_E_N1c	0316_E_N1c	CCHMC	P14	0.911
MEP-2__0316_E_N1c	0316_E_N1c	CCHMC	P14	0.947
MPP-MEP__0316_E_N1c	0316_E_N1c	CCHMC	P14	0.954
MultiLin-GMP-1__0316_E_N1c	0316_E_N1c	CCHMC	P7	0.917
T CD4 Activated__0316_E_N1c	0316_E_N1c	CCHMC	P3	0.948
T CD4 Naive-1__0316_E_N1c	0316_E_N1c	CCHMC	P3	0.961
preNeu__0316_E_N1c	0316_E_N1c	CCHMC	P14	0.948
B Memory-1__0817_E_N1c	0817_E_N1c	CCHMC	P2	0.972
CD4 TCM__0817_E_N1c	0817_E_N1c	CCHMC	P8	0.967
CD8 TEM__0817_E_N1c	0817_E_N1c	CCHMC	P2	0.953
Intermediate Mono-1__0817_E_N1c	0817_E_N1c	CCHMC	P3	0.956
Intermediate Mono-2__0817_E_N1c	0817_E_N1c	CCHMC	P14	0.955
Intermediate Mono-3__0817_E_N1c	0817_E_N1c	CCHMC	P14	0.953
MAIT__0817_E_N1c	0817_E_N1c	CCHMC	P0	0.952
MPP-MEP__0817_E_N1c	0817_E_N1c	CCHMC	P14	0.949
Mono-1__0817_E_N1c	0817_E_N1c	CCHMC	P14	0.944
Mono-2__0817_E_N1c	0817_E_N1c	CCHMC	P14	0.95
MultiLin-GMP-1__0817_E_N1c	0817_E_N1c	CCHMC	P14	0.958
Myeloid intermediate 3__0817_E_N1c	0817_E_N1c	CCHMC	P14	0.923
NK-Mature__0817_E_N1c	0817_E_N1c	CCHMC	P2	0.944
Non-Classical Mono-2__0817_E_N1c	0817_E_N1c	CCHMC	P3	0.955
T CD4 Naive-1__0817_E_N1c	0817_E_N1c	CCHMC	P3	0.966
cDC2-1__0817_E_N1c	0817_E_N1c	CCHMC	P14	0.952
cDC2-2__0817_E_N1c	0817_E_N1c	CCHMC	P14	0.959
cMOP__0817_E_N1c	0817_E_N1c	CCHMC	P14	0.898
B Memory-1__1009_AfInv16_29M	1009_AfInv16_29M	CCHMC	P3	0.942
BMCP-1__1009_AfInv16_29M	1009_AfInv16_29M	CCHMC	P13	0.924
CD4 TCM__1009_AfInv16_29M	1009_AfInv16_29M	CCHMC	P6	0.962
CD8 TEM__1009_AfInv16_29M	1009_AfInv16_29M	CCHMC	P2	0.942
Classical-Mono__1009_AfInv16_29M	1009_AfInv16_29M	CCHMC	P0	0.94
Intermediate Mono-1__1009_AfInv16_29M	1009_AfInv16_29M	CCHMC	P0	0.958
Intermediate Mono-2__1009_AfInv16_29M	1009_AfInv16_29M	CCHMC	P3	0.952
Intermediate Mono-3__1009_AfInv16_29M	1009_AfInv16_29M	CCHMC	P3	0.961
LMPP-1-cycling__1009_AfInv16_29M	1009_AfInv16_29M	CCHMC	P13	0.965
LMPP-2__1009_AfInv16_29M	1009_AfInv16_29M	CCHMC	P13	0.958
MAIT__1009_AfInv16_29M	1009_AfInv16_29M	CCHMC	P6	0.942
MDP-1__1009_AfInv16_29M	1009_AfInv16_29M	CCHMC	P13	0.951
MDP-2__1009_AfInv16_29M	1009_AfInv16_29M	CCHMC	P13	0.959
MEP-2__1009_AfInv16_29M	1009_AfInv16_29M	CCHMC	P13	0.93
MPP-MEP__1009_AfInv16_29M	1009_AfInv16_29M	CCHMC	P13	0.964
Mono-1__1009_AfInv16_29M	1009_AfInv16_29M	CCHMC	P8	0.955
Mono-2__1009_AfInv16_29M	1009_AfInv16_29M	CCHMC	P14	0.957
MultiLin-GMP-1__1009_AfInv16_29M	1009_AfInv16_29M	CCHMC	P13	0.977
MultiLin-GMP-2__1009_AfInv16_29M	1009_AfInv16_29M	CCHMC	P13	0.955
Myeloid intermediate 1__1009_AfInv16_29M	1009_AfInv16_29M	CCHMC	P14	0.944
Myeloid intermediate 2__1009_AfInv16_29M	1009_AfInv16_29M	CCHMC	P13	0.972
Myeloid intermediate 3__1009_AfInv16_29M	1009_AfInv16_29M	CCHMC	P8	0.951
Non-Classical Mono-2__1009_AfInv16_29M	1009_AfInv16_29M	CCHMC	P3	0.943
T CD4 Activated__1009_AfInv16_29M	1009_AfInv16_29M	CCHMC	P2	0.951
T CD4 Naive-1__1009_AfInv16_29M	1009_AfInv16_29M	CCHMC	P7	0.951
T CD8 Naive__1009_AfInv16_29M	1009_AfInv16_29M	CCHMC	P6	0.911
cDC1__1009_AfInv16_29M	1009_AfInv16_29M	CCHMC	P10	0.962
cDC2-1__1009_AfInv16_29M	1009_AfInv16_29M	CCHMC	P14	0.956
cDC2-2__1009_AfInv16_29M	1009_AfInv16_29M	CCHMC	P3	0.958
cMOP__1009_AfInv16_29M	1009_AfInv16_29M	CCHMC	P14	0.942
pre-DC-2__1009_AfInv16_29M	1009_AfInv16_29M	CCHMC	P13	0.959
preNeu__1009_AfInv16_29M	1009_AfInv16_29M	CCHMC	P13	0.964
B Memory-1__1036_EInv16_22M	1036_EInv16_22M	CCHMC	P0	0.928
CD4 TCM__1036_EInv16_22M	1036_EInv16_22M	CCHMC	P2	0.954
CD8 TEM__1036_EInv16_22M	1036_EInv16_22M	CCHMC	P2	0.944
Classical-Mono__1036_EInv16_22M	1036_EInv16_22M	CCHMC	P0	0.974
Intermediate Mono-1__1036_EInv16_22M	1036_EInv16_22M	CCHMC	P0	0.976
Intermediate Mono-2__1036_EInv16_22M	1036_EInv16_22M	CCHMC	P0	0.974
Intermediate Mono-3__1036_EInv16_22M	1036_EInv16_22M	CCHMC	P0	0.971
LMPP-1__1036_EInv16_22M	1036_EInv16_22M	CCHMC	P13	0.976
LMPP-1-cycling__1036_EInv16_22M	1036_EInv16_22M	CCHMC	P13	0.98
LMPP-2__1036_EInv16_22M	1036_EInv16_22M	CCHMC	P13	0.967
MAIT__1036_EInv16_22M	1036_EInv16_22M	CCHMC	P2	0.922
MDP-1__1036_EInv16_22M	1036_EInv16_22M	CCHMC	P13	0.933
MDP-2__1036_EInv16_22M	1036_EInv16_22M	CCHMC	P13	0.976
MDP-3__1036_EInv16_22M	1036_EInv16_22M	CCHMC	P13	0.939
MPP-1__1036_EInv16_22M	1036_EInv16_22M	CCHMC	P13	0.94
MPP-2__1036_EInv16_22M	1036_EInv16_22M	CCHMC	P8	0.925
MPP-MEP__1036_EInv16_22M	1036_EInv16_22M	CCHMC	P13	0.974
Mono-1__1036_EInv16_22M	1036_EInv16_22M	CCHMC	P13	0.978
Mono-2__1036_EInv16_22M	1036_EInv16_22M	CCHMC	P0	0.966
MultiLin-GMP-1__1036_EInv16_22M	1036_EInv16_22M	CCHMC	P13	0.981
MultiLin-GMP-2__1036_EInv16_22M	1036_EInv16_22M	CCHMC	P13	0.983
MultiLin-GMP-3__1036_EInv16_22M	1036_EInv16_22M	CCHMC	P13	0.976
Multilin-1__1036_EInv16_22M	1036_EInv16_22M	CCHMC	P13	0.976
Myeloid intermediate 1__1036_EInv16_22M	1036_EInv16_22M	CCHMC	P13	0.966
Myeloid intermediate 2__1036_EInv16_22M	1036_EInv16_22M	CCHMC	P13	0.982
Myeloid intermediate 3__1036_EInv16_22M	1036_EInv16_22M	CCHMC	P13	0.977
NK-Mature__1036_EInv16_22M	1036_EInv16_22M	CCHMC	P2	0.952
Non-Classical Mono-1__1036_EInv16_22M	1036_EInv16_22M	CCHMC	P2	0.833
Non-Classical Mono-2__1036_EInv16_22M	1036_EInv16_22M	CCHMC	P0	0.975
T CD4 Naive-1__1036_EInv16_22M	1036_EInv16_22M	CCHMC	P2	0.943
T CD8 Naive__1036_EInv16_22M	1036_EInv16_22M	CCHMC	P2	0.921
cDC1__1036_EInv16_22M	1036_EInv16_22M	CCHMC	P13	0.975
cDC2-1__1036_EInv16_22M	1036_EInv16_22M	CCHMC	P14	0.965
cDC2-2__1036_EInv16_22M	1036_EInv16_22M	CCHMC	P0	0.964
cMOP__1036_EInv16_22M	1036_EInv16_22M	CCHMC	P14	0.959
immNeu-1__1036_EInv16_22M	1036_EInv16_22M	CCHMC	P14	0.934
immNeu-2__1036_EInv16_22M	1036_EInv16_22M	CCHMC	P13	0.888
preNeu__1036_EInv16_22M	1036_EInv16_22M	CCHMC	P13	0.982
B Memory-1__1060_EInv16_19M	1060_EInv16_19M	CCHMC	P2	0.974
BMCP-1__1060_EInv16_19M	1060_EInv16_19M	CCHMC	P14	0.946
CD4 TCM__1060_EInv16_19M	1060_EInv16_19M	CCHMC	P2	0.964
Classical-Mono__1060_EInv16_19M	1060_EInv16_19M	CCHMC	P14	0.947
Intermediate Mono-1__1060_EInv16_19M	1060_EInv16_19M	CCHMC	P14	0.97
Intermediate Mono-2__1060_EInv16_19M	1060_EInv16_19M	CCHMC	P0	0.966
Intermediate Mono-3__1060_EInv16_19M	1060_EInv16_19M	CCHMC	P0	0.97
LMPP-1-cycling__1060_EInv16_19M	1060_EInv16_19M	CCHMC	P13	0.981
LMPP-2__1060_EInv16_19M	1060_EInv16_19M	CCHMC	P13	0.974
MAIT__1060_EInv16_19M	1060_EInv16_19M	CCHMC	P7	0.952
MDP-1__1060_EInv16_19M	1060_EInv16_19M	CCHMC	P13	0.97
MDP-2__1060_EInv16_19M	1060_EInv16_19M	CCHMC	P13	0.976
MEP-1__1060_EInv16_19M	1060_EInv16_19M	CCHMC	P13	0.97
MEP-2__1060_EInv16_19M	1060_EInv16_19M	CCHMC	P14	0.914
MPP-MEP__1060_EInv16_19M	1060_EInv16_19M	CCHMC	P13	0.971
Mono-1__1060_EInv16_19M	1060_EInv16_19M	CCHMC	P14	0.966
Mono-2__1060_EInv16_19M	1060_EInv16_19M	CCHMC	P14	0.967
MultiLin-GMP-1__1060_EInv16_19M	1060_EInv16_19M	CCHMC	P13	0.983
MultiLin-GMP-2__1060_EInv16_19M	1060_EInv16_19M	CCHMC	P13	0.981
MultiLin-GMP-3__1060_EInv16_19M	1060_EInv16_19M	CCHMC	P13	0.972
Multilin-1__1060_EInv16_19M	1060_EInv16_19M	CCHMC	P13	0.979
Myeloid intermediate 1__1060_EInv16_19M	1060_EInv16_19M	CCHMC	P14	0.96
Myeloid intermediate 2__1060_EInv16_19M	1060_EInv16_19M	CCHMC	P13	0.978
Myeloid intermediate 3__1060_EInv16_19M	1060_EInv16_19M	CCHMC	P14	0.967
NK-Mature__1060_EInv16_19M	1060_EInv16_19M	CCHMC	P7	0.948
Non-Classical Mono-2__1060_EInv16_19M	1060_EInv16_19M	CCHMC	P14	0.974
T CD4 Activated__1060_EInv16_19M	1060_EInv16_19M	CCHMC	P2	0.964
T CD4 Naive-1__1060_EInv16_19M	1060_EInv16_19M	CCHMC	P7	0.973
T CD8 Naive__1060_EInv16_19M	1060_EInv16_19M	CCHMC	P7	0.967
cDC1__1060_EInv16_19M	1060_EInv16_19M	CCHMC	P14	0.962
cDC2-1__1060_EInv16_19M	1060_EInv16_19M	CCHMC	P14	0.959
cDC2-2__1060_EInv16_19M	1060_EInv16_19M	CCHMC	P14	0.967
cMOP__1060_EInv16_19M	1060_EInv16_19M	CCHMC	P14	0.948
preNeu__1060_EInv16_19M	1060_EInv16_19M	CCHMC	P13	0.966
B Memory-1__1076_AfInv16_51M	1076_AfInv16_51M	CCHMC	P0	0.922
BMCP-1__1076_AfInv16_51M	1076_AfInv16_51M	CCHMC	P13	0.934
CD4 TCM__1076_AfInv16_51M	1076_AfInv16_51M	CCHMC	P3	0.958
CD8 TEM__1076_AfInv16_51M	1076_AfInv16_51M	CCHMC	P2	0.956
Classical-Mono__1076_AfInv16_51M	1076_AfInv16_51M	CCHMC	P0	0.904
ERP-8__1076_AfInv16_51M	1076_AfInv16_51M	CCHMC	P7	0.962
HSC-2__1076_AfInv16_51M	1076_AfInv16_51M	CCHMC	P14	0.936
Intermediate Mono-1__1076_AfInv16_51M	1076_AfInv16_51M	CCHMC	P0	0.955
Intermediate Mono-2__1076_AfInv16_51M	1076_AfInv16_51M	CCHMC	P0	0.947
Intermediate Mono-3__1076_AfInv16_51M	1076_AfInv16_51M	CCHMC	P0	0.955
LMPP-1-cycling__1076_AfInv16_51M	1076_AfInv16_51M	CCHMC	P13	0.977
LMPP-2__1076_AfInv16_51M	1076_AfInv16_51M	CCHMC	P13	0.972
MAIT__1076_AfInv16_51M	1076_AfInv16_51M	CCHMC	P2	0.957
MDP-1__1076_AfInv16_51M	1076_AfInv16_51M	CCHMC	P13	0.951
MDP-2__1076_AfInv16_51M	1076_AfInv16_51M	CCHMC	P13	0.97
MEP-2__1076_AfInv16_51M	1076_AfInv16_51M	CCHMC	P3	0.936
MEP-Eryth-2__1076_AfInv16_51M	1076_AfInv16_51M	CCHMC	P7	0.941
MPP-1__1076_AfInv16_51M	1076_AfInv16_51M	CCHMC	P13	0.957
MPP-MEP__1076_AfInv16_51M	1076_AfInv16_51M	CCHMC	P13	0.971
Mono-1__1076_AfInv16_51M	1076_AfInv16_51M	CCHMC	P13	0.964
Mono-2__1076_AfInv16_51M	1076_AfInv16_51M	CCHMC	P14	0.949
MultiLin-GMP-1__1076_AfInv16_51M	1076_AfInv16_51M	CCHMC	P13	0.975
MultiLin-GMP-2__1076_AfInv16_51M	1076_AfInv16_51M	CCHMC	P13	0.978
Multilin-1__1076_AfInv16_51M	1076_AfInv16_51M	CCHMC	P13	0.962
Myeloid intermediate 1__1076_AfInv16_51M	1076_AfInv16_51M	CCHMC	P13	0.968
Myeloid intermediate 2__1076_AfInv16_51M	1076_AfInv16_51M	CCHMC	P13	0.975
Myeloid intermediate 3__1076_AfInv16_51M	1076_AfInv16_51M	CCHMC	P13	0.971
NK-Mature__1076_AfInv16_51M	1076_AfInv16_51M	CCHMC	P2	0.94
Non-Classical Mono-2__1076_AfInv16_51M	1076_AfInv16_51M	CCHMC	P0	0.958
Plasma Cell__1076_AfInv16_51M	1076_AfInv16_51M	CCHMC	P8	0.917
T CD4 Activated__1076_AfInv16_51M	1076_AfInv16_51M	CCHMC	P2	0.935
T CD4 Naive-1__1076_AfInv16_51M	1076_AfInv16_51M	CCHMC	P3	0.891
cDC1__1076_AfInv16_51M	1076_AfInv16_51M	CCHMC	P13	0.97
cDC2-1__1076_AfInv16_51M	1076_AfInv16_51M	CCHMC	P14	0.949
cDC2-2__1076_AfInv16_51M	1076_AfInv16_51M	CCHMC	P0	0.953
cMOP__1076_AfInv16_51M	1076_AfInv16_51M	CCHMC	P14	0.92
pDC__1076_AfInv16_51M	1076_AfInv16_51M	CCHMC	P7	0.923
pre-DC-3__1076_AfInv16_51M	1076_AfInv16_51M	CCHMC	P13	0.953
preNeu__1076_AfInv16_51M	1076_AfInv16_51M	CCHMC	P13	0.975
BMCP-1__10DD-1002__Diagnosis	10DD-1002__Diagnosis	WashU	P8	0.929
CD4 TCM__10DD-1002__Diagnosis	10DD-1002__Diagnosis	WashU	P2	0.946
CD8 TEM__10DD-1002__Diagnosis	10DD-1002__Diagnosis	WashU	P2	0.95
Classical-Mono__10DD-1002__Diagnosis	10DD-1002__Diagnosis	WashU	P8	0.957
ERP-7__10DD-1002__Diagnosis	10DD-1002__Diagnosis	WashU	P6	0.936
ERP-8__10DD-1002__Diagnosis	10DD-1002__Diagnosis	WashU	P6	0.944
Erythroblast-3__10DD-1002__Diagnosis	10DD-1002__Diagnosis	WashU	P7	0.925
Intermediate Mono-1__10DD-1002__Diagnosis	10DD-1002__Diagnosis	WashU	P3	0.941
Intermediate Mono-2__10DD-1002__Diagnosis	10DD-1002__Diagnosis	WashU	P8	0.951
LMPP-1__10DD-1002__Diagnosis	10DD-1002__Diagnosis	WashU	P9	0.952
LMPP-1-cycling__10DD-1002__Diagnosis	10DD-1002__Diagnosis	WashU	P10	0.949
LMPP-2__10DD-1002__Diagnosis	10DD-1002__Diagnosis	WashU	P8	0.93
MAIT__10DD-1002__Diagnosis	10DD-1002__Diagnosis	WashU	P2	0.945
MDP-2__10DD-1002__Diagnosis	10DD-1002__Diagnosis	WashU	P1	0.945
MEP-1__10DD-1002__Diagnosis	10DD-1002__Diagnosis	WashU	P9	0.945
MEP-2__10DD-1002__Diagnosis	10DD-1002__Diagnosis	WashU	P8	0.947
MPP-1__10DD-1002__Diagnosis	10DD-1002__Diagnosis	WashU	P9	0.937
MPP-2__10DD-1002__Diagnosis	10DD-1002__Diagnosis	WashU	P9	0.951
MPP-MEP__10DD-1002__Diagnosis	10DD-1002__Diagnosis	WashU	P8	0.952
Mono-1__10DD-1002__Diagnosis	10DD-1002__Diagnosis	WashU	P8	0.896
Mono-2__10DD-1002__Diagnosis	10DD-1002__Diagnosis	WashU	P8	0.944
MultiLin-GMP-2__10DD-1002__Diagnosis	10DD-1002__Diagnosis	WashU	P8	0.952
MultiLin-GMP-3__10DD-1002__Diagnosis	10DD-1002__Diagnosis	WashU	P8	0.947
Multilin-1__10DD-1002__Diagnosis	10DD-1002__Diagnosis	WashU	P9	0.947
Multilin-2__10DD-1002__Diagnosis	10DD-1002__Diagnosis	WashU	P10	0.944
Myeloid intermediate 1__10DD-1002__Diagnosis	10DD-1002__Diagnosis	WashU	P8	0.926
Myeloid intermediate 2__10DD-1002__Diagnosis	10DD-1002__Diagnosis	WashU	P8	0.956
Myeloid intermediate 3__10DD-1002__Diagnosis	10DD-1002__Diagnosis	WashU	P8	0.947
NK-Mature__10DD-1002__Diagnosis	10DD-1002__Diagnosis	WashU	P2	0.953
Non-Classical Mono-2__10DD-1002__Diagnosis	10DD-1002__Diagnosis	WashU	P8	0.923
Plasma Cell__10DD-1002__Diagnosis	10DD-1002__Diagnosis	WashU	P8	0.93
T CD4 Naive-1__10DD-1002__Diagnosis	10DD-1002__Diagnosis	WashU	P2	0.95
T CD4 Naive-2__10DD-1002__Diagnosis	10DD-1002__Diagnosis	WashU	P2	0.954
T CD8 Naive__10DD-1002__Diagnosis	10DD-1002__Diagnosis	WashU	P1	0.943
cDC2-1__10DD-1002__Diagnosis	10DD-1002__Diagnosis	WashU	P8	0.937
immNeu-1__10DD-1002__Diagnosis	10DD-1002__Diagnosis	WashU	P8	0.902
pDC__10DD-1002__Diagnosis	10DD-1002__Diagnosis	WashU	P2	0.93
preNeu__10DD-1002__Diagnosis	10DD-1002__Diagnosis	WashU	P8	0.959
BMCP-1__10DD-1002__Treatment	10DD-1002__Treatment	WashU	P8	0.94
CD4 TCM__10DD-1002__Treatment	10DD-1002__Treatment	WashU	P8	0.935
CD8 TEM__10DD-1002__Treatment	10DD-1002__Treatment	WashU	P2	0.941
Classical-Mono__10DD-1002__Treatment	10DD-1002__Treatment	WashU	P8	0.948
Erythroblast-3__10DD-1002__Treatment	10DD-1002__Treatment	WashU	P2	0.89
Intermediate Mono-1__10DD-1002__Treatment	10DD-1002__Treatment	WashU	P8	0.94
Intermediate Mono-2__10DD-1002__Treatment	10DD-1002__Treatment	WashU	P8	0.949
LMPP-1__10DD-1002__Treatment	10DD-1002__Treatment	WashU	P6	0.938
LMPP-1-cycling__10DD-1002__Treatment	10DD-1002__Treatment	WashU	P9	0.943
LMPP-2__10DD-1002__Treatment	10DD-1002__Treatment	WashU	P8	0.917
MAIT__10DD-1002__Treatment	10DD-1002__Treatment	WashU	P2	0.94
MDP-2__10DD-1002__Treatment	10DD-1002__Treatment	WashU	P1	0.937
MEP-1__10DD-1002__Treatment	10DD-1002__Treatment	WashU	P8	0.943
MEP-2__10DD-1002__Treatment	10DD-1002__Treatment	WashU	P8	0.938
MEP-Eryth-2__10DD-1002__Treatment	10DD-1002__Treatment	WashU	P8	0.935
MPP-1__10DD-1002__Treatment	10DD-1002__Treatment	WashU	P8	0.927
MPP-2__10DD-1002__Treatment	10DD-1002__Treatment	WashU	P9	0.936
MPP-MEP__10DD-1002__Treatment	10DD-1002__Treatment	WashU	P8	0.946
Mono-1__10DD-1002__Treatment	10DD-1002__Treatment	WashU	P8	0.922
Mono-2__10DD-1002__Treatment	10DD-1002__Treatment	WashU	P8	0.938
MultiLin-GMP-2__10DD-1002__Treatment	10DD-1002__Treatment	WashU	P8	0.947
MultiLin-GMP-3__10DD-1002__Treatment	10DD-1002__Treatment	WashU	P8	0.946
Multilin-1__10DD-1002__Treatment	10DD-1002__Treatment	WashU	P9	0.941
Multilin-2__10DD-1002__Treatment	10DD-1002__Treatment	WashU	P8	0.936
Myeloid intermediate 1__10DD-1002__Treatment	10DD-1002__Treatment	WashU	P8	0.934
Myeloid intermediate 2__10DD-1002__Treatment	10DD-1002__Treatment	WashU	P8	0.948
Myeloid intermediate 3__10DD-1002__Treatment	10DD-1002__Treatment	WashU	P8	0.948
NK-Mature__10DD-1002__Treatment	10DD-1002__Treatment	WashU	P2	0.944
Non-Classical Mono-2__10DD-1002__Treatment	10DD-1002__Treatment	WashU	P8	0.935
T CD4 Naive-1__10DD-1002__Treatment	10DD-1002__Treatment	WashU	P2	0.938
T CD4 Naive-2__10DD-1002__Treatment	10DD-1002__Treatment	WashU	P2	0.944
T CD8 Naive__10DD-1002__Treatment	10DD-1002__Treatment	WashU	P8	0.931
cDC2-1__10DD-1002__Treatment	10DD-1002__Treatment	WashU	P8	0.939
immNeu-1__10DD-1002__Treatment	10DD-1002__Treatment	WashU	P8	0.917
preNeu__10DD-1002__Treatment	10DD-1002__Treatment	WashU	P8	0.952
CD4 TCM__10DD-1003__Diagnosis	10DD-1003__Diagnosis	WashU	P2	0.974
CD8 TEM__10DD-1003__Diagnosis	10DD-1003__Diagnosis	WashU	P2	0.975
Classical-Mono__10DD-1003__Diagnosis	10DD-1003__Diagnosis	WashU	P7	0.968
Intermediate Mono-1__10DD-1003__Diagnosis	10DD-1003__Diagnosis	WashU	P8	0.922
Intermediate Mono-2__10DD-1003__Diagnosis	10DD-1003__Diagnosis	WashU	P2	0.968
Intermediate Mono-3__10DD-1003__Diagnosis	10DD-1003__Diagnosis	WashU	P2	0.933
LMPP-1__10DD-1003__Diagnosis	10DD-1003__Diagnosis	WashU	P6	0.982
LMPP-1-cycling__10DD-1003__Diagnosis	10DD-1003__Diagnosis	WashU	P8	0.972
LMPP-2__10DD-1003__Diagnosis	10DD-1003__Diagnosis	WashU	P8	0.902
MAIT__10DD-1003__Diagnosis	10DD-1003__Diagnosis	WashU	P2	0.965
MEP-2__10DD-1003__Diagnosis	10DD-1003__Diagnosis	WashU	P6	0.973
MPP-1__10DD-1003__Diagnosis	10DD-1003__Diagnosis	WashU	P8	0.939
MPP-2__10DD-1003__Diagnosis	10DD-1003__Diagnosis	WashU	P6	0.98
MPP-MEP__10DD-1003__Diagnosis	10DD-1003__Diagnosis	WashU	P8	0.977
Mono-2__10DD-1003__Diagnosis	10DD-1003__Diagnosis	WashU	P2	0.956
MultiLin-GMP-2__10DD-1003__Diagnosis	10DD-1003__Diagnosis	WashU	P7	0.979
MultiLin-GMP-3__10DD-1003__Diagnosis	10DD-1003__Diagnosis	WashU	P7	0.98
Multilin-1__10DD-1003__Diagnosis	10DD-1003__Diagnosis	WashU	P7	0.974
Multilin-2__10DD-1003__Diagnosis	10DD-1003__Diagnosis	WashU	P10	0.962
NK-Mature__10DD-1003__Diagnosis	10DD-1003__Diagnosis	WashU	P2	0.979
Non-Classical Mono-2__10DD-1003__Diagnosis	10DD-1003__Diagnosis	WashU	P8	0.946
T CD4 Naive-1__10DD-1003__Diagnosis	10DD-1003__Diagnosis	WashU	P8	0.951
T CD4 Naive-2__10DD-1003__Diagnosis	10DD-1003__Diagnosis	WashU	P2	0.98
T CD8 Naive__10DD-1003__Diagnosis	10DD-1003__Diagnosis	WashU	P2	0.962
cDC2-1__10DD-1003__Diagnosis	10DD-1003__Diagnosis	WashU	P6	0.954
preNeu__10DD-1003__Diagnosis	10DD-1003__Diagnosis	WashU	P7	0.968
B Memory-2__10DD-1003__Relapse	10DD-1003__Relapse	WashU	P2	0.969
BMCP-1__10DD-1003__Relapse	10DD-1003__Relapse	WashU	P10	0.968
CD4 TCM__10DD-1003__Relapse	10DD-1003__Relapse	WashU	P2	0.975
CD8 TEM__10DD-1003__Relapse	10DD-1003__Relapse	WashU	P2	0.964
Classical-Mono__10DD-1003__Relapse	10DD-1003__Relapse	WashU	P2	0.974
ERP-1__10DD-1003__Relapse	10DD-1003__Relapse	WashU	P6	0.972
ERP-2__10DD-1003__Relapse	10DD-1003__Relapse	WashU	P2	0.976
ERP-3__10DD-1003__Relapse	10DD-1003__Relapse	WashU	P7	0.979
ERP-5__10DD-1003__Relapse	10DD-1003__Relapse	WashU	P7	0.971
ERP-7__10DD-1003__Relapse	10DD-1003__Relapse	WashU	P7	0.972
ERP-8__10DD-1003__Relapse	10DD-1003__Relapse	WashU	P7	0.968
Erythroblast-3__10DD-1003__Relapse	10DD-1003__Relapse	WashU	P6	0.955
Intermediate Mono-2__10DD-1003__Relapse	10DD-1003__Relapse	WashU	P2	0.972
Intermediate Mono-3__10DD-1003__Relapse	10DD-1003__Relapse	WashU	P2	0.933
LMPP-1__10DD-1003__Relapse	10DD-1003__Relapse	WashU	P6	0.986
LMPP-1-cycling__10DD-1003__Relapse	10DD-1003__Relapse	WashU	P10	0.977
MAIT__10DD-1003__Relapse	10DD-1003__Relapse	WashU	P2	0.962
MDP-2__10DD-1003__Relapse	10DD-1003__Relapse	WashU	P6	0.966
MEP-1__10DD-1003__Relapse	10DD-1003__Relapse	WashU	P7	0.982
MEP-2__10DD-1003__Relapse	10DD-1003__Relapse	WashU	P2	0.976
MEP-Eryth-1__10DD-1003__Relapse	10DD-1003__Relapse	WashU	P7	0.971
MEP-Eryth-2__10DD-1003__Relapse	10DD-1003__Relapse	WashU	P2	0.98
MPP-2__10DD-1003__Relapse	10DD-1003__Relapse	WashU	P6	0.981
MPP-MEP__10DD-1003__Relapse	10DD-1003__Relapse	WashU	P2	0.981
Mono-2__10DD-1003__Relapse	10DD-1003__Relapse	WashU	P2	0.963
MultiLin-GMP-2__10DD-1003__Relapse	10DD-1003__Relapse	WashU	P7	0.984
MultiLin-GMP-3__10DD-1003__Relapse	10DD-1003__Relapse	WashU	P7	0.984
Multilin-1__10DD-1003__Relapse	10DD-1003__Relapse	WashU	P7	0.98
Multilin-2__10DD-1003__Relapse	10DD-1003__Relapse	WashU	P7	0.964
Myeloid intermediate 1__10DD-1003__Relapse	10DD-1003__Relapse	WashU	P2	0.962
Myeloid intermediate 3__10DD-1003__Relapse	10DD-1003__Relapse	WashU	P2	0.963
NK-Mature__10DD-1003__Relapse	10DD-1003__Relapse	WashU	P2	0.972
Non-Classical Mono-2__10DD-1003__Relapse	10DD-1003__Relapse	WashU	P2	0.968
T CD4 Naive-1__10DD-1003__Relapse	10DD-1003__Relapse	WashU	P8	0.963
T CD4 Naive-2__10DD-1003__Relapse	10DD-1003__Relapse	WashU	P2	0.979
T CD8 Naive__10DD-1003__Relapse	10DD-1003__Relapse	WashU	P2	0.965
cDC1__10DD-1003__Relapse	10DD-1003__Relapse	WashU	P10	0.969
cDC2-1__10DD-1003__Relapse	10DD-1003__Relapse	WashU	P2	0.96
immNeu-1__10DD-1003__Relapse	10DD-1003__Relapse	WashU	P2	0.972
preNeu__10DD-1003__Relapse	10DD-1003__Relapse	WashU	P2	0.981
B Memory-1__10DD-1009__Diagnosis	10DD-1009__Diagnosis	WashU	P1	0.946
B Memory-2__10DD-1009__Diagnosis	10DD-1009__Diagnosis	WashU	P1	0.969
BMCP-1__10DD-1009__Diagnosis	10DD-1009__Diagnosis	WashU	P10	0.94
CD4 TCM__10DD-1009__Diagnosis	10DD-1009__Diagnosis	WashU	P6	0.979
CD8 TEM__10DD-1009__Diagnosis	10DD-1009__Diagnosis	WashU	P2	0.971
Classical-Mono__10DD-1009__Diagnosis	10DD-1009__Diagnosis	WashU	P7	0.932
Erythroblast-3__10DD-1009__Diagnosis	10DD-1009__Diagnosis	WashU	P7	0.925
Intermediate Mono-2__10DD-1009__Diagnosis	10DD-1009__Diagnosis	WashU	P1	0.974
LMPP-1__10DD-1009__Diagnosis	10DD-1009__Diagnosis	WashU	P10	0.979
LMPP-1-cycling__10DD-1009__Diagnosis	10DD-1009__Diagnosis	WashU	P10	0.97
LMPP-2__10DD-1009__Diagnosis	10DD-1009__Diagnosis	WashU	P8	0.902
MAIT__10DD-1009__Diagnosis	10DD-1009__Diagnosis	WashU	P2	0.974
MDP-2__10DD-1009__Diagnosis	10DD-1009__Diagnosis	WashU	P10	0.958
MEP-1__10DD-1009__Diagnosis	10DD-1009__Diagnosis	WashU	P10	0.968
MEP-2__10DD-1009__Diagnosis	10DD-1009__Diagnosis	WashU	P10	0.952
MEP-Eryth-2__10DD-1009__Diagnosis	10DD-1009__Diagnosis	WashU	P10	0.963
MPP-MEP__10DD-1009__Diagnosis	10DD-1009__Diagnosis	WashU	P10	0.971
Mono-1__10DD-1009__Diagnosis	10DD-1009__Diagnosis	WashU	P10	0.951
Mono-2__10DD-1009__Diagnosis	10DD-1009__Diagnosis	WashU	P10	0.955
MultiLin-GMP-2__10DD-1009__Diagnosis	10DD-1009__Diagnosis	WashU	P10	0.983
MultiLin-GMP-3__10DD-1009__Diagnosis	10DD-1009__Diagnosis	WashU	P10	0.977
Multilin-1__10DD-1009__Diagnosis	10DD-1009__Diagnosis	WashU	P10	0.974
Multilin-2__10DD-1009__Diagnosis	10DD-1009__Diagnosis	WashU	P10	0.97
Myeloid intermediate 1__10DD-1009__Diagnosis	10DD-1009__Diagnosis	WashU	P10	0.959
Myeloid intermediate 2__10DD-1009__Diagnosis	10DD-1009__Diagnosis	WashU	P10	0.965
Myeloid intermediate 3__10DD-1009__Diagnosis	10DD-1009__Diagnosis	WashU	P10	0.96
NK-Mature__10DD-1009__Diagnosis	10DD-1009__Diagnosis	WashU	P2	0.98
Non-Classical Mono-2__10DD-1009__Diagnosis	10DD-1009__Diagnosis	WashU	P1	0.976
Plasma Cell__10DD-1009__Diagnosis	10DD-1009__Diagnosis	WashU	P14	0.927
Pro-B-cycling-1__10DD-1009__Diagnosis	10DD-1009__Diagnosis	WashU	P10	0.928
T CD4 Naive-1__10DD-1009__Diagnosis	10DD-1009__Diagnosis	WashU	P8	0.959
T CD4 Naive-2__10DD-1009__Diagnosis	10DD-1009__Diagnosis	WashU	P2	0.973
T CD8 Naive__10DD-1009__Diagnosis	10DD-1009__Diagnosis	WashU	P1	0.954
cDC2-1__10DD-1009__Diagnosis	10DD-1009__Diagnosis	WashU	P1	0.97
preNeu__10DD-1009__Diagnosis	10DD-1009__Diagnosis	WashU	P10	0.975
B Memory-2__10DD-1009__Relapse	10DD-1009__Relapse	WashU	P1	0.929
BMCP-1__10DD-1009__Relapse	10DD-1009__Relapse	WashU	P10	0.924
CD4 TCM__10DD-1009__Relapse	10DD-1009__Relapse	WashU	P8	0.956
CD8 TEM__10DD-1009__Relapse	10DD-1009__Relapse	WashU	P2	0.955
CLP__10DD-1009__Relapse	10DD-1009__Relapse	WashU	P10	0.923
LMPP-1__10DD-1009__Relapse	10DD-1009__Relapse	WashU	P10	0.972
LMPP-1-cycling__10DD-1009__Relapse	10DD-1009__Relapse	WashU	P10	0.964
LMPP-2__10DD-1009__Relapse	10DD-1009__Relapse	WashU	P8	0.871
MAIT__10DD-1009__Relapse	10DD-1009__Relapse	WashU	P1	0.952
MDP-2__10DD-1009__Relapse	10DD-1009__Relapse	WashU	P10	0.947
MEP-1__10DD-1009__Relapse	10DD-1009__Relapse	WashU	P10	0.961
MEP-2__10DD-1009__Relapse	10DD-1009__Relapse	WashU	P10	0.937
MEP-Eryth-2__10DD-1009__Relapse	10DD-1009__Relapse	WashU	P10	0.958
MPP-MEP__10DD-1009__Relapse	10DD-1009__Relapse	WashU	P10	0.964
Mono-1__10DD-1009__Relapse	10DD-1009__Relapse	WashU	P10	0.928
MultiLin-GMP-2__10DD-1009__Relapse	10DD-1009__Relapse	WashU	P10	0.98
MultiLin-GMP-3__10DD-1009__Relapse	10DD-1009__Relapse	WashU	P10	0.974
Multilin-1__10DD-1009__Relapse	10DD-1009__Relapse	WashU	P10	0.968
Multilin-2__10DD-1009__Relapse	10DD-1009__Relapse	WashU	P10	0.957
Myeloid intermediate 1__10DD-1009__Relapse	10DD-1009__Relapse	WashU	P10	0.952
Myeloid intermediate 2__10DD-1009__Relapse	10DD-1009__Relapse	WashU	P10	0.958
Myeloid intermediate 3__10DD-1009__Relapse	10DD-1009__Relapse	WashU	P10	0.945
NK-Mature__10DD-1009__Relapse	10DD-1009__Relapse	WashU	P2	0.968
T CD4 Naive-1__10DD-1009__Relapse	10DD-1009__Relapse	WashU	P8	0.86
preNeu__10DD-1009__Relapse	10DD-1009__Relapse	WashU	P10	0.974
CD4 TCM__10DD-1010__Diagnosis	10DD-1010__Diagnosis	WashU	P6	0.981
CD8 TEM__10DD-1010__Diagnosis	10DD-1010__Diagnosis	WashU	P7	0.979
Classical-Mono__10DD-1010__Diagnosis	10DD-1010__Diagnosis	WashU	P6	0.963
Erythroblast-3__10DD-1010__Diagnosis	10DD-1010__Diagnosis	WashU	P7	0.926
Intermediate Mono-1__10DD-1010__Diagnosis	10DD-1010__Diagnosis	WashU	P1	0.929
Intermediate Mono-2__10DD-1010__Diagnosis	10DD-1010__Diagnosis	WashU	P7	0.963
LMPP-1__10DD-1010__Diagnosis	10DD-1010__Diagnosis	WashU	P9	0.986
LMPP-1-cycling__10DD-1010__Diagnosis	10DD-1010__Diagnosis	WashU	P8	0.961
LMPP-2__10DD-1010__Diagnosis	10DD-1010__Diagnosis	WashU	P8	0.956
MAIT__10DD-1010__Diagnosis	10DD-1010__Diagnosis	WashU	P6	0.96
MDP-2__10DD-1010__Diagnosis	10DD-1010__Diagnosis	WashU	P5	0.954
MEP-2__10DD-1010__Diagnosis	10DD-1010__Diagnosis	WashU	P8	0.937
MPP-2__10DD-1010__Diagnosis	10DD-1010__Diagnosis	WashU	P9	0.966
MPP-MEP__10DD-1010__Diagnosis	10DD-1010__Diagnosis	WashU	P8	0.963
Mono-1__10DD-1010__Diagnosis	10DD-1010__Diagnosis	WashU	P6	0.952
Mono-2__10DD-1010__Diagnosis	10DD-1010__Diagnosis	WashU	P6	0.96
MultiLin-GMP-2__10DD-1010__Diagnosis	10DD-1010__Diagnosis	WashU	P10	0.979
MultiLin-GMP-3__10DD-1010__Diagnosis	10DD-1010__Diagnosis	WashU	P6	0.979
Multilin-1__10DD-1010__Diagnosis	10DD-1010__Diagnosis	WashU	P9	0.981
Multilin-2__10DD-1010__Diagnosis	10DD-1010__Diagnosis	WashU	P9	0.976
Myeloid intermediate 1__10DD-1010__Diagnosis	10DD-1010__Diagnosis	WashU	P1	0.967
Myeloid intermediate 2__10DD-1010__Diagnosis	10DD-1010__Diagnosis	WashU	P1	0.973
Myeloid intermediate 3__10DD-1010__Diagnosis	10DD-1010__Diagnosis	WashU	P1	0.968
NK-Mature__10DD-1010__Diagnosis	10DD-1010__Diagnosis	WashU	P7	0.957
T CD4 Naive-1__10DD-1010__Diagnosis	10DD-1010__Diagnosis	WashU	P6	0.953
T CD4 Naive-2__10DD-1010__Diagnosis	10DD-1010__Diagnosis	WashU	P7	0.979
T CD8 Naive__10DD-1010__Diagnosis	10DD-1010__Diagnosis	WashU	P7	0.956
cDC2-1__10DD-1010__Diagnosis	10DD-1010__Diagnosis	WashU	P5	0.956
preNeu__10DD-1010__Diagnosis	10DD-1010__Diagnosis	WashU	P14	0.967
CD4 TCM__10DD-1010__Relapse	10DD-1010__Relapse	WashU	P7	0.989
CD8 TEM__10DD-1010__Relapse	10DD-1010__Relapse	WashU	P7	0.986
Classical-Mono__10DD-1010__Relapse	10DD-1010__Relapse	WashU	P7	0.971
ERP-3__10DD-1010__Relapse	10DD-1010__Relapse	WashU	P7	0.979
ERP-5__10DD-1010__Relapse	10DD-1010__Relapse	WashU	P7	0.981
ERP-7__10DD-1010__Relapse	10DD-1010__Relapse	WashU	P7	0.983
ERP-8__10DD-1010__Relapse	10DD-1010__Relapse	WashU	P7	0.981
Erythroblast-3__10DD-1010__Relapse	10DD-1010__Relapse	WashU	P7	0.914
HSC-2__10DD-1010__Relapse	10DD-1010__Relapse	WashU	P6	0.982
Intermediate Mono-1__10DD-1010__Relapse	10DD-1010__Relapse	WashU	P7	0.944
Intermediate Mono-2__10DD-1010__Relapse	10DD-1010__Relapse	WashU	P1	0.972
LMPP-1__10DD-1010__Relapse	10DD-1010__Relapse	WashU	P9	0.982
LMPP-1-cycling__10DD-1010__Relapse	10DD-1010__Relapse	WashU	P8	0.977
MAIT__10DD-1010__Relapse	10DD-1010__Relapse	WashU	P2	0.981
MEP-1__10DD-1010__Relapse	10DD-1010__Relapse	WashU	P7	0.979
MEP-2__10DD-1010__Relapse	10DD-1010__Relapse	WashU	P6	0.98
MEP-Eryth-1__10DD-1010__Relapse	10DD-1010__Relapse	WashU	P7	0.974
MEP-Eryth-2__10DD-1010__Relapse	10DD-1010__Relapse	WashU	P6	0.972
MKP-early__10DD-1010__Relapse	10DD-1010__Relapse	WashU	P7	0.982
MPP-1__10DD-1010__Relapse	10DD-1010__Relapse	WashU	P6	0.978
MPP-2__10DD-1010__Relapse	10DD-1010__Relapse	WashU	P6	0.981
MPP-MEP__10DD-1010__Relapse	10DD-1010__Relapse	WashU	P8	0.979
Mono-1__10DD-1010__Relapse	10DD-1010__Relapse	WashU	P1	0.94
Mono-2__10DD-1010__Relapse	10DD-1010__Relapse	WashU	P6	0.954
MultiLin-GMP-2__10DD-1010__Relapse	10DD-1010__Relapse	WashU	P8	0.982
MultiLin-GMP-3__10DD-1010__Relapse	10DD-1010__Relapse	WashU	P6	0.979
Multilin-1__10DD-1010__Relapse	10DD-1010__Relapse	WashU	P9	0.983
Multilin-2__10DD-1010__Relapse	10DD-1010__Relapse	WashU	P8	0.973
Myeloid intermediate 1__10DD-1010__Relapse	10DD-1010__Relapse	WashU	P1	0.961
Myeloid intermediate 2__10DD-1010__Relapse	10DD-1010__Relapse	WashU	P1	0.961
Myeloid intermediate 3__10DD-1010__Relapse	10DD-1010__Relapse	WashU	P1	0.967
NK-Mature__10DD-1010__Relapse	10DD-1010__Relapse	WashU	P7	0.984
Non-Classical Mono-2__10DD-1010__Relapse	10DD-1010__Relapse	WashU	P1	0.968
T CD4 Naive-1__10DD-1010__Relapse	10DD-1010__Relapse	WashU	P7	0.981
T CD4 Naive-2__10DD-1010__Relapse	10DD-1010__Relapse	WashU	P7	0.985
T CD8 Naive__10DD-1010__Relapse	10DD-1010__Relapse	WashU	P7	0.982
pDC__10DD-1010__Relapse	10DD-1010__Relapse	WashU	P7	0.938
preNeu__10DD-1010__Relapse	10DD-1010__Relapse	WashU	P1	0.981
B Memory-2__10DD-1014__Diagnosis	10DD-1014__Diagnosis	WashU	P6	0.961
CD4 TCM__10DD-1014__Diagnosis	10DD-1014__Diagnosis	WashU	P2	0.979
CD8 TEM__10DD-1014__Diagnosis	10DD-1014__Diagnosis	WashU	P6	0.974
Classical-Mono__10DD-1014__Diagnosis	10DD-1014__Diagnosis	WashU	P8	0.962
ERP-5__10DD-1014__Diagnosis	10DD-1014__Diagnosis	WashU	P6	0.965
ERP-7__10DD-1014__Diagnosis	10DD-1014__Diagnosis	WashU	P6	0.966
ERP-8__10DD-1014__Diagnosis	10DD-1014__Diagnosis	WashU	P6	0.959
Erythroblast-3__10DD-1014__Diagnosis	10DD-1014__Diagnosis	WashU	P7	0.933
Intermediate Mono-1__10DD-1014__Diagnosis	10DD-1014__Diagnosis	WashU	P8	0.952
Intermediate Mono-2__10DD-1014__Diagnosis	10DD-1014__Diagnosis	WashU	P8	0.962
LMPP-1__10DD-1014__Diagnosis	10DD-1014__Diagnosis	WashU	P8	0.971
LMPP-1-cycling__10DD-1014__Diagnosis	10DD-1014__Diagnosis	WashU	P8	0.957
MAIT__10DD-1014__Diagnosis	10DD-1014__Diagnosis	WashU	P2	0.962
MEP-1__10DD-1014__Diagnosis	10DD-1014__Diagnosis	WashU	P6	0.96
MEP-2__10DD-1014__Diagnosis	10DD-1014__Diagnosis	WashU	P6	0.968
MEP-Eryth-1__10DD-1014__Diagnosis	10DD-1014__Diagnosis	WashU	P8	0.943
MEP-Eryth-2__10DD-1014__Diagnosis	10DD-1014__Diagnosis	WashU	P6	0.952
MPP-MEP__10DD-1014__Diagnosis	10DD-1014__Diagnosis	WashU	P8	0.953
Mono-2__10DD-1014__Diagnosis	10DD-1014__Diagnosis	WashU	P8	0.945
NK-Mature__10DD-1014__Diagnosis	10DD-1014__Diagnosis	WashU	P8	0.986
Non-Classical Mono-2__10DD-1014__Diagnosis	10DD-1014__Diagnosis	WashU	P8	0.902
T CD4 Naive-1__10DD-1014__Diagnosis	10DD-1014__Diagnosis	WashU	P8	0.974
T CD4 Naive-2__10DD-1014__Diagnosis	10DD-1014__Diagnosis	WashU	P6	0.975
T CD8 Naive__10DD-1014__Diagnosis	10DD-1014__Diagnosis	WashU	P8	0.961
B Memory-2__10DD-1014__Treatment	10DD-1014__Treatment	WashU	P6	0.96
CD4 TCM__10DD-1014__Treatment	10DD-1014__Treatment	WashU	P6	0.973
CD8 TEM__10DD-1014__Treatment	10DD-1014__Treatment	WashU	P8	0.972
Classical-Mono__10DD-1014__Treatment	10DD-1014__Treatment	WashU	P8	0.963
Intermediate Mono-1__10DD-1014__Treatment	10DD-1014__Treatment	WashU	P8	0.948
Intermediate Mono-2__10DD-1014__Treatment	10DD-1014__Treatment	WashU	P8	0.961
LMPP-1__10DD-1014__Treatment	10DD-1014__Treatment	WashU	P8	0.97
LMPP-1-cycling__10DD-1014__Treatment	10DD-1014__Treatment	WashU	P8	0.958
MAIT__10DD-1014__Treatment	10DD-1014__Treatment	WashU	P8	0.961
MEP-1__10DD-1014__Treatment	10DD-1014__Treatment	WashU	P6	0.963
MKP-early__10DD-1014__Treatment	10DD-1014__Treatment	WashU	P8	0.947
MPP-MEP__10DD-1014__Treatment	10DD-1014__Treatment	WashU	P8	0.943
Mono-2__10DD-1014__Treatment	10DD-1014__Treatment	WashU	P8	0.947
MultiLin-GMP-2__10DD-1014__Treatment	10DD-1014__Treatment	WashU	P8	0.953
NK-Mature__10DD-1014__Treatment	10DD-1014__Treatment	WashU	P8	0.983
Plasma Cell__10DD-1014__Treatment	10DD-1014__Treatment	WashU	P14	0.904
T CD4 Naive-1__10DD-1014__Treatment	10DD-1014__Treatment	WashU	P6	0.979
T CD4 Naive-2__10DD-1014__Treatment	10DD-1014__Treatment	WashU	P6	0.977
T CD8 Naive__10DD-1014__Treatment	10DD-1014__Treatment	WashU	P8	0.958
cDC2-1__10DD-1014__Treatment	10DD-1014__Treatment	WashU	P8	0.946
immNeu-1__10DD-1014__Treatment	10DD-1014__Treatment	WashU	P8	0.901
preNeu__10DD-1014__Treatment	10DD-1014__Treatment	WashU	P8	0.955
B Memory-1__10DD-1051__Diagnosis	10DD-1051__Diagnosis	WashU	P6	0.94
B Memory-2__10DD-1051__Diagnosis	10DD-1051__Diagnosis	WashU	P6	0.937
BMCP-1__10DD-1051__Diagnosis	10DD-1051__Diagnosis	WashU	P1	0.887
CD4 TCM__10DD-1051__Diagnosis	10DD-1051__Diagnosis	WashU	P6	0.977
CD8 TEM__10DD-1051__Diagnosis	10DD-1051__Diagnosis	WashU	P6	0.971
Classical-Mono__10DD-1051__Diagnosis	10DD-1051__Diagnosis	WashU	P5	0.973
Erythroblast-3__10DD-1051__Diagnosis	10DD-1051__Diagnosis	WashU	P7	0.889
Intermediate Mono-1__10DD-1051__Diagnosis	10DD-1051__Diagnosis	WashU	P5	0.96
Intermediate Mono-2__10DD-1051__Diagnosis	10DD-1051__Diagnosis	WashU	P14	0.978
LMPP-1__10DD-1051__Diagnosis	10DD-1051__Diagnosis	WashU	P9	0.957
MAIT__10DD-1051__Diagnosis	10DD-1051__Diagnosis	WashU	P6	0.969
MEP-2__10DD-1051__Diagnosis	10DD-1051__Diagnosis	WashU	P1	0.955
MKP-early__10DD-1051__Diagnosis	10DD-1051__Diagnosis	WashU	P1	0.959
MPP-MEP__10DD-1051__Diagnosis	10DD-1051__Diagnosis	WashU	P8	0.959
Mono-1__10DD-1051__Diagnosis	10DD-1051__Diagnosis	WashU	P8	0.938
Mono-2__10DD-1051__Diagnosis	10DD-1051__Diagnosis	WashU	P8	0.953
MultiLin-GMP-2__10DD-1051__Diagnosis	10DD-1051__Diagnosis	WashU	P8	0.968
MultiLin-GMP-3__10DD-1051__Diagnosis	10DD-1051__Diagnosis	WashU	P8	0.961
Multilin-1__10DD-1051__Diagnosis	10DD-1051__Diagnosis	WashU	P8	0.953
Myeloid intermediate 1__10DD-1051__Diagnosis	10DD-1051__Diagnosis	WashU	P8	0.951
Myeloid intermediate 3__10DD-1051__Diagnosis	10DD-1051__Diagnosis	WashU	P8	0.936
NK-Mature__10DD-1051__Diagnosis	10DD-1051__Diagnosis	WashU	P2	0.974
Non-Classical Mono-2__10DD-1051__Diagnosis	10DD-1051__Diagnosis	WashU	P8	0.96
T CD4 Naive-1__10DD-1051__Diagnosis	10DD-1051__Diagnosis	WashU	P6	0.964
T CD4 Naive-2__10DD-1051__Diagnosis	10DD-1051__Diagnosis	WashU	P6	0.975
T CD8 Naive__10DD-1051__Diagnosis	10DD-1051__Diagnosis	WashU	P6	0.964
cDC2-1__10DD-1051__Diagnosis	10DD-1051__Diagnosis	WashU	P14	0.961
immNeu-1__10DD-1051__Diagnosis	10DD-1051__Diagnosis	WashU	P5	0.93
preNeu__10DD-1051__Diagnosis	10DD-1051__Diagnosis	WashU	P8	0.967
B Memory-1__10DD-1051__Treatment	10DD-1051__Treatment	WashU	P8	0.957
B Memory-2__10DD-1051__Treatment	10DD-1051__Treatment	WashU	P6	0.976
BMCP-1__10DD-1051__Treatment	10DD-1051__Treatment	WashU	P1	0.911
CD4 TCM__10DD-1051__Treatment	10DD-1051__Treatment	WashU	P2	0.982
CD8 TEM__10DD-1051__Treatment	10DD-1051__Treatment	WashU	P2	0.979
Classical-Mono__10DD-1051__Treatment	10DD-1051__Treatment	WashU	P8	0.975
Intermediate Mono-1__10DD-1051__Treatment	10DD-1051__Treatment	WashU	P14	0.95
Intermediate Mono-2__10DD-1051__Treatment	10DD-1051__Treatment	WashU	P8	0.977
MAIT__10DD-1051__Treatment	10DD-1051__Treatment	WashU	P2	0.963
MDP-2__10DD-1051__Treatment	10DD-1051__Treatment	WashU	P6	0.905
MEP-1__10DD-1051__Treatment	10DD-1051__Treatment	WashU	P7	0.913
MEP-2__10DD-1051__Treatment	10DD-1051__Treatment	WashU	P9	0.961
MKP-early__10DD-1051__Treatment	10DD-1051__Treatment	WashU	P9	0.952
MPP-MEP__10DD-1051__Treatment	10DD-1051__Treatment	WashU	P9	0.961
Mono-2__10DD-1051__Treatment	10DD-1051__Treatment	WashU	P8	0.936
MultiLin-GMP-2__10DD-1051__Treatment	10DD-1051__Treatment	WashU	P15	0.949
MultiLin-GMP-3__10DD-1051__Treatment	10DD-1051__Treatment	WashU	P8	0.924
Multilin-1__10DD-1051__Treatment	10DD-1051__Treatment	WashU	P15	0.926
Myeloid intermediate 1__10DD-1051__Treatment	10DD-1051__Treatment	WashU	P5	0.927
NK-Mature__10DD-1051__Treatment	10DD-1051__Treatment	WashU	P2	0.985
Non-Classical Mono-2__10DD-1051__Treatment	10DD-1051__Treatment	WashU	P8	0.963
T CD4 Naive-1__10DD-1051__Treatment	10DD-1051__Treatment	WashU	P2	0.979
T CD4 Naive-2__10DD-1051__Treatment	10DD-1051__Treatment	WashU	P2	0.985
T CD8 Naive__10DD-1051__Treatment	10DD-1051__Treatment	WashU	P2	0.979
immNeu-1__10DD-1051__Treatment	10DD-1051__Treatment	WashU	P9	0.937
preNeu__10DD-1051__Treatment	10DD-1051__Treatment	WashU	P9	0.965
B Memory-2__10DD-1058__Diagnosis	10DD-1058__Diagnosis	WashU	P6	0.965
BMCP-1__10DD-1058__Diagnosis	10DD-1058__Diagnosis	WashU	P9	0.944
CD4 TCM__10DD-1058__Diagnosis	10DD-1058__Diagnosis	WashU	P2	0.977
CD8 TEM__10DD-1058__Diagnosis	10DD-1058__Diagnosis	WashU	P2	0.971
Classical-Mono__10DD-1058__Diagnosis	10DD-1058__Diagnosis	WashU	P6	0.977
ERP-1__10DD-1058__Diagnosis	10DD-1058__Diagnosis	WashU	P9	0.973
ERP-2__10DD-1058__Diagnosis	10DD-1058__Diagnosis	WashU	P6	0.975
ERP-3__10DD-1058__Diagnosis	10DD-1058__Diagnosis	WashU	P6	0.967
ERP-4__10DD-1058__Diagnosis	10DD-1058__Diagnosis	WashU	P6	0.965
ERP-5__10DD-1058__Diagnosis	10DD-1058__Diagnosis	WashU	P6	0.97
ERP-7__10DD-1058__Diagnosis	10DD-1058__Diagnosis	WashU	P6	0.969
ERP-8__10DD-1058__Diagnosis	10DD-1058__Diagnosis	WashU	P6	0.97
Erythroblast-3__10DD-1058__Diagnosis	10DD-1058__Diagnosis	WashU	P7	0.945
Intermediate Mono-1__10DD-1058__Diagnosis	10DD-1058__Diagnosis	WashU	P2	0.965
Intermediate Mono-2__10DD-1058__Diagnosis	10DD-1058__Diagnosis	WashU	P6	0.977
LMPP-1__10DD-1058__Diagnosis	10DD-1058__Diagnosis	WashU	P9	0.979
MAIT__10DD-1058__Diagnosis	10DD-1058__Diagnosis	WashU	P2	0.97
MDP-2__10DD-1058__Diagnosis	10DD-1058__Diagnosis	WashU	P9	0.951
MEP-2__10DD-1058__Diagnosis	10DD-1058__Diagnosis	WashU	P9	0.972
MEP-Eryth-2__10DD-1058__Diagnosis	10DD-1058__Diagnosis	WashU	P9	0.973
MKP-early__10DD-1058__Diagnosis	10DD-1058__Diagnosis	WashU	P9	0.958
MPP-MEP__10DD-1058__Diagnosis	10DD-1058__Diagnosis	WashU	P9	0.976
Mono-1__10DD-1058__Diagnosis	10DD-1058__Diagnosis	WashU	P8	0.944
Mono-2__10DD-1058__Diagnosis	10DD-1058__Diagnosis	WashU	P6	0.961
MultiLin-GMP-2__10DD-1058__Diagnosis	10DD-1058__Diagnosis	WashU	P9	0.978
Multilin-1__10DD-1058__Diagnosis	10DD-1058__Diagnosis	WashU	P9	0.962
Multilin-2__10DD-1058__Diagnosis	10DD-1058__Diagnosis	WashU	P9	0.964
Myeloid intermediate 1__10DD-1058__Diagnosis	10DD-1058__Diagnosis	WashU	P9	0.965
Myeloid intermediate 2__10DD-1058__Diagnosis	10DD-1058__Diagnosis	WashU	P9	0.966
Myeloid intermediate 3__10DD-1058__Diagnosis	10DD-1058__Diagnosis	WashU	P1	0.964
NK-Mature__10DD-1058__Diagnosis	10DD-1058__Diagnosis	WashU	P2	0.98
Non-Classical Mono-2__10DD-1058__Diagnosis	10DD-1058__Diagnosis	WashU	P6	0.962
Plasma Cell__10DD-1058__Diagnosis	10DD-1058__Diagnosis	WashU	P8	0.949
T CD4 Naive-1__10DD-1058__Diagnosis	10DD-1058__Diagnosis	WashU	P6	0.965
T CD4 Naive-2__10DD-1058__Diagnosis	10DD-1058__Diagnosis	WashU	P2	0.981
T CD8 Naive__10DD-1058__Diagnosis	10DD-1058__Diagnosis	WashU	P6	0.961
preNeu__10DD-1058__Diagnosis	10DD-1058__Diagnosis	WashU	P9	0.964
BMCP-1__10DD-1058__Treatment	10DD-1058__Treatment	WashU	P1	0.947
CD4 TCM__10DD-1058__Treatment	10DD-1058__Treatment	WashU	P2	0.975
CD8 TEM__10DD-1058__Treatment	10DD-1058__Treatment	WashU	P2	0.975
Classical-Mono__10DD-1058__Treatment	10DD-1058__Treatment	WashU	P1	0.972
ERP-1__10DD-1058__Treatment	10DD-1058__Treatment	WashU	P9	0.965
ERP-2__10DD-1058__Treatment	10DD-1058__Treatment	WashU	P6	0.967
ERP-3__10DD-1058__Treatment	10DD-1058__Treatment	WashU	P6	0.967
ERP-4__10DD-1058__Treatment	10DD-1058__Treatment	WashU	P6	0.966
ERP-5__10DD-1058__Treatment	10DD-1058__Treatment	WashU	P6	0.967
ERP-7__10DD-1058__Treatment	10DD-1058__Treatment	WashU	P6	0.965
ERP-8__10DD-1058__Treatment	10DD-1058__Treatment	WashU	P6	0.964
Intermediate Mono-1__10DD-1058__Treatment	10DD-1058__Treatment	WashU	P1	0.954
Intermediate Mono-2__10DD-1058__Treatment	10DD-1058__Treatment	WashU	P1	0.965
LMPP-1__10DD-1058__Treatment	10DD-1058__Treatment	WashU	P9	0.964
MAIT__10DD-1058__Treatment	10DD-1058__Treatment	WashU	P2	0.968
MEP-1__10DD-1058__Treatment	10DD-1058__Treatment	WashU	P9	0.966
MEP-2__10DD-1058__Treatment	10DD-1058__Treatment	WashU	P9	0.968
MEP-Eryth-1__10DD-1058__Treatment	10DD-1058__Treatment	WashU	P9	0.958
MEP-Eryth-2__10DD-1058__Treatment	10DD-1058__Treatment	WashU	P9	0.966
MKP-early__10DD-1058__Treatment	10DD-1058__Treatment	WashU	P9	0.943
MPP-MEP__10DD-1058__Treatment	10DD-1058__Treatment	WashU	P9	0.968
Mono-2__10DD-1058__Treatment	10DD-1058__Treatment	WashU	P8	0.934
MultiLin-GMP-2__10DD-1058__Treatment	10DD-1058__Treatment	WashU	P9	0.973
MultiLin-GMP-3__10DD-1058__Treatment	10DD-1058__Treatment	WashU	P9	0.958
Multilin-1__10DD-1058__Treatment	10DD-1058__Treatment	WashU	P9	0.956
Myeloid intermediate 1__10DD-1058__Treatment	10DD-1058__Treatment	WashU	P1	0.966
Myeloid intermediate 2__10DD-1058__Treatment	10DD-1058__Treatment	WashU	P1	0.957
Myeloid intermediate 3__10DD-1058__Treatment	10DD-1058__Treatment	WashU	P1	0.954
NK-Mature__10DD-1058__Treatment	10DD-1058__Treatment	WashU	P2	0.974
T CD4 Naive-1__10DD-1058__Treatment	10DD-1058__Treatment	WashU	P2	0.943
T CD4 Naive-2__10DD-1058__Treatment	10DD-1058__Treatment	WashU	P2	0.975
immNeu-1__10DD-1058__Treatment	10DD-1058__Treatment	WashU	P9	0.95
preNeu__10DD-1058__Treatment	10DD-1058__Treatment	WashU	P9	0.972
BMCP-1__10DD-1061__Diagnosis	10DD-1061__Diagnosis	WashU	P1	0.936
CD4 TCM__10DD-1061__Diagnosis	10DD-1061__Diagnosis	WashU	P2	0.975
CD8 TEM__10DD-1061__Diagnosis	10DD-1061__Diagnosis	WashU	P2	0.982
CLP__10DD-1061__Diagnosis	10DD-1061__Diagnosis	WashU	P6	0.968
Classical-Mono__10DD-1061__Diagnosis	10DD-1061__Diagnosis	WashU	P1	0.984
ERP-1__10DD-1061__Diagnosis	10DD-1061__Diagnosis	WashU	P7	0.974
ERP-2__10DD-1061__Diagnosis	10DD-1061__Diagnosis	WashU	P6	0.981
ERP-3__10DD-1061__Diagnosis	10DD-1061__Diagnosis	WashU	P6	0.979
ERP-4__10DD-1061__Diagnosis	10DD-1061__Diagnosis	WashU	P6	0.976
ERP-8__10DD-1061__Diagnosis	10DD-1061__Diagnosis	WashU	P6	0.97
Intermediate Mono-1__10DD-1061__Diagnosis	10DD-1061__Diagnosis	WashU	P1	0.975
Intermediate Mono-2__10DD-1061__Diagnosis	10DD-1061__Diagnosis	WashU	P1	0.979
LMPP-1__10DD-1061__Diagnosis	10DD-1061__Diagnosis	WashU	P6	0.984
LMPP-1-cycling__10DD-1061__Diagnosis	10DD-1061__Diagnosis	WashU	P8	0.952
LMPP-2__10DD-1061__Diagnosis	10DD-1061__Diagnosis	WashU	P7	0.945
MAIT__10DD-1061__Diagnosis	10DD-1061__Diagnosis	WashU	P2	0.94
MDP-2__10DD-1061__Diagnosis	10DD-1061__Diagnosis	WashU	P7	0.971
MDP-3__10DD-1061__Diagnosis	10DD-1061__Diagnosis	WashU	P7	0.962
MDP-4__10DD-1061__Diagnosis	10DD-1061__Diagnosis	WashU	P7	0.961
MDP-6__10DD-1061__Diagnosis	10DD-1061__Diagnosis	WashU	P6	0.962
MEP-1__10DD-1061__Diagnosis	10DD-1061__Diagnosis	WashU	P6	0.972
MEP-2__10DD-1061__Diagnosis	10DD-1061__Diagnosis	WashU	P6	0.972
MEP-Eryth-2__10DD-1061__Diagnosis	10DD-1061__Diagnosis	WashU	P6	0.973
MPP-2__10DD-1061__Diagnosis	10DD-1061__Diagnosis	WashU	P6	0.972
MPP-MEP__10DD-1061__Diagnosis	10DD-1061__Diagnosis	WashU	P8	0.965
Mono-1__10DD-1061__Diagnosis	10DD-1061__Diagnosis	WashU	P6	0.952
Mono-2__10DD-1061__Diagnosis	10DD-1061__Diagnosis	WashU	P7	0.966
MultiLin-GMP-2__10DD-1061__Diagnosis	10DD-1061__Diagnosis	WashU	P6	0.983
MultiLin-GMP-3__10DD-1061__Diagnosis	10DD-1061__Diagnosis	WashU	P7	0.976
Multilin-1__10DD-1061__Diagnosis	10DD-1061__Diagnosis	WashU	P7	0.975
Multilin-2__10DD-1061__Diagnosis	10DD-1061__Diagnosis	WashU	P7	0.977
Myeloid intermediate 2__10DD-1061__Diagnosis	10DD-1061__Diagnosis	WashU	P6	0.965
Myeloid intermediate 3__10DD-1061__Diagnosis	10DD-1061__Diagnosis	WashU	P6	0.964
NK-Mature__10DD-1061__Diagnosis	10DD-1061__Diagnosis	WashU	P2	0.983
Non-Classical Mono-2__10DD-1061__Diagnosis	10DD-1061__Diagnosis	WashU	P1	0.963
T CD4 Naive-2__10DD-1061__Diagnosis	10DD-1061__Diagnosis	WashU	P2	0.969
cDC2-1__10DD-1061__Diagnosis	10DD-1061__Diagnosis	WashU	P7	0.965
immNeu-1__10DD-1061__Diagnosis	10DD-1061__Diagnosis	WashU	P6	0.953
pDC__10DD-1061__Diagnosis	10DD-1061__Diagnosis	WashU	P2	0.967
preNeu__10DD-1061__Diagnosis	10DD-1061__Diagnosis	WashU	P6	0.976
B Memory-2__10DD-1061__Relapse	10DD-1061__Relapse	WashU	P6	0.954
CD4 TCM__10DD-1061__Relapse	10DD-1061__Relapse	WashU	P6	0.97
CD8 TEM__10DD-1061__Relapse	10DD-1061__Relapse	WashU	P2	0.978
CLP__10DD-1061__Relapse	10DD-1061__Relapse	WashU	P6	0.942
Classical-Mono__10DD-1061__Relapse	10DD-1061__Relapse	WashU	P1	0.98
ERP-1__10DD-1061__Relapse	10DD-1061__Relapse	WashU	P6	0.971
ERP-2__10DD-1061__Relapse	10DD-1061__Relapse	WashU	P6	0.98
ERP-3__10DD-1061__Relapse	10DD-1061__Relapse	WashU	P6	0.963
ERP-4__10DD-1061__Relapse	10DD-1061__Relapse	WashU	P6	0.973
ERP-5__10DD-1061__Relapse	10DD-1061__Relapse	WashU	P6	0.967
ERP-7__10DD-1061__Relapse	10DD-1061__Relapse	WashU	P6	0.976
ERP-8__10DD-1061__Relapse	10DD-1061__Relapse	WashU	P6	0.971
Erythroblast-3__10DD-1061__Relapse	10DD-1061__Relapse	WashU	P7	0.926
Intermediate Mono-1__10DD-1061__Relapse	10DD-1061__Relapse	WashU	P7	0.962
Intermediate Mono-2__10DD-1061__Relapse	10DD-1061__Relapse	WashU	P1	0.977
LMPP-1__10DD-1061__Relapse	10DD-1061__Relapse	WashU	P6	0.972
LMPP-1-cycling__10DD-1061__Relapse	10DD-1061__Relapse	WashU	P10	0.961
MAIT__10DD-1061__Relapse	10DD-1061__Relapse	WashU	P2	0.964
MDP-2__10DD-1061__Relapse	10DD-1061__Relapse	WashU	P6	0.955
MDP-3__10DD-1061__Relapse	10DD-1061__Relapse	WashU	P6	0.949
MDP-4__10DD-1061__Relapse	10DD-1061__Relapse	WashU	P8	0.951
MDP-6__10DD-1061__Relapse	10DD-1061__Relapse	WashU	P6	0.957
MEP-2__10DD-1061__Relapse	10DD-1061__Relapse	WashU	P6	0.964
MEP-Eryth-2__10DD-1061__Relapse	10DD-1061__Relapse	WashU	P6	0.966
MPP-1__10DD-1061__Relapse	10DD-1061__Relapse	WashU	P8	0.933
MPP-2__10DD-1061__Relapse	10DD-1061__Relapse	WashU	P8	0.962
Mono-1__10DD-1061__Relapse	10DD-1061__Relapse	WashU	P8	0.944
Mono-2__10DD-1061__Relapse	10DD-1061__Relapse	WashU	P2	0.96
MultiLin-GMP-2__10DD-1061__Relapse	10DD-1061__Relapse	WashU	P6	0.976
MultiLin-GMP-3__10DD-1061__Relapse	10DD-1061__Relapse	WashU	P6	0.969
Multilin-1__10DD-1061__Relapse	10DD-1061__Relapse	WashU	P6	0.963
Multilin-2__10DD-1061__Relapse	10DD-1061__Relapse	WashU	P6	0.965
Myeloid intermediate 2__10DD-1061__Relapse	10DD-1061__Relapse	WashU	P8	0.955
Myeloid intermediate 3__10DD-1061__Relapse	10DD-1061__Relapse	WashU	P8	0.928
NK-Mature__10DD-1061__Relapse	10DD-1061__Relapse	WashU	P2	0.98
Non-Classical Mono-2__10DD-1061__Relapse	10DD-1061__Relapse	WashU	P1	0.969
T CD4 Naive-1__10DD-1061__Relapse	10DD-1061__Relapse	WashU	P2	0.945
T CD4 Naive-2__10DD-1061__Relapse	10DD-1061__Relapse	WashU	P2	0.975
cDC2-1__10DD-1061__Relapse	10DD-1061__Relapse	WashU	P1	0.976
pDC__10DD-1061__Relapse	10DD-1061__Relapse	WashU	P2	0.961
B Memory-1__10DD-1062__Diagnosis	10DD-1062__Diagnosis	WashU	P2	0.962
B Memory-2__10DD-1062__Diagnosis	10DD-1062__Diagnosis	WashU	P2	0.976
CD4 TCM__10DD-1062__Diagnosis	10DD-1062__Diagnosis	WashU	P2	0.971
CD8 TEM__10DD-1062__Diagnosis	10DD-1062__Diagnosis	WashU	P2	0.975
CLP__10DD-1062__Diagnosis	10DD-1062__Diagnosis	WashU	P8	0.935
Classical-Mono__10DD-1062__Diagnosis	10DD-1062__Diagnosis	WashU	P6	0.961
Erythroblast-3__10DD-1062__Diagnosis	10DD-1062__Diagnosis	WashU	P6	0.955
Intermediate Mono-1__10DD-1062__Diagnosis	10DD-1062__Diagnosis	WashU	P6	0.949
Intermediate Mono-3__10DD-1062__Diagnosis	10DD-1062__Diagnosis	WashU	P14	0.906
LMPP-1__10DD-1062__Diagnosis	10DD-1062__Diagnosis	WashU	P8	0.971
LMPP-1-cycling__10DD-1062__Diagnosis	10DD-1062__Diagnosis	WashU	P8	0.948
LMPP-2__10DD-1062__Diagnosis	10DD-1062__Diagnosis	WashU	P8	0.94
MAIT__10DD-1062__Diagnosis	10DD-1062__Diagnosis	WashU	P2	0.962
MDP-2__10DD-1062__Diagnosis	10DD-1062__Diagnosis	WashU	P8	0.947
MDP-3__10DD-1062__Diagnosis	10DD-1062__Diagnosis	WashU	P14	0.934
MEP-1__10DD-1062__Diagnosis	10DD-1062__Diagnosis	WashU	P6	0.941
Mono-2__10DD-1062__Diagnosis	10DD-1062__Diagnosis	WashU	P1	0.943
MultiLin-GMP-2__10DD-1062__Diagnosis	10DD-1062__Diagnosis	WashU	P8	0.967
MultiLin-GMP-3__10DD-1062__Diagnosis	10DD-1062__Diagnosis	WashU	P8	0.958
Multilin-1__10DD-1062__Diagnosis	10DD-1062__Diagnosis	WashU	P8	0.949
Multilin-2__10DD-1062__Diagnosis	10DD-1062__Diagnosis	WashU	P8	0.961
Myeloid intermediate 2__10DD-1062__Diagnosis	10DD-1062__Diagnosis	WashU	P1	0.955
NK-Mature__10DD-1062__Diagnosis	10DD-1062__Diagnosis	WashU	P2	0.975
Pro-B-1__10DD-1062__Diagnosis	10DD-1062__Diagnosis	WashU	P8	0.922
Pro-B-Early__10DD-1062__Diagnosis	10DD-1062__Diagnosis	WashU	P8	0.95
Pro-B-Early-cycling__10DD-1062__Diagnosis	10DD-1062__Diagnosis	WashU	P6	0.929
T CD4 Naive-1__10DD-1062__Diagnosis	10DD-1062__Diagnosis	WashU	P2	0.966
T CD4 Naive-2__10DD-1062__Diagnosis	10DD-1062__Diagnosis	WashU	P2	0.971
T CD8 Naive__10DD-1062__Diagnosis	10DD-1062__Diagnosis	WashU	P2	0.96
cDC1__10DD-1062__Diagnosis	10DD-1062__Diagnosis	WashU	P14	0.931
pDC__10DD-1062__Diagnosis	10DD-1062__Diagnosis	WashU	P8	0.924
preNeu__10DD-1062__Diagnosis	10DD-1062__Diagnosis	WashU	P8	0.959
B Memory-1__10DD-1062__Treatment	10DD-1062__Treatment	WashU	P7	0.964
B Memory-2__10DD-1062__Treatment	10DD-1062__Treatment	WashU	P7	0.976
CD4 TCM__10DD-1062__Treatment	10DD-1062__Treatment	WashU	P7	0.971
CD8 TEM__10DD-1062__Treatment	10DD-1062__Treatment	WashU	P7	0.971
CLP__10DD-1062__Treatment	10DD-1062__Treatment	WashU	P14	0.924
Classical-Mono__10DD-1062__Treatment	10DD-1062__Treatment	WashU	P6	0.957
Intermediate Mono-1__10DD-1062__Treatment	10DD-1062__Treatment	WashU	P6	0.943
LMPP-1__10DD-1062__Treatment	10DD-1062__Treatment	WashU	P8	0.964
LMPP-1-cycling__10DD-1062__Treatment	10DD-1062__Treatment	WashU	P8	0.953
MAIT__10DD-1062__Treatment	10DD-1062__Treatment	WashU	P2	0.955
MDP-2__10DD-1062__Treatment	10DD-1062__Treatment	WashU	P1	0.942
MDP-3__10DD-1062__Treatment	10DD-1062__Treatment	WashU	P14	0.923
MPP-2__10DD-1062__Treatment	10DD-1062__Treatment	WashU	P8	0.956
MPP-MEP__10DD-1062__Treatment	10DD-1062__Treatment	WashU	P8	0.951
MultiLin-GMP-2__10DD-1062__Treatment	10DD-1062__Treatment	WashU	P1	0.974
Myeloid intermediate 2__10DD-1062__Treatment	10DD-1062__Treatment	WashU	P1	0.956
NK-Mature__10DD-1062__Treatment	10DD-1062__Treatment	WashU	P7	0.973
Pro-B-Early__10DD-1062__Treatment	10DD-1062__Treatment	WashU	P14	0.923
T CD4 Naive-1__10DD-1062__Treatment	10DD-1062__Treatment	WashU	P7	0.959
T CD4 Naive-2__10DD-1062__Treatment	10DD-1062__Treatment	WashU	P7	0.968
T CD8 Naive__10DD-1062__Treatment	10DD-1062__Treatment	WashU	P7	0.952
immNeu-1__10DD-1062__Treatment	10DD-1062__Treatment	WashU	P1	0.949
preNeu__10DD-1062__Treatment	10DD-1062__Treatment	WashU	P1	0.973
B Memory-2__10DD-1065__Diagnosis	10DD-1065__Diagnosis	WashU	P2	0.97
BMCP-1__10DD-1065__Diagnosis	10DD-1065__Diagnosis	WashU	P1	0.955
CD4 TCM__10DD-1065__Diagnosis	10DD-1065__Diagnosis	WashU	P2	0.973
CD8 TEM__10DD-1065__Diagnosis	10DD-1065__Diagnosis	WashU	P2	0.969
Classical-Mono__10DD-1065__Diagnosis	10DD-1065__Diagnosis	WashU	P2	0.959
ERP-1__10DD-1065__Diagnosis	10DD-1065__Diagnosis	WashU	P6	0.971
ERP-2__10DD-1065__Diagnosis	10DD-1065__Diagnosis	WashU	P6	0.971
ERP-3__10DD-1065__Diagnosis	10DD-1065__Diagnosis	WashU	P6	0.969
ERP-4__10DD-1065__Diagnosis	10DD-1065__Diagnosis	WashU	P7	0.967
ERP-5__10DD-1065__Diagnosis	10DD-1065__Diagnosis	WashU	P7	0.964
ERP-6__10DD-1065__Diagnosis	10DD-1065__Diagnosis	WashU	P6	0.967
ERP-7__10DD-1065__Diagnosis	10DD-1065__Diagnosis	WashU	P7	0.963
ERP-8__10DD-1065__Diagnosis	10DD-1065__Diagnosis	WashU	P7	0.968
Erythroblast-1__10DD-1065__Diagnosis	10DD-1065__Diagnosis	WashU	P7	0.91
Erythroblast-2__10DD-1065__Diagnosis	10DD-1065__Diagnosis	WashU	P7	0.882
Erythroblast-3__10DD-1065__Diagnosis	10DD-1065__Diagnosis	WashU	P7	0.932
Intermediate Mono-2__10DD-1065__Diagnosis	10DD-1065__Diagnosis	WashU	P2	0.954
LMPP-1__10DD-1065__Diagnosis	10DD-1065__Diagnosis	WashU	P6	0.975
LMPP-1-cycling__10DD-1065__Diagnosis	10DD-1065__Diagnosis	WashU	P6	0.968
MAIT__10DD-1065__Diagnosis	10DD-1065__Diagnosis	WashU	P2	0.957
MEP-1__10DD-1065__Diagnosis	10DD-1065__Diagnosis	WashU	P7	0.961
MEP-2__10DD-1065__Diagnosis	10DD-1065__Diagnosis	WashU	P6	0.965
MEP-Eryth-1__10DD-1065__Diagnosis	10DD-1065__Diagnosis	WashU	P6	0.965
MEP-Eryth-2__10DD-1065__Diagnosis	10DD-1065__Diagnosis	WashU	P6	0.965
MKP-early__10DD-1065__Diagnosis	10DD-1065__Diagnosis	WashU	P10	0.95
MPP-1__10DD-1065__Diagnosis	10DD-1065__Diagnosis	WashU	P8	0.948
MPP-2__10DD-1065__Diagnosis	10DD-1065__Diagnosis	WashU	P6	0.972
MPP-MEP__10DD-1065__Diagnosis	10DD-1065__Diagnosis	WashU	P8	0.97
MultiLin-GMP-2__10DD-1065__Diagnosis	10DD-1065__Diagnosis	WashU	P6	0.971
MultiLin-GMP-3__10DD-1065__Diagnosis	10DD-1065__Diagnosis	WashU	P6	0.965
Multilin-1__10DD-1065__Diagnosis	10DD-1065__Diagnosis	WashU	P6	0.969
NK-Mature__10DD-1065__Diagnosis	10DD-1065__Diagnosis	WashU	P2	0.979
Non-Classical Mono-2__10DD-1065__Diagnosis	10DD-1065__Diagnosis	WashU	P2	0.963
T CD4 Naive-1__10DD-1065__Diagnosis	10DD-1065__Diagnosis	WashU	P9	0.95
T CD4 Naive-2__10DD-1065__Diagnosis	10DD-1065__Diagnosis	WashU	P2	0.975
immNeu-1__10DD-1065__Diagnosis	10DD-1065__Diagnosis	WashU	P8	0.943
preNeu__10DD-1065__Diagnosis	10DD-1065__Diagnosis	WashU	P6	0.971
B Memory-2__10DD-1065__Treatment	10DD-1065__Treatment	WashU	P2	0.966
BMCP-1__10DD-1065__Treatment	10DD-1065__Treatment	WashU	P1	0.959
CD4 TCM__10DD-1065__Treatment	10DD-1065__Treatment	WashU	P2	0.97
CD8 TEM__10DD-1065__Treatment	10DD-1065__Treatment	WashU	P2	0.965
ERP-1__10DD-1065__Treatment	10DD-1065__Treatment	WashU	P6	0.956
ERP-2__10DD-1065__Treatment	10DD-1065__Treatment	WashU	P6	0.956
ERP-3__10DD-1065__Treatment	10DD-1065__Treatment	WashU	P2	0.959
ERP-4__10DD-1065__Treatment	10DD-1065__Treatment	WashU	P6	0.957
ERP-5__10DD-1065__Treatment	10DD-1065__Treatment	WashU	P2	0.957
ERP-6__10DD-1065__Treatment	10DD-1065__Treatment	WashU	P6	0.957
ERP-7__10DD-1065__Treatment	10DD-1065__Treatment	WashU	P2	0.948
ERP-8__10DD-1065__Treatment	10DD-1065__Treatment	WashU	P7	0.955
Erythroblast-1__10DD-1065__Treatment	10DD-1065__Treatment	WashU	P7	0.915
Erythroblast-2__10DD-1065__Treatment	10DD-1065__Treatment	WashU	P7	0.888
Erythroblast-3__10DD-1065__Treatment	10DD-1065__Treatment	WashU	P7	0.917
LMPP-1__10DD-1065__Treatment	10DD-1065__Treatment	WashU	P6	0.972
LMPP-1-cycling__10DD-1065__Treatment	10DD-1065__Treatment	WashU	P6	0.969
MAIT__10DD-1065__Treatment	10DD-1065__Treatment	WashU	P2	0.96
MEP-1__10DD-1065__Treatment	10DD-1065__Treatment	WashU	P6	0.965
MEP-2__10DD-1065__Treatment	10DD-1065__Treatment	WashU	P1	0.963
MEP-Eryth-1__10DD-1065__Treatment	10DD-1065__Treatment	WashU	P6	0.959
MEP-Eryth-2__10DD-1065__Treatment	10DD-1065__Treatment	WashU	P1	0.953
MKP-early__10DD-1065__Treatment	10DD-1065__Treatment	WashU	P1	0.948
MPP-1__10DD-1065__Treatment	10DD-1065__Treatment	WashU	P1	0.962
MPP-2__10DD-1065__Treatment	10DD-1065__Treatment	WashU	P6	0.971
MPP-MEP__10DD-1065__Treatment	10DD-1065__Treatment	WashU	P8	0.972
MultiLin-GMP-2__10DD-1065__Treatment	10DD-1065__Treatment	WashU	P6	0.971
MultiLin-GMP-3__10DD-1065__Treatment	10DD-1065__Treatment	WashU	P6	0.965
Multilin-1__10DD-1065__Treatment	10DD-1065__Treatment	WashU	P2	0.963
NK-Mature__10DD-1065__Treatment	10DD-1065__Treatment	WashU	P2	0.975
T CD4 Naive-1__10DD-1065__Treatment	10DD-1065__Treatment	WashU	P2	0.942
T CD4 Naive-2__10DD-1065__Treatment	10DD-1065__Treatment	WashU	P2	0.971
T CD8 Naive__10DD-1065__Treatment	10DD-1065__Treatment	WashU	P2	0.95
immNeu-1__10DD-1065__Treatment	10DD-1065__Treatment	WashU	P0	0.943
preNeu__10DD-1065__Treatment	10DD-1065__Treatment	WashU	P6	0.967
B Memory-2__10DD-1070__Diagnosis	10DD-1070__Diagnosis	WashU	P7	0.968
BMCP-1__10DD-1070__Diagnosis	10DD-1070__Diagnosis	WashU	P10	0.922
CD4 TCM__10DD-1070__Diagnosis	10DD-1070__Diagnosis	WashU	P6	0.983
CD8 TEM__10DD-1070__Diagnosis	10DD-1070__Diagnosis	WashU	P2	0.981
Classical-Mono__10DD-1070__Diagnosis	10DD-1070__Diagnosis	WashU	P2	0.984
Erythroblast-3__10DD-1070__Diagnosis	10DD-1070__Diagnosis	WashU	P7	0.917
Intermediate Mono-1__10DD-1070__Diagnosis	10DD-1070__Diagnosis	WashU	P7	0.962
Intermediate Mono-2__10DD-1070__Diagnosis	10DD-1070__Diagnosis	WashU	P6	0.987
LMPP-1__10DD-1070__Diagnosis	10DD-1070__Diagnosis	WashU	P10	0.979
LMPP-1-cycling__10DD-1070__Diagnosis	10DD-1070__Diagnosis	WashU	P10	0.968
LMPP-2__10DD-1070__Diagnosis	10DD-1070__Diagnosis	WashU	P8	0.944
MAIT__10DD-1070__Diagnosis	10DD-1070__Diagnosis	WashU	P2	0.986
MDP-2__10DD-1070__Diagnosis	10DD-1070__Diagnosis	WashU	P10	0.97
MDP-3__10DD-1070__Diagnosis	10DD-1070__Diagnosis	WashU	P10	0.949
MEP-2__10DD-1070__Diagnosis	10DD-1070__Diagnosis	WashU	P1	0.916
MPP-1__10DD-1070__Diagnosis	10DD-1070__Diagnosis	WashU	P8	0.863
MPP-2__10DD-1070__Diagnosis	10DD-1070__Diagnosis	WashU	P9	0.975
MPP-MEP__10DD-1070__Diagnosis	10DD-1070__Diagnosis	WashU	P8	0.964
Mono-1__10DD-1070__Diagnosis	10DD-1070__Diagnosis	WashU	P6	0.949
Mono-2__10DD-1070__Diagnosis	10DD-1070__Diagnosis	WashU	P7	0.966
MultiLin-GMP-2__10DD-1070__Diagnosis	10DD-1070__Diagnosis	WashU	P10	0.974
Multilin-1__10DD-1070__Diagnosis	10DD-1070__Diagnosis	WashU	P6	0.965
Multilin-2__10DD-1070__Diagnosis	10DD-1070__Diagnosis	WashU	P10	0.971
Myeloid intermediate 2__10DD-1070__Diagnosis	10DD-1070__Diagnosis	WashU	P6	0.974
Myeloid intermediate 3__10DD-1070__Diagnosis	10DD-1070__Diagnosis	WashU	P6	0.96
NK-Mature__10DD-1070__Diagnosis	10DD-1070__Diagnosis	WashU	P6	0.989
Non-Classical Mono-2__10DD-1070__Diagnosis	10DD-1070__Diagnosis	WashU	P6	0.984
T CD4 Naive-1__10DD-1070__Diagnosis	10DD-1070__Diagnosis	WashU	P8	0.978
T CD4 Naive-2__10DD-1070__Diagnosis	10DD-1070__Diagnosis	WashU	P6	0.991
T CD8 Naive__10DD-1070__Diagnosis	10DD-1070__Diagnosis	WashU	P2	0.984
cDC2-1__10DD-1070__Diagnosis	10DD-1070__Diagnosis	WashU	P6	0.987
pDC__10DD-1070__Diagnosis	10DD-1070__Diagnosis	WashU	P6	0.975
pre-DC-3__10DD-1070__Diagnosis	10DD-1070__Diagnosis	WashU	P6	0.977
B Memory-2__10DD-1070__Treatment	10DD-1070__Treatment	WashU	P7	0.979
BMCP-1__10DD-1070__Treatment	10DD-1070__Treatment	WashU	P1	0.934
CD4 TCM__10DD-1070__Treatment	10DD-1070__Treatment	WashU	P2	0.986
CD8 TEM__10DD-1070__Treatment	10DD-1070__Treatment	WashU	P2	0.984
Classical-Mono__10DD-1070__Treatment	10DD-1070__Treatment	WashU	P2	0.985
ERP-7__10DD-1070__Treatment	10DD-1070__Treatment	WashU	P7	0.963
Intermediate Mono-1__10DD-1070__Treatment	10DD-1070__Treatment	WashU	P7	0.96
Intermediate Mono-2__10DD-1070__Treatment	10DD-1070__Treatment	WashU	P2	0.985
LMPP-1__10DD-1070__Treatment	10DD-1070__Treatment	WashU	P6	0.979
LMPP-1-cycling__10DD-1070__Treatment	10DD-1070__Treatment	WashU	P10	0.968
LMPP-2__10DD-1070__Treatment	10DD-1070__Treatment	WashU	P8	0.946
MAIT__10DD-1070__Treatment	10DD-1070__Treatment	WashU	P2	0.987
MDP-2__10DD-1070__Treatment	10DD-1070__Treatment	WashU	P10	0.973
MDP-3__10DD-1070__Treatment	10DD-1070__Treatment	WashU	P10	0.95
MEP-1__10DD-1070__Treatment	10DD-1070__Treatment	WashU	P6	0.953
MEP-2__10DD-1070__Treatment	10DD-1070__Treatment	WashU	P1	0.941
MPP-2__10DD-1070__Treatment	10DD-1070__Treatment	WashU	P9	0.976
MPP-MEP__10DD-1070__Treatment	10DD-1070__Treatment	WashU	P9	0.974
Mono-1__10DD-1070__Treatment	10DD-1070__Treatment	WashU	P2	0.958
Mono-2__10DD-1070__Treatment	10DD-1070__Treatment	WashU	P2	0.966
MultiLin-GMP-2__10DD-1070__Treatment	10DD-1070__Treatment	WashU	P7	0.974
MultiLin-GMP-3__10DD-1070__Treatment	10DD-1070__Treatment	WashU	P7	0.974
Multilin-1__10DD-1070__Treatment	10DD-1070__Treatment	WashU	P7	0.966
Multilin-2__10DD-1070__Treatment	10DD-1070__Treatment	WashU	P10	0.973
Myeloid intermediate 1__10DD-1070__Treatment	10DD-1070__Treatment	WashU	P2	0.965
Myeloid intermediate 2__10DD-1070__Treatment	10DD-1070__Treatment	WashU	P6	0.975
Myeloid intermediate 3__10DD-1070__Treatment	10DD-1070__Treatment	WashU	P6	0.969
NK-Mature__10DD-1070__Treatment	10DD-1070__Treatment	WashU	P2	0.99
Non-Classical Mono-2__10DD-1070__Treatment	10DD-1070__Treatment	WashU	P6	0.983
Plasma Cell__10DD-1070__Treatment	10DD-1070__Treatment	WashU	P14	0.92
T CD4 Naive-1__10DD-1070__Treatment	10DD-1070__Treatment	WashU	P6	0.979
T CD4 Naive-2__10DD-1070__Treatment	10DD-1070__Treatment	WashU	P2	0.991
T CD8 Naive__10DD-1070__Treatment	10DD-1070__Treatment	WashU	P2	0.984
cDC2-1__10DD-1070__Treatment	10DD-1070__Treatment	WashU	P6	0.985
pDC__10DD-1070__Treatment	10DD-1070__Treatment	WashU	P7	0.975
pre-DC-3__10DD-1070__Treatment	10DD-1070__Treatment	WashU	P6	0.975
preNeu__10DD-1070__Treatment	10DD-1070__Treatment	WashU	P6	0.972
CD8 TEM__10DD-1079__Diagnosis	10DD-1079__Diagnosis	WashU	P2	0.942
Classical-Mono__10DD-1079__Diagnosis	10DD-1079__Diagnosis	WashU	P5	0.97
Intermediate Mono-1__10DD-1079__Diagnosis	10DD-1079__Diagnosis	WashU	P5	0.962
Intermediate Mono-2__10DD-1079__Diagnosis	10DD-1079__Diagnosis	WashU	P5	0.962
Intermediate Mono-3__10DD-1079__Diagnosis	10DD-1079__Diagnosis	WashU	P14	0.906
Mono-2__10DD-1079__Diagnosis	10DD-1079__Diagnosis	WashU	P14	0.952
Myeloid intermediate 1__10DD-1079__Diagnosis	10DD-1079__Diagnosis	WashU	P14	0.932
Myeloid intermediate 2__10DD-1079__Diagnosis	10DD-1079__Diagnosis	WashU	P14	0.954
Myeloid intermediate 3__10DD-1079__Diagnosis	10DD-1079__Diagnosis	WashU	P14	0.97
NK-Mature__10DD-1079__Diagnosis	10DD-1079__Diagnosis	WashU	P2	0.952
pre-DC-2__10DD-1079__Diagnosis	10DD-1079__Diagnosis	WashU	P14	0.945
B Memory-2__10DD-1079__Relapse	10DD-1079__Relapse	WashU	P2	0.973
CD4 TCM__10DD-1079__Relapse	10DD-1079__Relapse	WashU	P2	0.958
CD8 TEM__10DD-1079__Relapse	10DD-1079__Relapse	WashU	P2	0.955
Classical-Mono__10DD-1079__Relapse	10DD-1079__Relapse	WashU	P2	0.959
Intermediate Mono-1__10DD-1079__Relapse	10DD-1079__Relapse	WashU	P5	0.95
Intermediate Mono-2__10DD-1079__Relapse	10DD-1079__Relapse	WashU	P2	0.952
Intermediate Mono-3__10DD-1079__Relapse	10DD-1079__Relapse	WashU	P11	0.913
MAIT__10DD-1079__Relapse	10DD-1079__Relapse	WashU	P2	0.944
Mono-2__10DD-1079__Relapse	10DD-1079__Relapse	WashU	P14	0.942
Myeloid intermediate 1__10DD-1079__Relapse	10DD-1079__Relapse	WashU	P8	0.917
Myeloid intermediate 2__10DD-1079__Relapse	10DD-1079__Relapse	WashU	P8	0.929
Myeloid intermediate 3__10DD-1079__Relapse	10DD-1079__Relapse	WashU	P8	0.955
NK-Mature__10DD-1079__Relapse	10DD-1079__Relapse	WashU	P2	0.969
Non-Classical Mono-2__10DD-1079__Relapse	10DD-1079__Relapse	WashU	P2	0.956
T CD4 Naive-1__10DD-1079__Relapse	10DD-1079__Relapse	WashU	P2	0.912
T CD4 Naive-2__10DD-1079__Relapse	10DD-1079__Relapse	WashU	P2	0.968
pre-DC-2__10DD-1079__Relapse	10DD-1079__Relapse	WashU	P8	0.918
CD8 TEM__10DD-1079__Treatment	10DD-1079__Treatment	WashU	P2	0.94
Classical-Mono__10DD-1079__Treatment	10DD-1079__Treatment	WashU	P2	0.973
ERP-8__10DD-1079__Treatment	10DD-1079__Treatment	WashU	P7	0.966
Intermediate Mono-1__10DD-1079__Treatment	10DD-1079__Treatment	WashU	P5	0.962
Intermediate Mono-2__10DD-1079__Treatment	10DD-1079__Treatment	WashU	P6	0.964
Intermediate Mono-3__10DD-1079__Treatment	10DD-1079__Treatment	WashU	P11	0.905
Mono-2__10DD-1079__Treatment	10DD-1079__Treatment	WashU	P5	0.956
Myeloid intermediate 1__10DD-1079__Treatment	10DD-1079__Treatment	WashU	P1	0.953
Myeloid intermediate 3__10DD-1079__Treatment	10DD-1079__Treatment	WashU	P7	0.965
NK-Mature__10DD-1079__Treatment	10DD-1079__Treatment	WashU	P2	0.958
Non-Classical Mono-2__10DD-1079__Treatment	10DD-1079__Treatment	WashU	P0	0.932
pre-DC-2__10DD-1079__Treatment	10DD-1079__Treatment	WashU	P5	0.943
B Memory-2__10DD-1082__Treatment	10DD-1082__Treatment	WashU	P2	0.946
BMCP-1__10DD-1082__Treatment	10DD-1082__Treatment	WashU	P14	0.927
CD4 TCM__10DD-1082__Treatment	10DD-1082__Treatment	WashU	P2	0.929
CD8 TEM__10DD-1082__Treatment	10DD-1082__Treatment	WashU	P2	0.942
MEP-1__10DD-1082__Treatment	10DD-1082__Treatment	WashU	P8	0.93
MEP-2__10DD-1082__Treatment	10DD-1082__Treatment	WashU	P8	0.931
MEP-Eryth-2__10DD-1082__Treatment	10DD-1082__Treatment	WashU	P11	0.936
MPP-MEP__10DD-1082__Treatment	10DD-1082__Treatment	WashU	P8	0.942
MultiLin-GMP-2__10DD-1082__Treatment	10DD-1082__Treatment	WashU	P8	0.924
Myeloid intermediate 1__10DD-1082__Treatment	10DD-1082__Treatment	WashU	P8	0.932
Myeloid intermediate 3__10DD-1082__Treatment	10DD-1082__Treatment	WashU	P8	0.914
NK-Mature__10DD-1082__Treatment	10DD-1082__Treatment	WashU	P2	0.947
T CD4 Naive-1__10DD-1082__Treatment	10DD-1082__Treatment	WashU	P8	0.945
T CD4 Naive-2__10DD-1082__Treatment	10DD-1082__Treatment	WashU	P2	0.946
T CD8 Naive__10DD-1082__Treatment	10DD-1082__Treatment	WashU	P2	0.93
immNeu-1__10DD-1082__Treatment	10DD-1082__Treatment	WashU	P8	0.94
preNeu__10DD-1082__Treatment	10DD-1082__Treatment	WashU	P8	0.947
B Memory-1__10DD-1085__Diagnosis	10DD-1085__Diagnosis	WashU	P2	0.948
B Memory-2__10DD-1085__Diagnosis	10DD-1085__Diagnosis	WashU	P2	0.969
BMCP-1__10DD-1085__Diagnosis	10DD-1085__Diagnosis	WashU	P1	0.933
CD4 TCM__10DD-1085__Diagnosis	10DD-1085__Diagnosis	WashU	P2	0.977
CD8 TEM__10DD-1085__Diagnosis	10DD-1085__Diagnosis	WashU	P2	0.976
CLP__10DD-1085__Diagnosis	10DD-1085__Diagnosis	WashU	P1	0.939
Classical-Mono__10DD-1085__Diagnosis	10DD-1085__Diagnosis	WashU	P6	0.947
ERP-8__10DD-1085__Diagnosis	10DD-1085__Diagnosis	WashU	P7	0.968
Erythroblast-3__10DD-1085__Diagnosis	10DD-1085__Diagnosis	WashU	P7	0.937
Intermediate Mono-2__10DD-1085__Diagnosis	10DD-1085__Diagnosis	WashU	P6	0.962
Intermediate Mono-3__10DD-1085__Diagnosis	10DD-1085__Diagnosis	WashU	P10	0.888
LMPP-1__10DD-1085__Diagnosis	10DD-1085__Diagnosis	WashU	P6	0.97
LMPP-1-cycling__10DD-1085__Diagnosis	10DD-1085__Diagnosis	WashU	P10	0.962
LMPP-2__10DD-1085__Diagnosis	10DD-1085__Diagnosis	WashU	P2	0.939
MAIT__10DD-1085__Diagnosis	10DD-1085__Diagnosis	WashU	P2	0.967
MDP-2__10DD-1085__Diagnosis	10DD-1085__Diagnosis	WashU	P1	0.941
MEP-1__10DD-1085__Diagnosis	10DD-1085__Diagnosis	WashU	P8	0.94
MEP-2__10DD-1085__Diagnosis	10DD-1085__Diagnosis	WashU	P8	0.952
MPP-2__10DD-1085__Diagnosis	10DD-1085__Diagnosis	WashU	P9	0.963
MPP-MEP__10DD-1085__Diagnosis	10DD-1085__Diagnosis	WashU	P9	0.967
Mono-2__10DD-1085__Diagnosis	10DD-1085__Diagnosis	WashU	P14	0.927
MultiLin-GMP-2__10DD-1085__Diagnosis	10DD-1085__Diagnosis	WashU	P8	0.967
MultiLin-GMP-3__10DD-1085__Diagnosis	10DD-1085__Diagnosis	WashU	P8	0.956
Multilin-1__10DD-1085__Diagnosis	10DD-1085__Diagnosis	WashU	P6	0.959
Multilin-2__10DD-1085__Diagnosis	10DD-1085__Diagnosis	WashU	P9	0.961
Myeloid intermediate 1__10DD-1085__Diagnosis	10DD-1085__Diagnosis	WashU	P8	0.948
Myeloid intermediate 2__10DD-1085__Diagnosis	10DD-1085__Diagnosis	WashU	P1	0.954
Myeloid intermediate 3__10DD-1085__Diagnosis	10DD-1085__Diagnosis	WashU	P8	0.944
NK-Mature__10DD-1085__Diagnosis	10DD-1085__Diagnosis	WashU	P2	0.982
Non-Classical Mono-2__10DD-1085__Diagnosis	10DD-1085__Diagnosis	WashU	P2	0.965
Pro-B-Early__10DD-1085__Diagnosis	10DD-1085__Diagnosis	WashU	P1	0.908
T CD4 Naive-1__10DD-1085__Diagnosis	10DD-1085__Diagnosis	WashU	P2	0.975
T CD4 Naive-2__10DD-1085__Diagnosis	10DD-1085__Diagnosis	WashU	P2	0.982
T CD8 Naive__10DD-1085__Diagnosis	10DD-1085__Diagnosis	WashU	P2	0.974
cDC1__10DD-1085__Diagnosis	10DD-1085__Diagnosis	WashU	P8	0.93
preNeu__10DD-1085__Diagnosis	10DD-1085__Diagnosis	WashU	P8	0.954
CD4 TCM__10DD-1085__Relapse	10DD-1085__Relapse	WashU	P6	0.983
CD8 TEM__10DD-1085__Relapse	10DD-1085__Relapse	WashU	P6	0.981
Classical-Mono__10DD-1085__Relapse	10DD-1085__Relapse	WashU	P6	0.976
ERP-8__10DD-1085__Relapse	10DD-1085__Relapse	WashU	P7	0.977
Erythroblast-3__10DD-1085__Relapse	10DD-1085__Relapse	WashU	P7	0.964
Intermediate Mono-1__10DD-1085__Relapse	10DD-1085__Relapse	WashU	P6	0.951
Intermediate Mono-2__10DD-1085__Relapse	10DD-1085__Relapse	WashU	P6	0.972
LMPP-1__10DD-1085__Relapse	10DD-1085__Relapse	WashU	P9	0.962
LMPP-1-cycling__10DD-1085__Relapse	10DD-1085__Relapse	WashU	P9	0.955
LMPP-2__10DD-1085__Relapse	10DD-1085__Relapse	WashU	P8	0.919
MAIT__10DD-1085__Relapse	10DD-1085__Relapse	WashU	P8	0.98
MDP-2__10DD-1085__Relapse	10DD-1085__Relapse	WashU	P1	0.951
MEP-1__10DD-1085__Relapse	10DD-1085__Relapse	WashU	P9	0.925
MPP-MEP__10DD-1085__Relapse	10DD-1085__Relapse	WashU	P9	0.95
Mono-2__10DD-1085__Relapse	10DD-1085__Relapse	WashU	P8	0.934
MultiLin-GMP-2__10DD-1085__Relapse	10DD-1085__Relapse	WashU	P9	0.947
MultiLin-GMP-3__10DD-1085__Relapse	10DD-1085__Relapse	WashU	P9	0.959
Multilin-1__10DD-1085__Relapse	10DD-1085__Relapse	WashU	P9	0.951
Multilin-2__10DD-1085__Relapse	10DD-1085__Relapse	WashU	P8	0.96
NK-Mature__10DD-1085__Relapse	10DD-1085__Relapse	WashU	P6	0.983
Non-Classical Mono-2__10DD-1085__Relapse	10DD-1085__Relapse	WashU	P6	0.967
T CD4 Naive-1__10DD-1085__Relapse	10DD-1085__Relapse	WashU	P8	0.976
T CD4 Naive-2__10DD-1085__Relapse	10DD-1085__Relapse	WashU	P6	0.987
T CD8 Naive__10DD-1085__Relapse	10DD-1085__Relapse	WashU	P6	0.981
B Memory-1__10DD-1086__Diagnosis	10DD-1086__Diagnosis	WashU	P6	0.959
B Memory-2__10DD-1086__Diagnosis	10DD-1086__Diagnosis	WashU	P6	0.985
CD4 TCM__10DD-1086__Diagnosis	10DD-1086__Diagnosis	WashU	P6	0.988
CD8 TEM__10DD-1086__Diagnosis	10DD-1086__Diagnosis	WashU	P2	0.982
Classical-Mono__10DD-1086__Diagnosis	10DD-1086__Diagnosis	WashU	P6	0.967
ERP-3__10DD-1086__Diagnosis	10DD-1086__Diagnosis	WashU	P6	0.963
ERP-4__10DD-1086__Diagnosis	10DD-1086__Diagnosis	WashU	P6	0.966
ERP-5__10DD-1086__Diagnosis	10DD-1086__Diagnosis	WashU	P6	0.957
ERP-7__10DD-1086__Diagnosis	10DD-1086__Diagnosis	WashU	P6	0.96
ERP-8__10DD-1086__Diagnosis	10DD-1086__Diagnosis	WashU	P6	0.972
Erythroblast-3__10DD-1086__Diagnosis	10DD-1086__Diagnosis	WashU	P7	0.912
Intermediate Mono-1__10DD-1086__Diagnosis	10DD-1086__Diagnosis	WashU	P7	0.935
Intermediate Mono-2__10DD-1086__Diagnosis	10DD-1086__Diagnosis	WashU	P6	0.972
LMPP-1__10DD-1086__Diagnosis	10DD-1086__Diagnosis	WashU	P6	0.965
LMPP-1-cycling__10DD-1086__Diagnosis	10DD-1086__Diagnosis	WashU	P1	0.957
MAIT__10DD-1086__Diagnosis	10DD-1086__Diagnosis	WashU	P2	0.986
MEP-1__10DD-1086__Diagnosis	10DD-1086__Diagnosis	WashU	P6	0.951
MEP-Eryth-2__10DD-1086__Diagnosis	10DD-1086__Diagnosis	WashU	P6	0.961
MPP-MEP__10DD-1086__Diagnosis	10DD-1086__Diagnosis	WashU	P8	0.951
Mono-2__10DD-1086__Diagnosis	10DD-1086__Diagnosis	WashU	P6	0.944
MultiLin-GMP-2__10DD-1086__Diagnosis	10DD-1086__Diagnosis	WashU	P6	0.961
MultiLin-GMP-3__10DD-1086__Diagnosis	10DD-1086__Diagnosis	WashU	P6	0.959
NK-Mature__10DD-1086__Diagnosis	10DD-1086__Diagnosis	WashU	P2	0.988
Non-Classical Mono-2__10DD-1086__Diagnosis	10DD-1086__Diagnosis	WashU	P6	0.975
T CD4 Naive-1__10DD-1086__Diagnosis	10DD-1086__Diagnosis	WashU	P2	0.986
T CD4 Naive-2__10DD-1086__Diagnosis	10DD-1086__Diagnosis	WashU	P2	0.989
T CD8 Naive__10DD-1086__Diagnosis	10DD-1086__Diagnosis	WashU	P2	0.988
immNeu-1__10DD-1086__Diagnosis	10DD-1086__Diagnosis	WashU	P6	0.887
preNeu__10DD-1086__Diagnosis	10DD-1086__Diagnosis	WashU	P1	0.964
B Memory-1__10DD-1086__Treatment	10DD-1086__Treatment	WashU	P7	0.963
B Memory-2__10DD-1086__Treatment	10DD-1086__Treatment	WashU	P6	0.976
BMCP-1__10DD-1086__Treatment	10DD-1086__Treatment	WashU	P1	0.948
CD4 TCM__10DD-1086__Treatment	10DD-1086__Treatment	WashU	P6	0.982
CD8 TEM__10DD-1086__Treatment	10DD-1086__Treatment	WashU	P6	0.977
Classical-Mono__10DD-1086__Treatment	10DD-1086__Treatment	WashU	P1	0.955
ERP-2__10DD-1086__Treatment	10DD-1086__Treatment	WashU	P6	0.951
ERP-3__10DD-1086__Treatment	10DD-1086__Treatment	WashU	P6	0.964
ERP-4__10DD-1086__Treatment	10DD-1086__Treatment	WashU	P6	0.955
ERP-5__10DD-1086__Treatment	10DD-1086__Treatment	WashU	P6	0.954
ERP-7__10DD-1086__Treatment	10DD-1086__Treatment	WashU	P6	0.961
ERP-8__10DD-1086__Treatment	10DD-1086__Treatment	WashU	P6	0.949
Erythroblast-3__10DD-1086__Treatment	10DD-1086__Treatment	WashU	P7	0.864
Intermediate Mono-1__10DD-1086__Treatment	10DD-1086__Treatment	WashU	P7	0.921
Intermediate Mono-2__10DD-1086__Treatment	10DD-1086__Treatment	WashU	P1	0.956
LMPP-1__10DD-1086__Treatment	10DD-1086__Treatment	WashU	P1	0.968
LMPP-1-cycling__10DD-1086__Treatment	10DD-1086__Treatment	WashU	P1	0.964
MAIT__10DD-1086__Treatment	10DD-1086__Treatment	WashU	P6	0.98
MEP-1__10DD-1086__Treatment	10DD-1086__Treatment	WashU	P6	0.958
MEP-2__10DD-1086__Treatment	10DD-1086__Treatment	WashU	P1	0.952
MEP-Eryth-1__10DD-1086__Treatment	10DD-1086__Treatment	WashU	P6	0.937
MEP-Eryth-2__10DD-1086__Treatment	10DD-1086__Treatment	WashU	P6	0.957
MPP-MEP__10DD-1086__Treatment	10DD-1086__Treatment	WashU	P1	0.961
Mono-1__10DD-1086__Treatment	10DD-1086__Treatment	WashU	P1	0.934
Mono-2__10DD-1086__Treatment	10DD-1086__Treatment	WashU	P1	0.944
MultiLin-GMP-2__10DD-1086__Treatment	10DD-1086__Treatment	WashU	P1	0.97
MultiLin-GMP-3__10DD-1086__Treatment	10DD-1086__Treatment	WashU	P1	0.966
Multilin-1__10DD-1086__Treatment	10DD-1086__Treatment	WashU	P1	0.965
Myeloid intermediate 1__10DD-1086__Treatment	10DD-1086__Treatment	WashU	P1	0.95
Myeloid intermediate 3__10DD-1086__Treatment	10DD-1086__Treatment	WashU	P1	0.952
NK-Mature__10DD-1086__Treatment	10DD-1086__Treatment	WashU	P6	0.982
Non-Classical Mono-2__10DD-1086__Treatment	10DD-1086__Treatment	WashU	P1	0.961
Plasma Cell__10DD-1086__Treatment	10DD-1086__Treatment	WashU	P14	0.924
T CD4 Naive-1__10DD-1086__Treatment	10DD-1086__Treatment	WashU	P7	0.979
T CD4 Naive-2__10DD-1086__Treatment	10DD-1086__Treatment	WashU	P7	0.98
T CD8 Naive__10DD-1086__Treatment	10DD-1086__Treatment	WashU	P7	0.982
immNeu-1__10DD-1086__Treatment	10DD-1086__Treatment	WashU	P1	0.945
pDC__10DD-1086__Treatment	10DD-1086__Treatment	WashU	P7	0.95
preNeu__10DD-1086__Treatment	10DD-1086__Treatment	WashU	P1	0.971
B Memory-1__1102_E_N1c	1102_E_N1c	CCHMC	P3	0.976
B Memory-2__1102_E_N1c	1102_E_N1c	CCHMC	P2	0.958
CD4 TCM__1102_E_N1c	1102_E_N1c	CCHMC	P3	0.979
CD8 TEM__1102_E_N1c	1102_E_N1c	CCHMC	P8	0.972
Intermediate Mono-1__1102_E_N1c	1102_E_N1c	CCHMC	P3	0.949
Intermediate Mono-2__1102_E_N1c	1102_E_N1c	CCHMC	P3	0.955
Intermediate Mono-3__1102_E_N1c	1102_E_N1c	CCHMC	P3	0.965
LMPP-1-cycling__1102_E_N1c	1102_E_N1c	CCHMC	P12	0.96
LMPP-2__1102_E_N1c	1102_E_N1c	CCHMC	P14	0.953
MAIT__1102_E_N1c	1102_E_N1c	CCHMC	P3	0.975
MDP-1__1102_E_N1c	1102_E_N1c	CCHMC	P3	0.929
MDP-2__1102_E_N1c	1102_E_N1c	CCHMC	P10	0.929
MEP-2__1102_E_N1c	1102_E_N1c	CCHMC	P3	0.938
MPP-MEP__1102_E_N1c	1102_E_N1c	CCHMC	P14	0.957
MultiLin-GMP-1__1102_E_N1c	1102_E_N1c	CCHMC	P12	0.957
NK-Mature__1102_E_N1c	1102_E_N1c	CCHMC	P3	0.976
Non-Classical Mono-2__1102_E_N1c	1102_E_N1c	CCHMC	P3	0.961
Plasma Cell__1102_E_N1c	1102_E_N1c	CCHMC	P7	0.94
T CD4 Activated__1102_E_N1c	1102_E_N1c	CCHMC	P3	0.977
T CD4 Naive-1__1102_E_N1c	1102_E_N1c	CCHMC	P3	0.981
T CD4 Naive-2__1102_E_N1c	1102_E_N1c	CCHMC	P7	0.959
T CD8 Naive__1102_E_N1c	1102_E_N1c	CCHMC	P7	0.976
cDC1__1102_E_N1c	1102_E_N1c	CCHMC	P14	0.949
B Memory-1__1147_EInv16_44M	1147_EInv16_44M	CCHMC	P2	0.948
BMCP-1__1147_EInv16_44M	1147_EInv16_44M	CCHMC	P13	0.962
CD4 TCM__1147_EInv16_44M	1147_EInv16_44M	CCHMC	P6	0.952
CD8 TEM__1147_EInv16_44M	1147_EInv16_44M	CCHMC	P2	0.895
Classical-Mono__1147_EInv16_44M	1147_EInv16_44M	CCHMC	P0	0.951
Intermediate Mono-1__1147_EInv16_44M	1147_EInv16_44M	CCHMC	P3	0.957
Intermediate Mono-2__1147_EInv16_44M	1147_EInv16_44M	CCHMC	P7	0.938
Intermediate Mono-3__1147_EInv16_44M	1147_EInv16_44M	CCHMC	P10	0.962
LMPP-1__1147_EInv16_44M	1147_EInv16_44M	CCHMC	P13	0.973
LMPP-1-cycling__1147_EInv16_44M	1147_EInv16_44M	CCHMC	P13	0.984
LMPP-2__1147_EInv16_44M	1147_EInv16_44M	CCHMC	P13	0.976
MDP-1__1147_EInv16_44M	1147_EInv16_44M	CCHMC	P13	0.968
MDP-2__1147_EInv16_44M	1147_EInv16_44M	CCHMC	P13	0.976
MDP-3__1147_EInv16_44M	1147_EInv16_44M	CCHMC	P10	0.962
MEP-1__1147_EInv16_44M	1147_EInv16_44M	CCHMC	P13	0.969
MEP-2__1147_EInv16_44M	1147_EInv16_44M	CCHMC	P10	0.957
MPP-MEP__1147_EInv16_44M	1147_EInv16_44M	CCHMC	P13	0.981
Mono-1__1147_EInv16_44M	1147_EInv16_44M	CCHMC	P10	0.969
Mono-2__1147_EInv16_44M	1147_EInv16_44M	CCHMC	P10	0.957
MultiLin-GMP-1__1147_EInv16_44M	1147_EInv16_44M	CCHMC	P13	0.985
MultiLin-GMP-2__1147_EInv16_44M	1147_EInv16_44M	CCHMC	P13	0.984
MultiLin-GMP-3__1147_EInv16_44M	1147_EInv16_44M	CCHMC	P13	0.981
Multilin-1__1147_EInv16_44M	1147_EInv16_44M	CCHMC	P13	0.982
Myeloid intermediate 1__1147_EInv16_44M	1147_EInv16_44M	CCHMC	P14	0.966
Myeloid intermediate 2__1147_EInv16_44M	1147_EInv16_44M	CCHMC	P13	0.977
Myeloid intermediate 3__1147_EInv16_44M	1147_EInv16_44M	CCHMC	P14	0.968
Non-Classical Mono-2__1147_EInv16_44M	1147_EInv16_44M	CCHMC	P3	0.95
T CD4 Activated__1147_EInv16_44M	1147_EInv16_44M	CCHMC	P6	0.929
T CD4 Naive-1__1147_EInv16_44M	1147_EInv16_44M	CCHMC	P7	0.933
cDC1__1147_EInv16_44M	1147_EInv16_44M	CCHMC	P10	0.964
cDC2-1__1147_EInv16_44M	1147_EInv16_44M	CCHMC	P10	0.951
cDC2-2__1147_EInv16_44M	1147_EInv16_44M	CCHMC	P14	0.956
cMOP__1147_EInv16_44M	1147_EInv16_44M	CCHMC	P14	0.952
immNeu-1__1147_EInv16_44M	1147_EInv16_44M	CCHMC	P14	0.959
immNeu-2__1147_EInv16_44M	1147_EInv16_44M	CCHMC	P10	0.931
pDC__1147_EInv16_44M	1147_EInv16_44M	CCHMC	P13	0.944
pre-DC-2__1147_EInv16_44M	1147_EInv16_44M	CCHMC	P13	0.97
preNeu__1147_EInv16_44M	1147_EInv16_44M	CCHMC	P13	0.979
B Memory-1__1239_EST8_44M_N1c	1239_EST8_44M_N1c	CCHMC	P3	0.927
BMCP-1__1239_EST8_44M_N1c	1239_EST8_44M_N1c	CCHMC	P7	0.934
CD4 TCM__1239_EST8_44M_N1c	1239_EST8_44M_N1c	CCHMC	P3	0.944
CD8 TEM__1239_EST8_44M_N1c	1239_EST8_44M_N1c	CCHMC	P2	0.949
HSC-1__1239_EST8_44M_N1c	1239_EST8_44M_N1c	CCHMC	P7	0.903
Intermediate Mono-1__1239_EST8_44M_N1c	1239_EST8_44M_N1c	CCHMC	P3	0.894
Intermediate Mono-2__1239_EST8_44M_N1c	1239_EST8_44M_N1c	CCHMC	P3	0.924
Intermediate Mono-3__1239_EST8_44M_N1c	1239_EST8_44M_N1c	CCHMC	P3	0.909
LMPP-1__1239_EST8_44M_N1c	1239_EST8_44M_N1c	CCHMC	P7	0.939
LMPP-1-cycling__1239_EST8_44M_N1c	1239_EST8_44M_N1c	CCHMC	P7	0.945
LMPP-2__1239_EST8_44M_N1c	1239_EST8_44M_N1c	CCHMC	P3	0.94
MDP-1__1239_EST8_44M_N1c	1239_EST8_44M_N1c	CCHMC	P3	0.941
MDP-2__1239_EST8_44M_N1c	1239_EST8_44M_N1c	CCHMC	P7	0.951
MEP-1__1239_EST8_44M_N1c	1239_EST8_44M_N1c	CCHMC	P3	0.95
MEP-2__1239_EST8_44M_N1c	1239_EST8_44M_N1c	CCHMC	P1	0.95
MEP-Eryth-2__1239_EST8_44M_N1c	1239_EST8_44M_N1c	CCHMC	P6	0.947
MKP-early__1239_EST8_44M_N1c	1239_EST8_44M_N1c	CCHMC	P10	0.937
MPP-MEP__1239_EST8_44M_N1c	1239_EST8_44M_N1c	CCHMC	P9	0.941
Mono-1__1239_EST8_44M_N1c	1239_EST8_44M_N1c	CCHMC	P3	0.944
Mono-2__1239_EST8_44M_N1c	1239_EST8_44M_N1c	CCHMC	P3	0.919
MultiLin-GMP-1__1239_EST8_44M_N1c	1239_EST8_44M_N1c	CCHMC	P3	0.951
MultiLin-GMP-2__1239_EST8_44M_N1c	1239_EST8_44M_N1c	CCHMC	P7	0.949
MultiLin-GMP-3__1239_EST8_44M_N1c	1239_EST8_44M_N1c	CCHMC	P7	0.953
Multilin-1__1239_EST8_44M_N1c	1239_EST8_44M_N1c	CCHMC	P7	0.949
Multilin-2__1239_EST8_44M_N1c	1239_EST8_44M_N1c	CCHMC	P7	0.942
Myeloid intermediate 1__1239_EST8_44M_N1c	1239_EST8_44M_N1c	CCHMC	P3	0.939
Myeloid intermediate 2__1239_EST8_44M_N1c	1239_EST8_44M_N1c	CCHMC	P7	0.957
Myeloid intermediate 3__1239_EST8_44M_N1c	1239_EST8_44M_N1c	CCHMC	P3	0.932
Non-Classical Mono-2__1239_EST8_44M_N1c	1239_EST8_44M_N1c	CCHMC	P3	0.894
T CD4 Activated__1239_EST8_44M_N1c	1239_EST8_44M_N1c	CCHMC	P3	0.905
cDC1__1239_EST8_44M_N1c	1239_EST8_44M_N1c	CCHMC	P3	0.947
cDC2-1__1239_EST8_44M_N1c	1239_EST8_44M_N1c	CCHMC	P3	0.921
cDC2-2__1239_EST8_44M_N1c	1239_EST8_44M_N1c	CCHMC	P3	0.928
immNeu-1__1239_EST8_44M_N1c	1239_EST8_44M_N1c	CCHMC	P6	0.954
immNeu-2__1239_EST8_44M_N1c	1239_EST8_44M_N1c	CCHMC	P3	0.891
pre-DC-1__1239_EST8_44M_N1c	1239_EST8_44M_N1c	CCHMC	P7	0.924
pre-DC-2__1239_EST8_44M_N1c	1239_EST8_44M_N1c	CCHMC	P3	0.947
pre-DC-3__1239_EST8_44M_N1c	1239_EST8_44M_N1c	CCHMC	P7	0.939
preNeu__1239_EST8_44M_N1c	1239_EST8_44M_N1c	CCHMC	P7	0.959
CD4 TCM__143_AfST8_P64M	143_AfST8_P64M	CCHMC	P6	0.964
CD8 TEM__143_AfST8_P64M	143_AfST8_P64M	CCHMC	P6	0.947
Classical-Mono__143_AfST8_P64M	143_AfST8_P64M	CCHMC	P14	0.957
Intermediate Mono-1__143_AfST8_P64M	143_AfST8_P64M	CCHMC	P0	0.955
Intermediate Mono-3__143_AfST8_P64M	143_AfST8_P64M	CCHMC	P14	0.96
LMPP-1-cycling__143_AfST8_P64M	143_AfST8_P64M	CCHMC	P7	0.928
MAIT__143_AfST8_P64M	143_AfST8_P64M	CCHMC	P6	0.962
MEP-2__143_AfST8_P64M	143_AfST8_P64M	CCHMC	P0	0.923
MEP-Eryth-2__143_AfST8_P64M	143_AfST8_P64M	CCHMC	P6	0.911
MPP-MEP__143_AfST8_P64M	143_AfST8_P64M	CCHMC	P10	0.955
Mono-1__143_AfST8_P64M	143_AfST8_P64M	CCHMC	P14	0.964
Mono-2__143_AfST8_P64M	143_AfST8_P64M	CCHMC	P14	0.965
MultiLin-GMP-1__143_AfST8_P64M	143_AfST8_P64M	CCHMC	P1	0.952
Myeloid intermediate 3__143_AfST8_P64M	143_AfST8_P64M	CCHMC	P8	0.918
NK-Mature__143_AfST8_P64M	143_AfST8_P64M	CCHMC	P8	0.927
T CD4 Naive-1__143_AfST8_P64M	143_AfST8_P64M	CCHMC	P6	0.933
cMOP__143_AfST8_P64M	143_AfST8_P64M	CCHMC	P14	0.959
preNeu__143_AfST8_P64M	143_AfST8_P64M	CCHMC	P6	0.938
B Memory-1__1702-Et922-66F	1702-Et922-66F	CCHMC	P7	0.979
B Memory-2__1702-Et922-66F	1702-Et922-66F	CCHMC	P7	0.948
BMCP-1__1702-Et922-66F	1702-Et922-66F	CCHMC	P7	0.963
CD4 TCM__1702-Et922-66F	1702-Et922-66F	CCHMC	P2	0.982
CD8 TEM__1702-Et922-66F	1702-Et922-66F	CCHMC	P7	0.978
Classical-Mono__1702-Et922-66F	1702-Et922-66F	CCHMC	P0	0.954
Erythroblast-3__1702-Et922-66F	1702-Et922-66F	CCHMC	P14	0.923
Intermediate Mono-1__1702-Et922-66F	1702-Et922-66F	CCHMC	P0	0.96
Intermediate Mono-2__1702-Et922-66F	1702-Et922-66F	CCHMC	P0	0.952
Intermediate Mono-3__1702-Et922-66F	1702-Et922-66F	CCHMC	P0	0.974
LMPP-1__1702-Et922-66F	1702-Et922-66F	CCHMC	P7	0.979
LMPP-1-cycling__1702-Et922-66F	1702-Et922-66F	CCHMC	P7	0.977
LMPP-2__1702-Et922-66F	1702-Et922-66F	CCHMC	P8	0.947
MAIT__1702-Et922-66F	1702-Et922-66F	CCHMC	P3	0.952
MDP-1__1702-Et922-66F	1702-Et922-66F	CCHMC	P14	0.955
MDP-2__1702-Et922-66F	1702-Et922-66F	CCHMC	P0	0.973
MEP-1__1702-Et922-66F	1702-Et922-66F	CCHMC	P7	0.967
MEP-2__1702-Et922-66F	1702-Et922-66F	CCHMC	P0	0.964
MEP-Eryth-2__1702-Et922-66F	1702-Et922-66F	CCHMC	P7	0.962
MKP-early__1702-Et922-66F	1702-Et922-66F	CCHMC	P1	0.931
MPP-1__1702-Et922-66F	1702-Et922-66F	CCHMC	P9	0.959
MPP-2__1702-Et922-66F	1702-Et922-66F	CCHMC	P7	0.972
MPP-MEP__1702-Et922-66F	1702-Et922-66F	CCHMC	P0	0.972
Mono-1__1702-Et922-66F	1702-Et922-66F	CCHMC	P0	0.943
Mono-2__1702-Et922-66F	1702-Et922-66F	CCHMC	P0	0.964
MultiLin-GMP-1__1702-Et922-66F	1702-Et922-66F	CCHMC	P0	0.971
MultiLin-GMP-2__1702-Et922-66F	1702-Et922-66F	CCHMC	P7	0.977
MultiLin-GMP-3__1702-Et922-66F	1702-Et922-66F	CCHMC	P7	0.97
Multilin-1__1702-Et922-66F	1702-Et922-66F	CCHMC	P7	0.962
Myeloid intermediate 1__1702-Et922-66F	1702-Et922-66F	CCHMC	P0	0.973
Myeloid intermediate 2__1702-Et922-66F	1702-Et922-66F	CCHMC	P0	0.968
Myeloid intermediate 3__1702-Et922-66F	1702-Et922-66F	CCHMC	P0	0.971
NK-Mature__1702-Et922-66F	1702-Et922-66F	CCHMC	P2	0.938
Non-Classical Mono-2__1702-Et922-66F	1702-Et922-66F	CCHMC	P8	0.944
T CD4 Activated__1702-Et922-66F	1702-Et922-66F	CCHMC	P7	0.969
T CD4 Naive-1__1702-Et922-66F	1702-Et922-66F	CCHMC	P2	0.977
cDC1__1702-Et922-66F	1702-Et922-66F	CCHMC	P0	0.976
cDC2-1__1702-Et922-66F	1702-Et922-66F	CCHMC	P0	0.972
cDC2-2__1702-Et922-66F	1702-Et922-66F	CCHMC	P0	0.97
immNeu-1__1702-Et922-66F	1702-Et922-66F	CCHMC	P7	0.949
pre-DC-1__1702-Et922-66F	1702-Et922-66F	CCHMC	P0	0.966
pre-DC-2__1702-Et922-66F	1702-Et922-66F	CCHMC	P0	0.963
pre-DC-3__1702-Et922-66F	1702-Et922-66F	CCHMC	P5	0.948
preNeu__1702-Et922-66F	1702-Et922-66F	CCHMC	P0	0.973
B Memory-1__171_Af_N1c	171_Af_N1c	CCHMC	P3	0.963
CD4 TCM__171_Af_N1c	171_Af_N1c	CCHMC	P8	0.965
CD8 TEM__171_Af_N1c	171_Af_N1c	CCHMC	P6	0.951
Intermediate Mono-1__171_Af_N1c	171_Af_N1c	CCHMC	P3	0.925
MAIT__171_Af_N1c	171_Af_N1c	CCHMC	P3	0.945
MEP-2__171_Af_N1c	171_Af_N1c	CCHMC	P14	0.925
MPP-1__171_Af_N1c	171_Af_N1c	CCHMC	P3	0.944
MPP-MEP__171_Af_N1c	171_Af_N1c	CCHMC	P14	0.945
Mono-1__171_Af_N1c	171_Af_N1c	CCHMC	P14	0.909
MultiLin-GMP-1__171_Af_N1c	171_Af_N1c	CCHMC	P14	0.942
Myeloid intermediate 3__171_Af_N1c	171_Af_N1c	CCHMC	P8	0.867
NK-Mature__171_Af_N1c	171_Af_N1c	CCHMC	P3	0.942
Non-Classical Mono-2__171_Af_N1c	171_Af_N1c	CCHMC	P3	0.91
T CD4 Activated__171_Af_N1c	171_Af_N1c	CCHMC	P8	0.956
T CD4 Naive-1__171_Af_N1c	171_Af_N1c	CCHMC	P3	0.968
cMOP__171_Af_N1c	171_Af_N1c	CCHMC	P14	0.894
B Memory-1__1744_E_N1c	1744_E_N1c	CCHMC	P6	0.986
B Memory-2__1744_E_N1c	1744_E_N1c	CCHMC	P8	0.95
CD4 TCM__1744_E_N1c	1744_E_N1c	CCHMC	P8	0.978
CD8 TEM__1744_E_N1c	1744_E_N1c	CCHMC	P2	0.978
Intermediate Mono-3__1744_E_N1c	1744_E_N1c	CCHMC	P14	0.935
MAIT__1744_E_N1c	1744_E_N1c	CCHMC	P6	0.975
MEP-2__1744_E_N1c	1744_E_N1c	CCHMC	P14	0.929
MPP-MEP__1744_E_N1c	1744_E_N1c	CCHMC	P14	0.956
MultiLin-GMP-1__1744_E_N1c	1744_E_N1c	CCHMC	P14	0.95
Myeloid intermediate 3__1744_E_N1c	1744_E_N1c	CCHMC	P8	0.904
NK-Mature__1744_E_N1c	1744_E_N1c	CCHMC	P2	0.977
Non-Classical Mono-2__1744_E_N1c	1744_E_N1c	CCHMC	P8	0.958
Plasma Cell__1744_E_N1c	1744_E_N1c	CCHMC	P2	0.92
T CD4 Naive-1__1744_E_N1c	1744_E_N1c	CCHMC	P6	0.978
T CD8 Naive__1744_E_N1c	1744_E_N1c	CCHMC	P2	0.962
cDC2-2__1744_E_N1c	1744_E_N1c	CCHMC	P14	0.944
preNeu__1744_E_N1c	1744_E_N1c	CCHMC	P6	0.915
BMCP-1__1782_Aft36_P71F	1782_Aft36_P71F	CCHMC	P2	0.943
CD4 TCM__1782_Aft36_P71F	1782_Aft36_P71F	CCHMC	P3	0.978
CD8 TEM__1782_Aft36_P71F	1782_Aft36_P71F	CCHMC	P3	0.923
ERP-1__1782_Aft36_P71F	1782_Aft36_P71F	CCHMC	P6	0.958
Intermediate Mono-1__1782_Aft36_P71F	1782_Aft36_P71F	CCHMC	P3	0.96
Intermediate Mono-2__1782_Aft36_P71F	1782_Aft36_P71F	CCHMC	P3	0.96
Intermediate Mono-3__1782_Aft36_P71F	1782_Aft36_P71F	CCHMC	P3	0.962
LMPP-1__1782_Aft36_P71F	1782_Aft36_P71F	CCHMC	P7	0.962
LMPP-1-cycling__1782_Aft36_P71F	1782_Aft36_P71F	CCHMC	P10	0.965
LMPP-2__1782_Aft36_P71F	1782_Aft36_P71F	CCHMC	P10	0.956
MAIT__1782_Aft36_P71F	1782_Aft36_P71F	CCHMC	P3	0.951
MDP-1__1782_Aft36_P71F	1782_Aft36_P71F	CCHMC	P14	0.952
MEP-1__1782_Aft36_P71F	1782_Aft36_P71F	CCHMC	P10	0.964
MEP-2__1782_Aft36_P71F	1782_Aft36_P71F	CCHMC	P14	0.964
MEP-Eryth-2__1782_Aft36_P71F	1782_Aft36_P71F	CCHMC	P7	0.961
MPP-1__1782_Aft36_P71F	1782_Aft36_P71F	CCHMC	P3	0.953
MPP-2__1782_Aft36_P71F	1782_Aft36_P71F	CCHMC	P13	0.957
MPP-MEP__1782_Aft36_P71F	1782_Aft36_P71F	CCHMC	P3	0.958
Mono-2__1782_Aft36_P71F	1782_Aft36_P71F	CCHMC	P3	0.95
MultiLin-GMP-1__1782_Aft36_P71F	1782_Aft36_P71F	CCHMC	P7	0.952
MultiLin-GMP-2__1782_Aft36_P71F	1782_Aft36_P71F	CCHMC	P7	0.966
MultiLin-GMP-3__1782_Aft36_P71F	1782_Aft36_P71F	CCHMC	P7	0.958
Multilin-1__1782_Aft36_P71F	1782_Aft36_P71F	CCHMC	P10	0.959
Myeloid intermediate 1__1782_Aft36_P71F	1782_Aft36_P71F	CCHMC	P14	0.954
Myeloid intermediate 2__1782_Aft36_P71F	1782_Aft36_P71F	CCHMC	P6	0.958
Myeloid intermediate 3__1782_Aft36_P71F	1782_Aft36_P71F	CCHMC	P3	0.956
NK-Mature__1782_Aft36_P71F	1782_Aft36_P71F	CCHMC	P3	0.938
Non-Classical Mono-2__1782_Aft36_P71F	1782_Aft36_P71F	CCHMC	P3	0.968
T CD4 Activated__1782_Aft36_P71F	1782_Aft36_P71F	CCHMC	P6	0.96
cDC2-2__1782_Aft36_P71F	1782_Aft36_P71F	CCHMC	P14	0.955
preNeu__1782_Aft36_P71F	1782_Aft36_P71F	CCHMC	P1	0.956
B Memory-1__1827_Af_N1c	1827_Af_N1c	CCHMC	P8	0.977
CD4 TCM__1827_Af_N1c	1827_Af_N1c	CCHMC	P8	0.977
CD8 TEM__1827_Af_N1c	1827_Af_N1c	CCHMC	P8	0.969
ERP-1__1827_Af_N1c	1827_Af_N1c	CCHMC	P14	0.925
ERP-6__1827_Af_N1c	1827_Af_N1c	CCHMC	P6	0.929
ERP-8__1827_Af_N1c	1827_Af_N1c	CCHMC	P3	0.942
Erythroblast-3__1827_Af_N1c	1827_Af_N1c	CCHMC	P6	0.933
LMPP-2__1827_Af_N1c	1827_Af_N1c	CCHMC	P8	0.922
MAIT__1827_Af_N1c	1827_Af_N1c	CCHMC	P8	0.975
MEP-2__1827_Af_N1c	1827_Af_N1c	CCHMC	P14	0.946
MPP-MEP__1827_Af_N1c	1827_Af_N1c	CCHMC	P14	0.941
MultiLin-GMP-1__1827_Af_N1c	1827_Af_N1c	CCHMC	P5	0.92
NK-Mature__1827_Af_N1c	1827_Af_N1c	CCHMC	P8	0.963
Plasma Cell__1827_Af_N1c	1827_Af_N1c	CCHMC	P8	0.966
T CD4 Activated__1827_Af_N1c	1827_Af_N1c	CCHMC	P8	0.969
T CD4 Naive-1__1827_Af_N1c	1827_Af_N1c	CCHMC	P8	0.969
B Memory-1__184874__Diagnosis	184874__Diagnosis	WashU	P2	0.973
B Memory-2__184874__Diagnosis	184874__Diagnosis	WashU	P2	0.976
CD4 TCM__184874__Diagnosis	184874__Diagnosis	WashU	P2	0.971
CD8 TEM__184874__Diagnosis	184874__Diagnosis	WashU	P2	0.974
Classical-Mono__184874__Diagnosis	184874__Diagnosis	WashU	P2	0.975
ERP-2__184874__Diagnosis	184874__Diagnosis	WashU	P7	0.966
ERP-6__184874__Diagnosis	184874__Diagnosis	WashU	P6	0.964
ERP-7__184874__Diagnosis	184874__Diagnosis	WashU	P6	0.975
ERP-8__184874__Diagnosis	184874__Diagnosis	WashU	P7	0.978
Erythroblast-1__184874__Diagnosis	184874__Diagnosis	WashU	P7	0.916
Erythroblast-3__184874__Diagnosis	184874__Diagnosis	WashU	P7	0.947
Intermediate Mono-1__184874__Diagnosis	184874__Diagnosis	WashU	P2	0.968
Intermediate Mono-2__184874__Diagnosis	184874__Diagnosis	WashU	P2	0.973
Intermediate Mono-3__184874__Diagnosis	184874__Diagnosis	WashU	P10	0.939
MAIT__184874__Diagnosis	184874__Diagnosis	WashU	P2	0.968
MEP-Eryth-1__184874__Diagnosis	184874__Diagnosis	WashU	P8	0.965
Mono-2__184874__Diagnosis	184874__Diagnosis	WashU	P2	0.954
NK-Mature__184874__Diagnosis	184874__Diagnosis	WashU	P2	0.98
Non-Classical Mono-2__184874__Diagnosis	184874__Diagnosis	WashU	P2	0.976
T CD4 Naive-1__184874__Diagnosis	184874__Diagnosis	WashU	P2	0.975
T CD4 Naive-2__184874__Diagnosis	184874__Diagnosis	WashU	P2	0.978
T CD8 Naive__184874__Diagnosis	184874__Diagnosis	WashU	P2	0.974
cDC2-1__184874__Diagnosis	184874__Diagnosis	WashU	P2	0.958
pDC__184874__Diagnosis	184874__Diagnosis	WashU	P6	0.94
B Memory-1__1893_Af_N1c	1893_Af_N1c	CCHMC	P3	0.96
CD4 TCM__1893_Af_N1c	1893_Af_N1c	CCHMC	P3	0.957
CD8 TEM__1893_Af_N1c	1893_Af_N1c	CCHMC	P14	0.933
Intermediate Mono-1__1893_Af_N1c	1893_Af_N1c	CCHMC	P14	0.928
Intermediate Mono-3__1893_Af_N1c	1893_Af_N1c	CCHMC	P14	0.938
MEP-2__1893_Af_N1c	1893_Af_N1c	CCHMC	P14	0.931
MPP-1__1893_Af_N1c	1893_Af_N1c	CCHMC	P14	0.877
MPP-MEP__1893_Af_N1c	1893_Af_N1c	CCHMC	P14	0.929
MultiLin-GMP-1__1893_Af_N1c	1893_Af_N1c	CCHMC	P3	0.95
Non-Classical Mono-2__1893_Af_N1c	1893_Af_N1c	CCHMC	P14	0.919
T CD4 Activated__1893_Af_N1c	1893_Af_N1c	CCHMC	P3	0.96
T CD4 Naive-1__1893_Af_N1c	1893_Af_N1c	CCHMC	P3	0.97
cDC2-2__1893_Af_N1c	1893_Af_N1c	CCHMC	P14	0.919
B Memory-1__1906_Aft82_P36M	1906_Aft82_P36M	CCHMC	P10	0.948
BMCP-1__1906_Aft82_P36M	1906_Aft82_P36M	CCHMC	P10	0.943
CD4 TCM__1906_Aft82_P36M	1906_Aft82_P36M	CCHMC	P6	0.968
CD8 TEM__1906_Aft82_P36M	1906_Aft82_P36M	CCHMC	P2	0.957
CLP__1906_Aft82_P36M	1906_Aft82_P36M	CCHMC	P10	0.95
Intermediate Mono-3__1906_Aft82_P36M	1906_Aft82_P36M	CCHMC	P14	0.939
LMPP-1-cycling__1906_Aft82_P36M	1906_Aft82_P36M	CCHMC	P10	0.957
LMPP-2__1906_Aft82_P36M	1906_Aft82_P36M	CCHMC	P10	0.961
MAIT__1906_Aft82_P36M	1906_Aft82_P36M	CCHMC	P2	0.961
MDP-1__1906_Aft82_P36M	1906_Aft82_P36M	CCHMC	P14	0.894
MEP-1__1906_Aft82_P36M	1906_Aft82_P36M	CCHMC	P10	0.942
MEP-2__1906_Aft82_P36M	1906_Aft82_P36M	CCHMC	P10	0.933
MEP-Eryth-2__1906_Aft82_P36M	1906_Aft82_P36M	CCHMC	P10	0.94
MPP-MEP__1906_Aft82_P36M	1906_Aft82_P36M	CCHMC	P10	0.952
Mono-1__1906_Aft82_P36M	1906_Aft82_P36M	CCHMC	P14	0.935
MultiLin-GMP-1__1906_Aft82_P36M	1906_Aft82_P36M	CCHMC	P10	0.969
MultiLin-GMP-2__1906_Aft82_P36M	1906_Aft82_P36M	CCHMC	P10	0.965
Multilin-1__1906_Aft82_P36M	1906_Aft82_P36M	CCHMC	P10	0.958
Myeloid intermediate 1__1906_Aft82_P36M	1906_Aft82_P36M	CCHMC	P10	0.955
Myeloid intermediate 3__1906_Aft82_P36M	1906_Aft82_P36M	CCHMC	P14	0.946
NK-Mature__1906_Aft82_P36M	1906_Aft82_P36M	CCHMC	P2	0.943
Pro-B-3__1906_Aft82_P36M	1906_Aft82_P36M	CCHMC	P10	0.944
Pro-B-cycling-1__1906_Aft82_P36M	1906_Aft82_P36M	CCHMC	P10	0.924
T CD4 Activated__1906_Aft82_P36M	1906_Aft82_P36M	CCHMC	P7	0.955
T CD4 Naive-1__1906_Aft82_P36M	1906_Aft82_P36M	CCHMC	P7	0.965
T CD8 Naive__1906_Aft82_P36M	1906_Aft82_P36M	CCHMC	P7	0.949
cMOP__1906_Aft82_P36M	1906_Aft82_P36M	CCHMC	P14	0.916
immNeu-1__1906_Aft82_P36M	1906_Aft82_P36M	CCHMC	P8	0.922
preNeu__1906_Aft82_P36M	1906_Aft82_P36M	CCHMC	P10	0.968
B Memory-1__2140_E_N1c	2140_E_N1c	CCHMC	P0	0.971
CD4 TCM__2140_E_N1c	2140_E_N1c	CCHMC	P0	0.972
CD8 TEM__2140_E_N1c	2140_E_N1c	CCHMC	P2	0.972
Intermediate Mono-1__2140_E_N1c	2140_E_N1c	CCHMC	P14	0.964
Intermediate Mono-2__2140_E_N1c	2140_E_N1c	CCHMC	P14	0.967
Intermediate Mono-3__2140_E_N1c	2140_E_N1c	CCHMC	P14	0.966
MAIT__2140_E_N1c	2140_E_N1c	CCHMC	P0	0.967
MDP-1__2140_E_N1c	2140_E_N1c	CCHMC	P14	0.941
MDP-2__2140_E_N1c	2140_E_N1c	CCHMC	P14	0.947
MEP-2__2140_E_N1c	2140_E_N1c	CCHMC	P14	0.945
MPP-MEP__2140_E_N1c	2140_E_N1c	CCHMC	P14	0.96
Mono-1__2140_E_N1c	2140_E_N1c	CCHMC	P14	0.951
Mono-2__2140_E_N1c	2140_E_N1c	CCHMC	P14	0.955
MultiLin-GMP-1__2140_E_N1c	2140_E_N1c	CCHMC	P14	0.954
Myeloid intermediate 2__2140_E_N1c	2140_E_N1c	CCHMC	P14	0.947
NK-Mature__2140_E_N1c	2140_E_N1c	CCHMC	P0	0.963
Non-Classical Mono-2__2140_E_N1c	2140_E_N1c	CCHMC	P14	0.97
T CD4 Activated__2140_E_N1c	2140_E_N1c	CCHMC	P0	0.964
T CD4 Naive-1__2140_E_N1c	2140_E_N1c	CCHMC	P0	0.965
cDC1__2140_E_N1c	2140_E_N1c	CCHMC	P14	0.965
cDC2-1__2140_E_N1c	2140_E_N1c	CCHMC	P14	0.961
cDC2-2__2140_E_N1c	2140_E_N1c	CCHMC	P14	0.967
pre-DC-2__2140_E_N1c	2140_E_N1c	CCHMC	P14	0.956
B Memory-1__220882__Diagnosis	220882__Diagnosis	WashU	P8	0.947
B Memory-2__220882__Diagnosis	220882__Diagnosis	WashU	P1	0.959
BMCP-1__220882__Diagnosis	220882__Diagnosis	WashU	P14	0.935
CD4 TCM__220882__Diagnosis	220882__Diagnosis	WashU	P2	0.955
CD8 TEM__220882__Diagnosis	220882__Diagnosis	WashU	P2	0.965
Classical-Mono__220882__Diagnosis	220882__Diagnosis	WashU	P7	0.95
ERP-5__220882__Diagnosis	220882__Diagnosis	WashU	P6	0.961
ERP-6__220882__Diagnosis	220882__Diagnosis	WashU	P1	0.968
ERP-7__220882__Diagnosis	220882__Diagnosis	WashU	P6	0.96
ERP-8__220882__Diagnosis	220882__Diagnosis	WashU	P6	0.955
Erythroblast-3__220882__Diagnosis	220882__Diagnosis	WashU	P7	0.917
Intermediate Mono-1__220882__Diagnosis	220882__Diagnosis	WashU	P1	0.952
Intermediate Mono-2__220882__Diagnosis	220882__Diagnosis	WashU	P1	0.959
Intermediate Mono-3__220882__Diagnosis	220882__Diagnosis	WashU	P1	0.917
LMPP-1__220882__Diagnosis	220882__Diagnosis	WashU	P1	0.981
LMPP-1-cycling__220882__Diagnosis	220882__Diagnosis	WashU	P1	0.971
LMPP-2__220882__Diagnosis	220882__Diagnosis	WashU	P8	0.919
MAIT__220882__Diagnosis	220882__Diagnosis	WashU	P2	0.939
MDP-2__220882__Diagnosis	220882__Diagnosis	WashU	P14	0.962
MDP-3__220882__Diagnosis	220882__Diagnosis	WashU	P14	0.944
MDP-6__220882__Diagnosis	220882__Diagnosis	WashU	P14	0.952
MEP-1__220882__Diagnosis	220882__Diagnosis	WashU	P1	0.965
MEP-2__220882__Diagnosis	220882__Diagnosis	WashU	P8	0.945
MEP-Eryth-2__220882__Diagnosis	220882__Diagnosis	WashU	P1	0.97
MPP-2__220882__Diagnosis	220882__Diagnosis	WashU	P1	0.971
MPP-MEP__220882__Diagnosis	220882__Diagnosis	WashU	P14	0.964
Mono-2__220882__Diagnosis	220882__Diagnosis	WashU	P1	0.953
MultiLin-GMP-2__220882__Diagnosis	220882__Diagnosis	WashU	P1	0.979
MultiLin-GMP-3__220882__Diagnosis	220882__Diagnosis	WashU	P1	0.977
Multilin-1__220882__Diagnosis	220882__Diagnosis	WashU	P1	0.973
Multilin-2__220882__Diagnosis	220882__Diagnosis	WashU	P1	0.961
Myeloid intermediate 1__220882__Diagnosis	220882__Diagnosis	WashU	P1	0.972
Myeloid intermediate 2__220882__Diagnosis	220882__Diagnosis	WashU	P1	0.974
Myeloid intermediate 3__220882__Diagnosis	220882__Diagnosis	WashU	P1	0.963
NK-Mature__220882__Diagnosis	220882__Diagnosis	WashU	P2	0.964
Non-Classical Mono-2__220882__Diagnosis	220882__Diagnosis	WashU	P1	0.954
T CD4 Naive-1__220882__Diagnosis	220882__Diagnosis	WashU	P2	0.96
T CD8 Naive__220882__Diagnosis	220882__Diagnosis	WashU	P2	0.947
cDC1__220882__Diagnosis	220882__Diagnosis	WashU	P1	0.967
cDC2-1__220882__Diagnosis	220882__Diagnosis	WashU	P1	0.946
immNeu-1__220882__Diagnosis	220882__Diagnosis	WashU	P14	0.955
pDC__220882__Diagnosis	220882__Diagnosis	WashU	P1	0.954
pre-DC-1__220882__Diagnosis	220882__Diagnosis	WashU	P1	0.949
pre-DC-2__220882__Diagnosis	220882__Diagnosis	WashU	P1	0.967
preNeu__220882__Diagnosis	220882__Diagnosis	WashU	P1	0.974
BMCP-1__220882__Relapse	220882__Relapse	WashU	P6	0.965
CD4 TCM__220882__Relapse	220882__Relapse	WashU	P2	0.977
CD8 TEM__220882__Relapse	220882__Relapse	WashU	P2	0.976
Classical-Mono__220882__Relapse	220882__Relapse	WashU	P5	0.965
ERP-3__220882__Relapse	220882__Relapse	WashU	P6	0.971
Erythroblast-3__220882__Relapse	220882__Relapse	WashU	P6	0.959
Intermediate Mono-1__220882__Relapse	220882__Relapse	WashU	P5	0.958
Intermediate Mono-2__220882__Relapse	220882__Relapse	WashU	P6	0.97
Intermediate Mono-3__220882__Relapse	220882__Relapse	WashU	P2	0.947
LMPP-1__220882__Relapse	220882__Relapse	WashU	P6	0.976
LMPP-1-cycling__220882__Relapse	220882__Relapse	WashU	P10	0.965
LMPP-2__220882__Relapse	220882__Relapse	WashU	P8	0.944
MAIT__220882__Relapse	220882__Relapse	WashU	P2	0.953
MDP-2__220882__Relapse	220882__Relapse	WashU	P1	0.96
MEP-1__220882__Relapse	220882__Relapse	WashU	P6	0.977
MEP-Eryth-1__220882__Relapse	220882__Relapse	WashU	P6	0.973
MEP-Eryth-2__220882__Relapse	220882__Relapse	WashU	P6	0.979
MPP-2__220882__Relapse	220882__Relapse	WashU	P8	0.966
MPP-MEP__220882__Relapse	220882__Relapse	WashU	P8	0.965
Mono-2__220882__Relapse	220882__Relapse	WashU	P8	0.951
MultiLin-GMP-2__220882__Relapse	220882__Relapse	WashU	P6	0.978
MultiLin-GMP-3__220882__Relapse	220882__Relapse	WashU	P6	0.979
Multilin-1__220882__Relapse	220882__Relapse	WashU	P6	0.975
Multilin-2__220882__Relapse	220882__Relapse	WashU	P1	0.962
Myeloid intermediate 1__220882__Relapse	220882__Relapse	WashU	P8	0.942
Myeloid intermediate 2__220882__Relapse	220882__Relapse	WashU	P8	0.968
Myeloid intermediate 3__220882__Relapse	220882__Relapse	WashU	P8	0.933
NK-Mature__220882__Relapse	220882__Relapse	WashU	P2	0.972
Non-Classical Mono-2__220882__Relapse	220882__Relapse	WashU	P6	0.967
T CD4 Naive-1__220882__Relapse	220882__Relapse	WashU	P2	0.952
T CD4 Naive-2__220882__Relapse	220882__Relapse	WashU	P2	0.973
T CD8 Naive__220882__Relapse	220882__Relapse	WashU	P2	0.963
cDC1__220882__Relapse	220882__Relapse	WashU	P10	0.959
cDC2-1__220882__Relapse	220882__Relapse	WashU	P6	0.949
immNeu-1__220882__Relapse	220882__Relapse	WashU	P8	0.937
pre-DC-1__220882__Relapse	220882__Relapse	WashU	P7	0.795
pre-DC-2__220882__Relapse	220882__Relapse	WashU	P8	0.958
preNeu__220882__Relapse	220882__Relapse	WashU	P8	0.973
B Memory-2__220882__Treatment	220882__Treatment	WashU	P2	0.962
CD4 TCM__220882__Treatment	220882__Treatment	WashU	P2	0.979
CD8 TEM__220882__Treatment	220882__Treatment	WashU	P2	0.976
Classical-Mono__220882__Treatment	220882__Treatment	WashU	P2	0.978
ERP-7__220882__Treatment	220882__Treatment	WashU	P7	0.981
ERP-8__220882__Treatment	220882__Treatment	WashU	P7	0.98
Erythroblast-3__220882__Treatment	220882__Treatment	WashU	P6	0.962
Intermediate Mono-1__220882__Treatment	220882__Treatment	WashU	P0	0.968
Intermediate Mono-2__220882__Treatment	220882__Treatment	WashU	P2	0.977
Intermediate Mono-3__220882__Treatment	220882__Treatment	WashU	P2	0.952
MAIT__220882__Treatment	220882__Treatment	WashU	P2	0.969
Mono-2__220882__Treatment	220882__Treatment	WashU	P8	0.957
Myeloid intermediate 2__220882__Treatment	220882__Treatment	WashU	P6	0.963
NK-Mature__220882__Treatment	220882__Treatment	WashU	P2	0.975
Non-Classical Mono-2__220882__Treatment	220882__Treatment	WashU	P2	0.975
T CD4 Naive-1__220882__Treatment	220882__Treatment	WashU	P2	0.978
T CD4 Naive-2__220882__Treatment	220882__Treatment	WashU	P2	0.982
T CD8 Naive__220882__Treatment	220882__Treatment	WashU	P2	0.973
cDC1__220882__Treatment	220882__Treatment	WashU	P8	0.942
cDC2-1__220882__Treatment	220882__Treatment	WashU	P6	0.961
pre-DC-1__220882__Treatment	220882__Treatment	WashU	P6	0.956
BMCP-1__2270_Aft36_P71F	2270_Aft36_P71F	CCHMC	P3	0.966
CD4 TCM__2270_Aft36_P71F	2270_Aft36_P71F	CCHMC	P3	0.98
CD8 TEM__2270_Aft36_P71F	2270_Aft36_P71F	CCHMC	P2	0.969
Classical-Mono__2270_Aft36_P71F	2270_Aft36_P71F	CCHMC	P14	0.936
ERP-1__2270_Aft36_P71F	2270_Aft36_P71F	CCHMC	P7	0.97
ERP-2__2270_Aft36_P71F	2270_Aft36_P71F	CCHMC	P7	0.962
ERP-4__2270_Aft36_P71F	2270_Aft36_P71F	CCHMC	P7	0.957
HSC-2__2270_Aft36_P71F	2270_Aft36_P71F	CCHMC	P7	0.952
Intermediate Mono-1__2270_Aft36_P71F	2270_Aft36_P71F	CCHMC	P3	0.966
Intermediate Mono-2__2270_Aft36_P71F	2270_Aft36_P71F	CCHMC	P3	0.964
Intermediate Mono-3__2270_Aft36_P71F	2270_Aft36_P71F	CCHMC	P3	0.978
LMPP-1__2270_Aft36_P71F	2270_Aft36_P71F	CCHMC	P7	0.974
LMPP-1-cycling__2270_Aft36_P71F	2270_Aft36_P71F	CCHMC	P7	0.973
LMPP-2__2270_Aft36_P71F	2270_Aft36_P71F	CCHMC	P3	0.964
MAIT__2270_Aft36_P71F	2270_Aft36_P71F	CCHMC	P8	0.965
MDP-1__2270_Aft36_P71F	2270_Aft36_P71F	CCHMC	P7	0.971
MDP-2__2270_Aft36_P71F	2270_Aft36_P71F	CCHMC	P7	0.973
MEP-1__2270_Aft36_P71F	2270_Aft36_P71F	CCHMC	P7	0.971
MEP-2__2270_Aft36_P71F	2270_Aft36_P71F	CCHMC	P7	0.973
MEP-Eryth-2__2270_Aft36_P71F	2270_Aft36_P71F	CCHMC	P7	0.97
MK-Platelet__2270_Aft36_P71F	2270_Aft36_P71F	CCHMC	P7	0.879
MKP-early__2270_Aft36_P71F	2270_Aft36_P71F	CCHMC	P7	0.96
MKP-late__2270_Aft36_P71F	2270_Aft36_P71F	CCHMC	P10	0.926
MPP-1__2270_Aft36_P71F	2270_Aft36_P71F	CCHMC	P7	0.967
MPP-2__2270_Aft36_P71F	2270_Aft36_P71F	CCHMC	P7	0.973
MPP-MEP__2270_Aft36_P71F	2270_Aft36_P71F	CCHMC	P3	0.971
Mono-1__2270_Aft36_P71F	2270_Aft36_P71F	CCHMC	P14	0.972
Mono-2__2270_Aft36_P71F	2270_Aft36_P71F	CCHMC	P3	0.972
MultiLin-GMP-1__2270_Aft36_P71F	2270_Aft36_P71F	CCHMC	P7	0.976
MultiLin-GMP-2__2270_Aft36_P71F	2270_Aft36_P71F	CCHMC	P7	0.976
MultiLin-GMP-3__2270_Aft36_P71F	2270_Aft36_P71F	CCHMC	P7	0.972
Multilin-1__2270_Aft36_P71F	2270_Aft36_P71F	CCHMC	P7	0.973
Multilin-2__2270_Aft36_P71F	2270_Aft36_P71F	CCHMC	P7	0.969
Myeloid intermediate 1__2270_Aft36_P71F	2270_Aft36_P71F	CCHMC	P14	0.964
Myeloid intermediate 2__2270_Aft36_P71F	2270_Aft36_P71F	CCHMC	P7	0.971
Myeloid intermediate 3__2270_Aft36_P71F	2270_Aft36_P71F	CCHMC	P3	0.969
NK-Mature__2270_Aft36_P71F	2270_Aft36_P71F	CCHMC	P2	0.969
Non-Classical Mono-2__2270_Aft36_P71F	2270_Aft36_P71F	CCHMC	P3	0.968
Plasma Cell__2270_Aft36_P71F	2270_Aft36_P71F	CCHMC	P7	0.938
T CD4 Activated__2270_Aft36_P71F	2270_Aft36_P71F	CCHMC	P3	0.971
T CD4 Naive-1__2270_Aft36_P71F	2270_Aft36_P71F	CCHMC	P7	0.976
cDC1__2270_Aft36_P71F	2270_Aft36_P71F	CCHMC	P7	0.975
cDC2-1__2270_Aft36_P71F	2270_Aft36_P71F	CCHMC	P3	0.962
cDC2-2__2270_Aft36_P71F	2270_Aft36_P71F	CCHMC	P3	0.967
immNeu-2__2270_Aft36_P71F	2270_Aft36_P71F	CCHMC	P8	0.911
pDC__2270_Aft36_P71F	2270_Aft36_P71F	CCHMC	P10	0.942
pre-DC-2__2270_Aft36_P71F	2270_Aft36_P71F	CCHMC	P3	0.974
pre-DC-3__2270_Aft36_P71F	2270_Aft36_P71F	CCHMC	P7	0.961
preNeu__2270_Aft36_P71F	2270_Aft36_P71F	CCHMC	P14	0.971
B Memory-1__2660_Ast82_38M	2660_Ast82_38M	CCHMC	P2	0.977
BMCP-1__2660_Ast82_38M	2660_Ast82_38M	CCHMC	P10	0.954
CD4 TCM__2660_Ast82_38M	2660_Ast82_38M	CCHMC	P8	0.98
CD8 TEM__2660_Ast82_38M	2660_Ast82_38M	CCHMC	P2	0.973
CLP__2660_Ast82_38M	2660_Ast82_38M	CCHMC	P10	0.924
Intermediate Mono-1__2660_Ast82_38M	2660_Ast82_38M	CCHMC	P3	0.945
Intermediate Mono-3__2660_Ast82_38M	2660_Ast82_38M	CCHMC	P8	0.949
LMPP-1-cycling__2660_Ast82_38M	2660_Ast82_38M	CCHMC	P10	0.968
LMPP-2__2660_Ast82_38M	2660_Ast82_38M	CCHMC	P10	0.952
MAIT__2660_Ast82_38M	2660_Ast82_38M	CCHMC	P2	0.977
MDP-1__2660_Ast82_38M	2660_Ast82_38M	CCHMC	P10	0.93
MDP-2__2660_Ast82_38M	2660_Ast82_38M	CCHMC	P10	0.956
MEP-1__2660_Ast82_38M	2660_Ast82_38M	CCHMC	P10	0.959
MEP-2__2660_Ast82_38M	2660_Ast82_38M	CCHMC	P10	0.952
MEP-Eryth-2__2660_Ast82_38M	2660_Ast82_38M	CCHMC	P10	0.959
MPP-MEP__2660_Ast82_38M	2660_Ast82_38M	CCHMC	P10	0.965
Mono-1__2660_Ast82_38M	2660_Ast82_38M	CCHMC	P14	0.957
MultiLin-GMP-1__2660_Ast82_38M	2660_Ast82_38M	CCHMC	P10	0.975
MultiLin-GMP-2__2660_Ast82_38M	2660_Ast82_38M	CCHMC	P7	0.963
MultiLin-GMP-3__2660_Ast82_38M	2660_Ast82_38M	CCHMC	P7	0.96
Multilin-1__2660_Ast82_38M	2660_Ast82_38M	CCHMC	P10	0.97
Myeloid intermediate 1__2660_Ast82_38M	2660_Ast82_38M	CCHMC	P10	0.965
Myeloid intermediate 2__2660_Ast82_38M	2660_Ast82_38M	CCHMC	P10	0.973
Myeloid intermediate 3__2660_Ast82_38M	2660_Ast82_38M	CCHMC	P8	0.953
NK-Mature__2660_Ast82_38M	2660_Ast82_38M	CCHMC	P2	0.976
Plasma Cell__2660_Ast82_38M	2660_Ast82_38M	CCHMC	P9	0.951
T CD4 Activated__2660_Ast82_38M	2660_Ast82_38M	CCHMC	P8	0.979
T CD4 Naive-1__2660_Ast82_38M	2660_Ast82_38M	CCHMC	P6	0.982
T CD8 Naive__2660_Ast82_38M	2660_Ast82_38M	CCHMC	P7	0.981
cDC1__2660_Ast82_38M	2660_Ast82_38M	CCHMC	P10	0.959
cDC2-1__2660_Ast82_38M	2660_Ast82_38M	CCHMC	P14	0.943
cDC2-2__2660_Ast82_38M	2660_Ast82_38M	CCHMC	P0	0.948
cMOP__2660_Ast82_38M	2660_Ast82_38M	CCHMC	P8	0.928
pre-DC-2__2660_Ast82_38M	2660_Ast82_38M	CCHMC	P7	0.953
preNeu__2660_Ast82_38M	2660_Ast82_38M	CCHMC	P10	0.974
B Memory-1__2698_EInv16_P47M	2698_EInv16_P47M	CCHMC	P3	0.938
BMCP-1__2698_EInv16_P47M	2698_EInv16_P47M	CCHMC	P13	0.924
CD4 TCM__2698_EInv16_P47M	2698_EInv16_P47M	CCHMC	P2	0.947
CD8 TEM__2698_EInv16_P47M	2698_EInv16_P47M	CCHMC	P2	0.938
Intermediate Mono-1__2698_EInv16_P47M	2698_EInv16_P47M	CCHMC	P0	0.94
Intermediate Mono-2__2698_EInv16_P47M	2698_EInv16_P47M	CCHMC	P0	0.942
Intermediate Mono-3__2698_EInv16_P47M	2698_EInv16_P47M	CCHMC	P0	0.941
LMPP-1-cycling__2698_EInv16_P47M	2698_EInv16_P47M	CCHMC	P13	0.965
LMPP-2__2698_EInv16_P47M	2698_EInv16_P47M	CCHMC	P13	0.962
MAIT__2698_EInv16_P47M	2698_EInv16_P47M	CCHMC	P2	0.932
MDP-1__2698_EInv16_P47M	2698_EInv16_P47M	CCHMC	P13	0.956
MDP-2__2698_EInv16_P47M	2698_EInv16_P47M	CCHMC	P13	0.965
MEP-2__2698_EInv16_P47M	2698_EInv16_P47M	CCHMC	P13	0.929
MPP-MEP__2698_EInv16_P47M	2698_EInv16_P47M	CCHMC	P13	0.954
Mono-1__2698_EInv16_P47M	2698_EInv16_P47M	CCHMC	P14	0.947
Mono-2__2698_EInv16_P47M	2698_EInv16_P47M	CCHMC	P14	0.95
MultiLin-GMP-1__2698_EInv16_P47M	2698_EInv16_P47M	CCHMC	P13	0.967
MultiLin-GMP-2__2698_EInv16_P47M	2698_EInv16_P47M	CCHMC	P13	0.969
Multilin-1__2698_EInv16_P47M	2698_EInv16_P47M	CCHMC	P8	0.938
Myeloid intermediate 1__2698_EInv16_P47M	2698_EInv16_P47M	CCHMC	P14	0.936
Myeloid intermediate 2__2698_EInv16_P47M	2698_EInv16_P47M	CCHMC	P8	0.952
Myeloid intermediate 3__2698_EInv16_P47M	2698_EInv16_P47M	CCHMC	P8	0.942
NK-Mature__2698_EInv16_P47M	2698_EInv16_P47M	CCHMC	P2	0.94
Non-Classical Mono-2__2698_EInv16_P47M	2698_EInv16_P47M	CCHMC	P3	0.937
T CD4 Activated__2698_EInv16_P47M	2698_EInv16_P47M	CCHMC	P2	0.934
T CD4 Naive-1__2698_EInv16_P47M	2698_EInv16_P47M	CCHMC	P2	0.958
cDC1__2698_EInv16_P47M	2698_EInv16_P47M	CCHMC	P14	0.944
cDC2-1__2698_EInv16_P47M	2698_EInv16_P47M	CCHMC	P14	0.938
cDC2-2__2698_EInv16_P47M	2698_EInv16_P47M	CCHMC	P0	0.943
cMOP__2698_EInv16_P47M	2698_EInv16_P47M	CCHMC	P14	0.925
pre-DC-2__2698_EInv16_P47M	2698_EInv16_P47M	CCHMC	P8	0.942
pre-DC-3__2698_EInv16_P47M	2698_EInv16_P47M	CCHMC	P14	0.907
preNeu__2698_EInv16_P47M	2698_EInv16_P47M	CCHMC	P13	0.968
BMCP-1__2853_Aft36_P71F	2853_Aft36_P71F	CCHMC	P7	0.967
CD4 TCM__2853_Aft36_P71F	2853_Aft36_P71F	CCHMC	P6	0.978
CD8 TEM__2853_Aft36_P71F	2853_Aft36_P71F	CCHMC	P8	0.961
Classical-Mono__2853_Aft36_P71F	2853_Aft36_P71F	CCHMC	P8	0.919
ERP-1__2853_Aft36_P71F	2853_Aft36_P71F	CCHMC	P7	0.966
ERP-2__2853_Aft36_P71F	2853_Aft36_P71F	CCHMC	P7	0.957
ERP-6__2853_Aft36_P71F	2853_Aft36_P71F	CCHMC	P7	0.957
HSC-2__2853_Aft36_P71F	2853_Aft36_P71F	CCHMC	P7	0.949
Intermediate Mono-1__2853_Aft36_P71F	2853_Aft36_P71F	CCHMC	P3	0.937
Intermediate Mono-2__2853_Aft36_P71F	2853_Aft36_P71F	CCHMC	P3	0.935
Intermediate Mono-3__2853_Aft36_P71F	2853_Aft36_P71F	CCHMC	P3	0.964
LMPP-1__2853_Aft36_P71F	2853_Aft36_P71F	CCHMC	P7	0.968
LMPP-1-cycling__2853_Aft36_P71F	2853_Aft36_P71F	CCHMC	P7	0.97
LMPP-2__2853_Aft36_P71F	2853_Aft36_P71F	CCHMC	P7	0.959
MAIT__2853_Aft36_P71F	2853_Aft36_P71F	CCHMC	P8	0.959
MDP-1__2853_Aft36_P71F	2853_Aft36_P71F	CCHMC	P7	0.961
MDP-2__2853_Aft36_P71F	2853_Aft36_P71F	CCHMC	P7	0.958
MEP-1__2853_Aft36_P71F	2853_Aft36_P71F	CCHMC	P7	0.97
MEP-2__2853_Aft36_P71F	2853_Aft36_P71F	CCHMC	P7	0.971
MEP-Eryth-1__2853_Aft36_P71F	2853_Aft36_P71F	CCHMC	P7	0.957
MEP-Eryth-2__2853_Aft36_P71F	2853_Aft36_P71F	CCHMC	P7	0.961
MK-Platelet__2853_Aft36_P71F	2853_Aft36_P71F	CCHMC	P3	0.863
MKP-early__2853_Aft36_P71F	2853_Aft36_P71F	CCHMC	P7	0.962
MKP-late__2853_Aft36_P71F	2853_Aft36_P71F	CCHMC	P7	0.936
MPP-1__2853_Aft36_P71F	2853_Aft36_P71F	CCHMC	P7	0.966
MPP-2__2853_Aft36_P71F	2853_Aft36_P71F	CCHMC	P7	0.968
MPP-MEP__2853_Aft36_P71F	2853_Aft36_P71F	CCHMC	P7	0.97
Mono-1__2853_Aft36_P71F	2853_Aft36_P71F	CCHMC	P3	0.964
Mono-2__2853_Aft36_P71F	2853_Aft36_P71F	CCHMC	P8	0.959
MultiLin-GMP-1__2853_Aft36_P71F	2853_Aft36_P71F	CCHMC	P9	0.957
MultiLin-GMP-2__2853_Aft36_P71F	2853_Aft36_P71F	CCHMC	P7	0.97
MultiLin-GMP-3__2853_Aft36_P71F	2853_Aft36_P71F	CCHMC	P7	0.961
Multilin-1__2853_Aft36_P71F	2853_Aft36_P71F	CCHMC	P7	0.966
Multilin-2__2853_Aft36_P71F	2853_Aft36_P71F	CCHMC	P7	0.956
Myeloid intermediate 1__2853_Aft36_P71F	2853_Aft36_P71F	CCHMC	P8	0.953
Myeloid intermediate 2__2853_Aft36_P71F	2853_Aft36_P71F	CCHMC	P9	0.957
Myeloid intermediate 3__2853_Aft36_P71F	2853_Aft36_P71F	CCHMC	P3	0.957
NK-Mature__2853_Aft36_P71F	2853_Aft36_P71F	CCHMC	P6	0.957
Non-Classical Mono-1__2853_Aft36_P71F	2853_Aft36_P71F	CCHMC	P8	0.745
Non-Classical Mono-2__2853_Aft36_P71F	2853_Aft36_P71F	CCHMC	P3	0.948
Plasma Cell__2853_Aft36_P71F	2853_Aft36_P71F	CCHMC	P7	0.941
T CD4 Activated__2853_Aft36_P71F	2853_Aft36_P71F	CCHMC	P3	0.969
T CD4 Naive-1__2853_Aft36_P71F	2853_Aft36_P71F	CCHMC	P3	0.973
T CD8 Naive__2853_Aft36_P71F	2853_Aft36_P71F	CCHMC	P6	0.962
cDC1__2853_Aft36_P71F	2853_Aft36_P71F	CCHMC	P7	0.967
cDC2-1__2853_Aft36_P71F	2853_Aft36_P71F	CCHMC	P9	0.95
cDC2-2__2853_Aft36_P71F	2853_Aft36_P71F	CCHMC	P3	0.95
immNeu-2__2853_Aft36_P71F	2853_Aft36_P71F	CCHMC	P8	0.841
pre-DC-2__2853_Aft36_P71F	2853_Aft36_P71F	CCHMC	P7	0.955
pre-DC-3__2853_Aft36_P71F	2853_Aft36_P71F	CCHMC	P7	0.957
preNeu__2853_Aft36_P71F	2853_Aft36_P71F	CCHMC	P8	0.962
B Memory-1__287_AfInv_P53F_N1c	287_AfInv_P53F_N1c	CCHMC	P2	0.954
BMCP-1__287_AfInv_P53F_N1c	287_AfInv_P53F_N1c	CCHMC	P2	0.954
CD4 TCM__287_AfInv_P53F_N1c	287_AfInv_P53F_N1c	CCHMC	P8	0.95
CD8 TEM__287_AfInv_P53F_N1c	287_AfInv_P53F_N1c	CCHMC	P8	0.939
Intermediate Mono-1__287_AfInv_P53F_N1c	287_AfInv_P53F_N1c	CCHMC	P14	0.965
Intermediate Mono-2__287_AfInv_P53F_N1c	287_AfInv_P53F_N1c	CCHMC	P14	0.967
Intermediate Mono-3__287_AfInv_P53F_N1c	287_AfInv_P53F_N1c	CCHMC	P14	0.971
LMPP-1-cycling__287_AfInv_P53F_N1c	287_AfInv_P53F_N1c	CCHMC	P12	0.965
LMPP-2__287_AfInv_P53F_N1c	287_AfInv_P53F_N1c	CCHMC	P14	0.957
MAIT__287_AfInv_P53F_N1c	287_AfInv_P53F_N1c	CCHMC	P8	0.955
MDP-1__287_AfInv_P53F_N1c	287_AfInv_P53F_N1c	CCHMC	P14	0.954
MDP-2__287_AfInv_P53F_N1c	287_AfInv_P53F_N1c	CCHMC	P14	0.964
MEP-1__287_AfInv_P53F_N1c	287_AfInv_P53F_N1c	CCHMC	P14	0.962
MEP-2__287_AfInv_P53F_N1c	287_AfInv_P53F_N1c	CCHMC	P14	0.959
MPP-MEP__287_AfInv_P53F_N1c	287_AfInv_P53F_N1c	CCHMC	P14	0.963
Mono-1__287_AfInv_P53F_N1c	287_AfInv_P53F_N1c	CCHMC	P5	0.957
Mono-2__287_AfInv_P53F_N1c	287_AfInv_P53F_N1c	CCHMC	P5	0.973
MultiLin-GMP-1__287_AfInv_P53F_N1c	287_AfInv_P53F_N1c	CCHMC	P12	0.972
Multilin-1__287_AfInv_P53F_N1c	287_AfInv_P53F_N1c	CCHMC	P12	0.962
Myeloid intermediate 2__287_AfInv_P53F_N1c	287_AfInv_P53F_N1c	CCHMC	P5	0.957
NK-Mature__287_AfInv_P53F_N1c	287_AfInv_P53F_N1c	CCHMC	P0	0.962
Non-Classical Mono-2__287_AfInv_P53F_N1c	287_AfInv_P53F_N1c	CCHMC	P14	0.97
cDC1__287_AfInv_P53F_N1c	287_AfInv_P53F_N1c	CCHMC	P14	0.966
cDC2-1__287_AfInv_P53F_N1c	287_AfInv_P53F_N1c	CCHMC	P14	0.97
cDC2-2__287_AfInv_P53F_N1c	287_AfInv_P53F_N1c	CCHMC	P14	0.967
cMOP__287_AfInv_P53F_N1c	287_AfInv_P53F_N1c	CCHMC	P2	0.935
pre-DC-1__287_AfInv_P53F_N1c	287_AfInv_P53F_N1c	CCHMC	P14	0.948
pre-DC-2__287_AfInv_P53F_N1c	287_AfInv_P53F_N1c	CCHMC	P14	0.965
pre-DC-3__287_AfInv_P53F_N1c	287_AfInv_P53F_N1c	CCHMC	P14	0.948
preNeu__287_AfInv_P53F_N1c	287_AfInv_P53F_N1c	CCHMC	P12	0.961
ASDC__301_AfInv16_29M	301_AfInv16_29M	CCHMC	P10	0.946
B Memory-1__301_AfInv16_29M	301_AfInv16_29M	CCHMC	P2	0.964
BMCP-1__301_AfInv16_29M	301_AfInv16_29M	CCHMC	P14	0.923
CD4 TCM__301_AfInv16_29M	301_AfInv16_29M	CCHMC	P2	0.974
CD8 TEM__301_AfInv16_29M	301_AfInv16_29M	CCHMC	P2	0.963
Intermediate Mono-1__301_AfInv16_29M	301_AfInv16_29M	CCHMC	P3	0.962
Intermediate Mono-2__301_AfInv16_29M	301_AfInv16_29M	CCHMC	P3	0.956
Intermediate Mono-3__301_AfInv16_29M	301_AfInv16_29M	CCHMC	P3	0.96
LMPP-1__301_AfInv16_29M	301_AfInv16_29M	CCHMC	P13	0.955
LMPP-1-cycling__301_AfInv16_29M	301_AfInv16_29M	CCHMC	P13	0.971
LMPP-2__301_AfInv16_29M	301_AfInv16_29M	CCHMC	P13	0.966
MAIT__301_AfInv16_29M	301_AfInv16_29M	CCHMC	P7	0.96
MDP-1__301_AfInv16_29M	301_AfInv16_29M	CCHMC	P10	0.955
MDP-2__301_AfInv16_29M	301_AfInv16_29M	CCHMC	P10	0.964
MDP-3__301_AfInv16_29M	301_AfInv16_29M	CCHMC	P10	0.96
MDP-6__301_AfInv16_29M	301_AfInv16_29M	CCHMC	P3	0.937
MPP-MEP__301_AfInv16_29M	301_AfInv16_29M	CCHMC	P13	0.97
Mono-1__301_AfInv16_29M	301_AfInv16_29M	CCHMC	P14	0.963
Mono-2__301_AfInv16_29M	301_AfInv16_29M	CCHMC	P14	0.959
MultiLin-GMP-1__301_AfInv16_29M	301_AfInv16_29M	CCHMC	P13	0.977
MultiLin-GMP-2__301_AfInv16_29M	301_AfInv16_29M	CCHMC	P13	0.972
Multilin-1__301_AfInv16_29M	301_AfInv16_29M	CCHMC	P13	0.966
Myeloid intermediate 1__301_AfInv16_29M	301_AfInv16_29M	CCHMC	P14	0.932
Myeloid intermediate 2__301_AfInv16_29M	301_AfInv16_29M	CCHMC	P10	0.968
Myeloid intermediate 3__301_AfInv16_29M	301_AfInv16_29M	CCHMC	P8	0.949
NK-Mature__301_AfInv16_29M	301_AfInv16_29M	CCHMC	P2	0.917
Non-Classical Mono-2__301_AfInv16_29M	301_AfInv16_29M	CCHMC	P3	0.946
Plasma Cell__301_AfInv16_29M	301_AfInv16_29M	CCHMC	P3	0.927
T CD4 Activated__301_AfInv16_29M	301_AfInv16_29M	CCHMC	P7	0.942
T CD4 Naive-1__301_AfInv16_29M	301_AfInv16_29M	CCHMC	P7	0.965
cDC1__301_AfInv16_29M	301_AfInv16_29M	CCHMC	P8	0.956
cDC2-1__301_AfInv16_29M	301_AfInv16_29M	CCHMC	P14	0.961
cDC2-2__301_AfInv16_29M	301_AfInv16_29M	CCHMC	P3	0.969
cMOP__301_AfInv16_29M	301_AfInv16_29M	CCHMC	P14	0.931
pDC__301_AfInv16_29M	301_AfInv16_29M	CCHMC	P7	0.954
pre-DC-1__301_AfInv16_29M	301_AfInv16_29M	CCHMC	P8	0.946
pre-DC-2__301_AfInv16_29M	301_AfInv16_29M	CCHMC	P8	0.954
pre-DC-3__301_AfInv16_29M	301_AfInv16_29M	CCHMC	P8	0.955
preNeu__301_AfInv16_29M	301_AfInv16_29M	CCHMC	P10	0.96
B Memory-1__3114_EInv_45F	3114_EInv_45F	CCHMC	P2	0.978
BMCP-1__3114_EInv_45F	3114_EInv_45F	CCHMC	P10	0.944
CD4 TCM__3114_EInv_45F	3114_EInv_45F	CCHMC	P6	0.983
CD8 TEM__3114_EInv_45F	3114_EInv_45F	CCHMC	P2	0.977
Intermediate Mono-1__3114_EInv_45F	3114_EInv_45F	CCHMC	P3	0.955
Intermediate Mono-2__3114_EInv_45F	3114_EInv_45F	CCHMC	P3	0.96
Intermediate Mono-3__3114_EInv_45F	3114_EInv_45F	CCHMC	P3	0.968
LMPP-1__3114_EInv_45F	3114_EInv_45F	CCHMC	P13	0.966
LMPP-1-cycling__3114_EInv_45F	3114_EInv_45F	CCHMC	P13	0.976
LMPP-2__3114_EInv_45F	3114_EInv_45F	CCHMC	P13	0.968
MAIT__3114_EInv_45F	3114_EInv_45F	CCHMC	P2	0.981
MDP-1__3114_EInv_45F	3114_EInv_45F	CCHMC	P13	0.965
MDP-2__3114_EInv_45F	3114_EInv_45F	CCHMC	P13	0.973
MEP-1__3114_EInv_45F	3114_EInv_45F	CCHMC	P13	0.961
MEP-2__3114_EInv_45F	3114_EInv_45F	CCHMC	P10	0.944
MPP-1__3114_EInv_45F	3114_EInv_45F	CCHMC	P13	0.953
MPP-MEP__3114_EInv_45F	3114_EInv_45F	CCHMC	P13	0.971
Mono-1__3114_EInv_45F	3114_EInv_45F	CCHMC	P14	0.966
Mono-2__3114_EInv_45F	3114_EInv_45F	CCHMC	P8	0.96
MultiLin-GMP-1__3114_EInv_45F	3114_EInv_45F	CCHMC	P13	0.974
MultiLin-GMP-2__3114_EInv_45F	3114_EInv_45F	CCHMC	P13	0.975
MultiLin-GMP-3__3114_EInv_45F	3114_EInv_45F	CCHMC	P13	0.967
Multilin-1__3114_EInv_45F	3114_EInv_45F	CCHMC	P13	0.973
Myeloid intermediate 1__3114_EInv_45F	3114_EInv_45F	CCHMC	P13	0.94
Myeloid intermediate 2__3114_EInv_45F	3114_EInv_45F	CCHMC	P13	0.974
Myeloid intermediate 3__3114_EInv_45F	3114_EInv_45F	CCHMC	P13	0.972
NK-Mature__3114_EInv_45F	3114_EInv_45F	CCHMC	P2	0.974
Non-Classical Mono-2__3114_EInv_45F	3114_EInv_45F	CCHMC	P3	0.958
Plasma Cell__3114_EInv_45F	3114_EInv_45F	CCHMC	P7	0.954
T CD4 Activated__3114_EInv_45F	3114_EInv_45F	CCHMC	P6	0.982
T CD4 Naive-1__3114_EInv_45F	3114_EInv_45F	CCHMC	P6	0.98
T CD8 Naive__3114_EInv_45F	3114_EInv_45F	CCHMC	P7	0.974
cDC1__3114_EInv_45F	3114_EInv_45F	CCHMC	P10	0.965
cDC2-1__3114_EInv_45F	3114_EInv_45F	CCHMC	P14	0.96
cDC2-2__3114_EInv_45F	3114_EInv_45F	CCHMC	P3	0.967
cMOP__3114_EInv_45F	3114_EInv_45F	CCHMC	P8	0.944
pDC__3114_EInv_45F	3114_EInv_45F	CCHMC	P7	0.955
pre-DC-2__3114_EInv_45F	3114_EInv_45F	CCHMC	P13	0.967
pre-DC-3__3114_EInv_45F	3114_EInv_45F	CCHMC	P7	0.958
preNeu__3114_EInv_45F	3114_EInv_45F	CCHMC	P10	0.968
B Memory-2__332131__Diagnosis	332131__Diagnosis	WashU	P2	0.962
CD4 TCM__332131__Diagnosis	332131__Diagnosis	WashU	P2	0.97
CD8 TEM__332131__Diagnosis	332131__Diagnosis	WashU	P7	0.965
Classical-Mono__332131__Diagnosis	332131__Diagnosis	WashU	P6	0.981
ERP-1__332131__Diagnosis	332131__Diagnosis	WashU	P9	0.952
ERP-2__332131__Diagnosis	332131__Diagnosis	WashU	P6	0.954
ERP-3__332131__Diagnosis	332131__Diagnosis	WashU	P7	0.963
ERP-4__332131__Diagnosis	332131__Diagnosis	WashU	P6	0.959
ERP-5__332131__Diagnosis	332131__Diagnosis	WashU	P6	0.959
Intermediate Mono-1__332131__Diagnosis	332131__Diagnosis	WashU	P6	0.965
Intermediate Mono-2__332131__Diagnosis	332131__Diagnosis	WashU	P6	0.983
LMPP-1__332131__Diagnosis	332131__Diagnosis	WashU	P9	0.98
MAIT__332131__Diagnosis	332131__Diagnosis	WashU	P2	0.953
MDP-2__332131__Diagnosis	332131__Diagnosis	WashU	P9	0.967
MEP-1__332131__Diagnosis	332131__Diagnosis	WashU	P9	0.966
MEP-2__332131__Diagnosis	332131__Diagnosis	WashU	P9	0.97
MEP-Eryth-2__332131__Diagnosis	332131__Diagnosis	WashU	P9	0.97
MPP-MEP__332131__Diagnosis	332131__Diagnosis	WashU	P9	0.975
Mono-1__332131__Diagnosis	332131__Diagnosis	WashU	P2	0.956
Mono-2__332131__Diagnosis	332131__Diagnosis	WashU	P2	0.96
MultiLin-GMP-2__332131__Diagnosis	332131__Diagnosis	WashU	P9	0.983
MultiLin-GMP-3__332131__Diagnosis	332131__Diagnosis	WashU	P9	0.978
Multilin-1__332131__Diagnosis	332131__Diagnosis	WashU	P9	0.974
Multilin-2__332131__Diagnosis	332131__Diagnosis	WashU	P9	0.974
Myeloid intermediate 1__332131__Diagnosis	332131__Diagnosis	WashU	P9	0.968
Myeloid intermediate 2__332131__Diagnosis	332131__Diagnosis	WashU	P9	0.975
Myeloid intermediate 3__332131__Diagnosis	332131__Diagnosis	WashU	P9	0.971
NK-Mature__332131__Diagnosis	332131__Diagnosis	WashU	P2	0.978
Non-Classical Mono-2__332131__Diagnosis	332131__Diagnosis	WashU	P6	0.974
cDC2-1__332131__Diagnosis	332131__Diagnosis	WashU	P6	0.979
pre-DC-3__332131__Diagnosis	332131__Diagnosis	WashU	P6	0.968
preNeu__332131__Diagnosis	332131__Diagnosis	WashU	P9	0.971
B Memory-1__3410_AfST8_P64M	3410_AfST8_P64M	CCHMC	P7	0.965
BMCP-1__3410_AfST8_P64M	3410_AfST8_P64M	CCHMC	P10	0.913
CD4 TCM__3410_AfST8_P64M	3410_AfST8_P64M	CCHMC	P7	0.97
CD8 TEM__3410_AfST8_P64M	3410_AfST8_P64M	CCHMC	P7	0.963
Erythroblast-3__3410_AfST8_P64M	3410_AfST8_P64M	CCHMC	P8	0.903
Intermediate Mono-1__3410_AfST8_P64M	3410_AfST8_P64M	CCHMC	P3	0.918
Intermediate Mono-3__3410_AfST8_P64M	3410_AfST8_P64M	CCHMC	P0	0.943
LMPP-1-cycling__3410_AfST8_P64M	3410_AfST8_P64M	CCHMC	P7	0.96
LMPP-2__3410_AfST8_P64M	3410_AfST8_P64M	CCHMC	P8	0.948
MAIT__3410_AfST8_P64M	3410_AfST8_P64M	CCHMC	P2	0.971
MDP-1__3410_AfST8_P64M	3410_AfST8_P64M	CCHMC	P3	0.944
MDP-2__3410_AfST8_P64M	3410_AfST8_P64M	CCHMC	P10	0.937
MEP-1__3410_AfST8_P64M	3410_AfST8_P64M	CCHMC	P10	0.946
MEP-2__3410_AfST8_P64M	3410_AfST8_P64M	CCHMC	P3	0.94
MEP-Eryth-1__3410_AfST8_P64M	3410_AfST8_P64M	CCHMC	P3	0.888
MEP-Eryth-2__3410_AfST8_P64M	3410_AfST8_P64M	CCHMC	P14	0.942
MPP-1__3410_AfST8_P64M	3410_AfST8_P64M	CCHMC	P7	0.946
MPP-2__3410_AfST8_P64M	3410_AfST8_P64M	CCHMC	P7	0.951
MPP-MEP__3410_AfST8_P64M	3410_AfST8_P64M	CCHMC	P10	0.957
Mono-1__3410_AfST8_P64M	3410_AfST8_P64M	CCHMC	P0	0.942
Mono-2__3410_AfST8_P64M	3410_AfST8_P64M	CCHMC	P0	0.935
MultiLin-GMP-1__3410_AfST8_P64M	3410_AfST8_P64M	CCHMC	P10	0.954
Multilin-1__3410_AfST8_P64M	3410_AfST8_P64M	CCHMC	P7	0.95
Myeloid intermediate 1__3410_AfST8_P64M	3410_AfST8_P64M	CCHMC	P14	0.953
Myeloid intermediate 3__3410_AfST8_P64M	3410_AfST8_P64M	CCHMC	P14	0.95
NK-Mature__3410_AfST8_P64M	3410_AfST8_P64M	CCHMC	P2	0.968
Non-Classical Mono-2__3410_AfST8_P64M	3410_AfST8_P64M	CCHMC	P3	0.95
T CD4 Activated__3410_AfST8_P64M	3410_AfST8_P64M	CCHMC	P2	0.959
T CD4 Naive-1__3410_AfST8_P64M	3410_AfST8_P64M	CCHMC	P7	0.971
T CD4 Naive-2__3410_AfST8_P64M	3410_AfST8_P64M	CCHMC	P7	0.932
T CD8 Naive__3410_AfST8_P64M	3410_AfST8_P64M	CCHMC	P7	0.958
cMOP__3410_AfST8_P64M	3410_AfST8_P64M	CCHMC	P14	0.941
pDC__3410_AfST8_P64M	3410_AfST8_P64M	CCHMC	P7	0.924
preNeu__3410_AfST8_P64M	3410_AfST8_P64M	CCHMC	P10	0.955
B Memory-1__376_Af_N1c	376_Af_N1c	CCHMC	P8	0.983
B Memory-2__376_Af_N1c	376_Af_N1c	CCHMC	P6	0.946
CD4 TCM__376_Af_N1c	376_Af_N1c	CCHMC	P8	0.977
CD8 TEM__376_Af_N1c	376_Af_N1c	CCHMC	P8	0.959
Intermediate Mono-1__376_Af_N1c	376_Af_N1c	CCHMC	P14	0.964
Intermediate Mono-2__376_Af_N1c	376_Af_N1c	CCHMC	P14	0.964
Intermediate Mono-3__376_Af_N1c	376_Af_N1c	CCHMC	P14	0.966
LMPP-1-cycling__376_Af_N1c	376_Af_N1c	CCHMC	P14	0.97
LMPP-2__376_Af_N1c	376_Af_N1c	CCHMC	P14	0.962
MAIT__376_Af_N1c	376_Af_N1c	CCHMC	P8	0.945
MDP-1__376_Af_N1c	376_Af_N1c	CCHMC	P14	0.948
MDP-2__376_Af_N1c	376_Af_N1c	CCHMC	P14	0.951
MEP-1__376_Af_N1c	376_Af_N1c	CCHMC	P14	0.931
MEP-2__376_Af_N1c	376_Af_N1c	CCHMC	P14	0.967
MPP-MEP__376_Af_N1c	376_Af_N1c	CCHMC	P14	0.963
Mono-1__376_Af_N1c	376_Af_N1c	CCHMC	P14	0.95
Mono-2__376_Af_N1c	376_Af_N1c	CCHMC	P14	0.951
MultiLin-GMP-1__376_Af_N1c	376_Af_N1c	CCHMC	P14	0.965
MultiLin-GMP-2__376_Af_N1c	376_Af_N1c	CCHMC	P7	0.946
Multilin-1__376_Af_N1c	376_Af_N1c	CCHMC	P14	0.956
Myeloid intermediate 2__376_Af_N1c	376_Af_N1c	CCHMC	P14	0.953
Myeloid intermediate 3__376_Af_N1c	376_Af_N1c	CCHMC	P14	0.955
NK-Mature__376_Af_N1c	376_Af_N1c	CCHMC	P14	0.979
Non-Classical Mono-2__376_Af_N1c	376_Af_N1c	CCHMC	P14	0.973
T CD4 Naive-1__376_Af_N1c	376_Af_N1c	CCHMC	P8	0.977
cDC1__376_Af_N1c	376_Af_N1c	CCHMC	P14	0.96
cDC2-1__376_Af_N1c	376_Af_N1c	CCHMC	P14	0.951
cDC2-2__376_Af_N1c	376_Af_N1c	CCHMC	P14	0.957
B Memory-1__430998__Diagnosis	430998__Diagnosis	WashU	P8	0.965
B Memory-2__430998__Diagnosis	430998__Diagnosis	WashU	P8	0.978
CD4 TCM__430998__Diagnosis	430998__Diagnosis	WashU	P8	0.986
CD8 TEM__430998__Diagnosis	430998__Diagnosis	WashU	P8	0.984
Classical-Mono__430998__Diagnosis	430998__Diagnosis	WashU	P6	0.982
ERP-1__430998__Diagnosis	430998__Diagnosis	WashU	P8	0.966
ERP-2__430998__Diagnosis	430998__Diagnosis	WashU	P8	0.977
ERP-4__430998__Diagnosis	430998__Diagnosis	WashU	P8	0.977
ERP-5__430998__Diagnosis	430998__Diagnosis	WashU	P8	0.975
ERP-7__430998__Diagnosis	430998__Diagnosis	WashU	P8	0.977
ERP-8__430998__Diagnosis	430998__Diagnosis	WashU	P8	0.978
Erythroblast-3__430998__Diagnosis	430998__Diagnosis	WashU	P7	0.932
HSC-2__430998__Diagnosis	430998__Diagnosis	WashU	P8	0.946
Intermediate Mono-1__430998__Diagnosis	430998__Diagnosis	WashU	P7	0.97
Intermediate Mono-2__430998__Diagnosis	430998__Diagnosis	WashU	P6	0.98
LMPP-1-cycling__430998__Diagnosis	430998__Diagnosis	WashU	P8	0.97
LMPP-2__430998__Diagnosis	430998__Diagnosis	WashU	P8	0.945
MAIT__430998__Diagnosis	430998__Diagnosis	WashU	P8	0.986
MEP-2__430998__Diagnosis	430998__Diagnosis	WashU	P8	0.963
MPP-1__430998__Diagnosis	430998__Diagnosis	WashU	P8	0.979
MPP-2__430998__Diagnosis	430998__Diagnosis	WashU	P8	0.973
MPP-MEP__430998__Diagnosis	430998__Diagnosis	WashU	P8	0.956
Mono-2__430998__Diagnosis	430998__Diagnosis	WashU	P6	0.953
Multilin-1__430998__Diagnosis	430998__Diagnosis	WashU	P8	0.969
Multilin-2__430998__Diagnosis	430998__Diagnosis	WashU	P8	0.963
NK-Mature__430998__Diagnosis	430998__Diagnosis	WashU	P8	0.985
Non-Classical Mono-2__430998__Diagnosis	430998__Diagnosis	WashU	P6	0.976
T CD4 Naive-1__430998__Diagnosis	430998__Diagnosis	WashU	P8	0.981
T CD4 Naive-2__430998__Diagnosis	430998__Diagnosis	WashU	P8	0.969
T CD8 Naive__430998__Diagnosis	430998__Diagnosis	WashU	P8	0.983
cDC2-1__430998__Diagnosis	430998__Diagnosis	WashU	P3	0.961
pDC__430998__Diagnosis	430998__Diagnosis	WashU	P8	0.964
B Memory-1__4440_AfInv16_P24M	4440_AfInv16_P24M	CCHMC	P3	0.956
BMCP-1__4440_AfInv16_P24M	4440_AfInv16_P24M	CCHMC	P7	0.932
CD4 TCM__4440_AfInv16_P24M	4440_AfInv16_P24M	CCHMC	P7	0.979
CD8 TEM__4440_AfInv16_P24M	4440_AfInv16_P24M	CCHMC	P7	0.959
Classical-Mono__4440_AfInv16_P24M	4440_AfInv16_P24M	CCHMC	P3	0.969
ERP-8__4440_AfInv16_P24M	4440_AfInv16_P24M	CCHMC	P7	0.973
Intermediate Mono-1__4440_AfInv16_P24M	4440_AfInv16_P24M	CCHMC	P3	0.967
Intermediate Mono-2__4440_AfInv16_P24M	4440_AfInv16_P24M	CCHMC	P2	0.958
Intermediate Mono-3__4440_AfInv16_P24M	4440_AfInv16_P24M	CCHMC	P3	0.961
LMPP-1__4440_AfInv16_P24M	4440_AfInv16_P24M	CCHMC	P13	0.971
LMPP-1-cycling__4440_AfInv16_P24M	4440_AfInv16_P24M	CCHMC	P13	0.971
LMPP-2__4440_AfInv16_P24M	4440_AfInv16_P24M	CCHMC	P13	0.958
MAIT__4440_AfInv16_P24M	4440_AfInv16_P24M	CCHMC	P7	0.973
MDP-1__4440_AfInv16_P24M	4440_AfInv16_P24M	CCHMC	P13	0.952
MDP-2__4440_AfInv16_P24M	4440_AfInv16_P24M	CCHMC	P13	0.96
MDP-3__4440_AfInv16_P24M	4440_AfInv16_P24M	CCHMC	P10	0.956
MEP-2__4440_AfInv16_P24M	4440_AfInv16_P24M	CCHMC	P7	0.934
MPP-MEP__4440_AfInv16_P24M	4440_AfInv16_P24M	CCHMC	P13	0.959
Mono-1__4440_AfInv16_P24M	4440_AfInv16_P24M	CCHMC	P8	0.959
Mono-2__4440_AfInv16_P24M	4440_AfInv16_P24M	CCHMC	P14	0.959
MultiLin-GMP-1__4440_AfInv16_P24M	4440_AfInv16_P24M	CCHMC	P13	0.969
MultiLin-GMP-2__4440_AfInv16_P24M	4440_AfInv16_P24M	CCHMC	P13	0.972
MultiLin-GMP-3__4440_AfInv16_P24M	4440_AfInv16_P24M	CCHMC	P13	0.965
Multilin-1__4440_AfInv16_P24M	4440_AfInv16_P24M	CCHMC	P13	0.967
Multilin-2__4440_AfInv16_P24M	4440_AfInv16_P24M	CCHMC	P13	0.957
Myeloid intermediate 1__4440_AfInv16_P24M	4440_AfInv16_P24M	CCHMC	P14	0.948
Myeloid intermediate 2__4440_AfInv16_P24M	4440_AfInv16_P24M	CCHMC	P10	0.964
Myeloid intermediate 3__4440_AfInv16_P24M	4440_AfInv16_P24M	CCHMC	P8	0.949
NK-Mature__4440_AfInv16_P24M	4440_AfInv16_P24M	CCHMC	P7	0.97
Non-Classical Mono-2__4440_AfInv16_P24M	4440_AfInv16_P24M	CCHMC	P3	0.961
Plasma Cell__4440_AfInv16_P24M	4440_AfInv16_P24M	CCHMC	P2	0.961
T CD4 Activated__4440_AfInv16_P24M	4440_AfInv16_P24M	CCHMC	P6	0.969
T CD4 Naive-1__4440_AfInv16_P24M	4440_AfInv16_P24M	CCHMC	P7	0.955
Transitional-B-1__4440_AfInv16_P24M	4440_AfInv16_P24M	CCHMC	P2	0.951
cDC1__4440_AfInv16_P24M	4440_AfInv16_P24M	CCHMC	P10	0.962
cDC2-1__4440_AfInv16_P24M	4440_AfInv16_P24M	CCHMC	P3	0.959
cDC2-2__4440_AfInv16_P24M	4440_AfInv16_P24M	CCHMC	P3	0.967
cMOP__4440_AfInv16_P24M	4440_AfInv16_P24M	CCHMC	P8	0.937
pDC__4440_AfInv16_P24M	4440_AfInv16_P24M	CCHMC	P7	0.949
pre-B__4440_AfInv16_P24M	4440_AfInv16_P24M	CCHMC	P7	0.938
pre-DC-2__4440_AfInv16_P24M	4440_AfInv16_P24M	CCHMC	P8	0.956
preNeu__4440_AfInv16_P24M	4440_AfInv16_P24M	CCHMC	P10	0.966
B Memory-1__452198__Diagnosis	452198__Diagnosis	WashU	P6	0.97
B Memory-2__452198__Diagnosis	452198__Diagnosis	WashU	P7	0.966
CD4 TCM__452198__Diagnosis	452198__Diagnosis	WashU	P7	0.969
CD8 TEM__452198__Diagnosis	452198__Diagnosis	WashU	P7	0.955
Classical-Mono__452198__Diagnosis	452198__Diagnosis	WashU	P5	0.95
Intermediate Mono-2__452198__Diagnosis	452198__Diagnosis	WashU	P5	0.963
MAIT__452198__Diagnosis	452198__Diagnosis	WashU	P2	0.939
Mono-2__452198__Diagnosis	452198__Diagnosis	WashU	P7	0.89
NK-Mature__452198__Diagnosis	452198__Diagnosis	WashU	P2	0.97
Plasma Cell__452198__Diagnosis	452198__Diagnosis	WashU	P6	0.933
T CD4 Naive-1__452198__Diagnosis	452198__Diagnosis	WashU	P8	0.98
T CD4 Naive-2__452198__Diagnosis	452198__Diagnosis	WashU	P7	0.941
T CD8 Naive__452198__Diagnosis	452198__Diagnosis	WashU	P6	0.966
B Memory-1__452198__Relapse	452198__Relapse	WashU	P6	0.967
B Memory-2__452198__Relapse	452198__Relapse	WashU	P7	0.968
CD4 TCM__452198__Relapse	452198__Relapse	WashU	P2	0.956
CD8 TEM__452198__Relapse	452198__Relapse	WashU	P2	0.954
MAIT__452198__Relapse	452198__Relapse	WashU	P2	0.932
NK-Mature__452198__Relapse	452198__Relapse	WashU	P2	0.969
Plasma Cell__452198__Relapse	452198__Relapse	WashU	P6	0.927
T CD4 Naive-1__452198__Relapse	452198__Relapse	WashU	P8	0.974
ASDC__4924_AfInv16_P49M	4924_AfInv16_P49M	CCHMC	P10	0.933
BMCP-1__4924_AfInv16_P49M	4924_AfInv16_P49M	CCHMC	P7	0.92
CD4 TCM__4924_AfInv16_P49M	4924_AfInv16_P49M	CCHMC	P2	0.973
Intermediate Mono-1__4924_AfInv16_P49M	4924_AfInv16_P49M	CCHMC	P3	0.953
Intermediate Mono-2__4924_AfInv16_P49M	4924_AfInv16_P49M	CCHMC	P7	0.949
Intermediate Mono-3__4924_AfInv16_P49M	4924_AfInv16_P49M	CCHMC	P3	0.949
LMPP-1__4924_AfInv16_P49M	4924_AfInv16_P49M	CCHMC	P7	0.955
LMPP-1-cycling__4924_AfInv16_P49M	4924_AfInv16_P49M	CCHMC	P13	0.967
LMPP-2__4924_AfInv16_P49M	4924_AfInv16_P49M	CCHMC	P8	0.932
MAIT__4924_AfInv16_P49M	4924_AfInv16_P49M	CCHMC	P2	0.957
MDP-1__4924_AfInv16_P49M	4924_AfInv16_P49M	CCHMC	P10	0.943
MEP-2__4924_AfInv16_P49M	4924_AfInv16_P49M	CCHMC	P10	0.934
MEP-Eryth-2__4924_AfInv16_P49M	4924_AfInv16_P49M	CCHMC	P10	0.932
MPP-2__4924_AfInv16_P49M	4924_AfInv16_P49M	CCHMC	P7	0.944
MPP-MEP__4924_AfInv16_P49M	4924_AfInv16_P49M	CCHMC	P10	0.936
MultiLin-GMP-1__4924_AfInv16_P49M	4924_AfInv16_P49M	CCHMC	P13	0.948
MultiLin-GMP-2__4924_AfInv16_P49M	4924_AfInv16_P49M	CCHMC	P13	0.96
Multilin-1__4924_AfInv16_P49M	4924_AfInv16_P49M	CCHMC	P13	0.955
NK-Mature__4924_AfInv16_P49M	4924_AfInv16_P49M	CCHMC	P2	0.954
Non-Classical Mono-2__4924_AfInv16_P49M	4924_AfInv16_P49M	CCHMC	P3	0.956
Pro-B-3__4924_AfInv16_P49M	4924_AfInv16_P49M	CCHMC	P8	0.846
T CD4 Activated__4924_AfInv16_P49M	4924_AfInv16_P49M	CCHMC	P2	0.966
T CD4 Naive-1__4924_AfInv16_P49M	4924_AfInv16_P49M	CCHMC	P7	0.974
cDC2-2__4924_AfInv16_P49M	4924_AfInv16_P49M	CCHMC	P3	0.956
pDC__4924_AfInv16_P49M	4924_AfInv16_P49M	CCHMC	P7	0.924
BMCP-1__508084__Diagnosis	508084__Diagnosis	WashU	P1	0.931
CD4 TCM__508084__Diagnosis	508084__Diagnosis	WashU	P0	0.958
CD8 TEM__508084__Diagnosis	508084__Diagnosis	WashU	P0	0.94
Classical-Mono__508084__Diagnosis	508084__Diagnosis	WashU	P14	0.957
Intermediate Mono-1__508084__Diagnosis	508084__Diagnosis	WashU	P14	0.95
Intermediate Mono-2__508084__Diagnosis	508084__Diagnosis	WashU	P14	0.962
LMPP-1__508084__Diagnosis	508084__Diagnosis	WashU	P14	0.975
LMPP-1-cycling__508084__Diagnosis	508084__Diagnosis	WashU	P10	0.968
LMPP-2__508084__Diagnosis	508084__Diagnosis	WashU	P14	0.949
MDP-2__508084__Diagnosis	508084__Diagnosis	WashU	P14	0.96
MDP-3__508084__Diagnosis	508084__Diagnosis	WashU	P14	0.91
MPP-MEP__508084__Diagnosis	508084__Diagnosis	WashU	P14	0.968
Mono-1__508084__Diagnosis	508084__Diagnosis	WashU	P14	0.946
Mono-2__508084__Diagnosis	508084__Diagnosis	WashU	P14	0.952
MultiLin-GMP-2__508084__Diagnosis	508084__Diagnosis	WashU	P1	0.971
MultiLin-GMP-3__508084__Diagnosis	508084__Diagnosis	WashU	P10	0.967
Multilin-1__508084__Diagnosis	508084__Diagnosis	WashU	P10	0.968
Multilin-2__508084__Diagnosis	508084__Diagnosis	WashU	P14	0.967
Myeloid intermediate 1__508084__Diagnosis	508084__Diagnosis	WashU	P1	0.953
Myeloid intermediate 2__508084__Diagnosis	508084__Diagnosis	WashU	P1	0.964
Myeloid intermediate 3__508084__Diagnosis	508084__Diagnosis	WashU	P1	0.956
NK-Mature__508084__Diagnosis	508084__Diagnosis	WashU	P0	0.948
Non-Classical Mono-2__508084__Diagnosis	508084__Diagnosis	WashU	P14	0.951
cDC2-1__508084__Diagnosis	508084__Diagnosis	WashU	P14	0.965
pDC__508084__Diagnosis	508084__Diagnosis	WashU	P14	0.944
pre-DC-3__508084__Diagnosis	508084__Diagnosis	WashU	P14	0.962
preNeu__508084__Diagnosis	508084__Diagnosis	WashU	P1	0.968
B Memory-1__508084__Relapse	508084__Relapse	WashU	P2	0.938
B Memory-2__508084__Relapse	508084__Relapse	WashU	P6	0.973
CD4 TCM__508084__Relapse	508084__Relapse	WashU	P6	0.983
CD8 TEM__508084__Relapse	508084__Relapse	WashU	P2	0.983
Classical-Mono__508084__Relapse	508084__Relapse	WashU	P14	0.974
ERP-3__508084__Relapse	508084__Relapse	WashU	P7	0.88
Erythroblast-3__508084__Relapse	508084__Relapse	WashU	P6	0.949
Intermediate Mono-1__508084__Relapse	508084__Relapse	WashU	P0	0.956
Intermediate Mono-2__508084__Relapse	508084__Relapse	WashU	P14	0.977
LMPP-1__508084__Relapse	508084__Relapse	WashU	P9	0.981
LMPP-1-cycling__508084__Relapse	508084__Relapse	WashU	P12	0.978
LMPP-2__508084__Relapse	508084__Relapse	WashU	P8	0.958
MAIT__508084__Relapse	508084__Relapse	WashU	P2	0.983
MDP-2__508084__Relapse	508084__Relapse	WashU	P12	0.972
MDP-3__508084__Relapse	508084__Relapse	WashU	P8	0.947
MDP-6__508084__Relapse	508084__Relapse	WashU	P8	0.906
MEP-1__508084__Relapse	508084__Relapse	WashU	P6	0.916
MEP-2__508084__Relapse	508084__Relapse	WashU	P8	0.957
MEP-Eryth-1__508084__Relapse	508084__Relapse	WashU	P6	0.875
MEP-Eryth-2__508084__Relapse	508084__Relapse	WashU	P6	0.903
MKP-early__508084__Relapse	508084__Relapse	WashU	P7	0.801
MPP-MEP__508084__Relapse	508084__Relapse	WashU	P8	0.974
Mono-1__508084__Relapse	508084__Relapse	WashU	P14	0.958
Mono-2__508084__Relapse	508084__Relapse	WashU	P14	0.963
MultiLin-GMP-2__508084__Relapse	508084__Relapse	WashU	P12	0.984
MultiLin-GMP-3__508084__Relapse	508084__Relapse	WashU	P9	0.978
Multilin-1__508084__Relapse	508084__Relapse	WashU	P9	0.976
Multilin-2__508084__Relapse	508084__Relapse	WashU	P12	0.978
Myeloid intermediate 1__508084__Relapse	508084__Relapse	WashU	P5	0.964
Myeloid intermediate 2__508084__Relapse	508084__Relapse	WashU	P14	0.974
Myeloid intermediate 3__508084__Relapse	508084__Relapse	WashU	P5	0.971
NK-Mature__508084__Relapse	508084__Relapse	WashU	P2	0.989
Non-Classical Mono-2__508084__Relapse	508084__Relapse	WashU	P8	0.978
Plasma Cell__508084__Relapse	508084__Relapse	WashU	P0	0.885
T CD4 Naive-1__508084__Relapse	508084__Relapse	WashU	P6	0.985
T CD4 Naive-2__508084__Relapse	508084__Relapse	WashU	P6	0.987
T CD8 Naive__508084__Relapse	508084__Relapse	WashU	P6	0.985
cDC2-1__508084__Relapse	508084__Relapse	WashU	P14	0.978
immNeu-1__508084__Relapse	508084__Relapse	WashU	P10	0.944
pDC__508084__Relapse	508084__Relapse	WashU	P8	0.967
pre-DC-3__508084__Relapse	508084__Relapse	WashU	P8	0.971
preNeu__508084__Relapse	508084__Relapse	WashU	P10	0.978
ASDC__5381v2_AfInv16_P49M	5381v2_AfInv16_P49M	CCHMC	P13	0.955
B Memory-1__5381v2_AfInv16_P49M	5381v2_AfInv16_P49M	CCHMC	P2	0.948
BMCP-1__5381v2_AfInv16_P49M	5381v2_AfInv16_P49M	CCHMC	P13	0.93
CD4 TCM__5381v2_AfInv16_P49M	5381v2_AfInv16_P49M	CCHMC	P2	0.969
CD8 TEM__5381v2_AfInv16_P49M	5381v2_AfInv16_P49M	CCHMC	P5	0.928
Classical-Mono__5381v2_AfInv16_P49M	5381v2_AfInv16_P49M	CCHMC	P0	0.953
Intermediate Mono-1__5381v2_AfInv16_P49M	5381v2_AfInv16_P49M	CCHMC	P0	0.962
Intermediate Mono-2__5381v2_AfInv16_P49M	5381v2_AfInv16_P49M	CCHMC	P0	0.965
Intermediate Mono-3__5381v2_AfInv16_P49M	5381v2_AfInv16_P49M	CCHMC	P13	0.974
LMPP-1-cycling__5381v2_AfInv16_P49M	5381v2_AfInv16_P49M	CCHMC	P13	0.972
LMPP-2__5381v2_AfInv16_P49M	5381v2_AfInv16_P49M	CCHMC	P13	0.96
MAIT__5381v2_AfInv16_P49M	5381v2_AfInv16_P49M	CCHMC	P2	0.953
MDP-1__5381v2_AfInv16_P49M	5381v2_AfInv16_P49M	CCHMC	P13	0.939
MDP-2__5381v2_AfInv16_P49M	5381v2_AfInv16_P49M	CCHMC	P13	0.97
MDP-3__5381v2_AfInv16_P49M	5381v2_AfInv16_P49M	CCHMC	P13	0.949
MEP-1__5381v2_AfInv16_P49M	5381v2_AfInv16_P49M	CCHMC	P13	0.955
MEP-2__5381v2_AfInv16_P49M	5381v2_AfInv16_P49M	CCHMC	P13	0.939
MPP-MEP__5381v2_AfInv16_P49M	5381v2_AfInv16_P49M	CCHMC	P13	0.967
Mono-1__5381v2_AfInv16_P49M	5381v2_AfInv16_P49M	CCHMC	P3	0.961
Mono-2__5381v2_AfInv16_P49M	5381v2_AfInv16_P49M	CCHMC	P14	0.964
MultiLin-GMP-1__5381v2_AfInv16_P49M	5381v2_AfInv16_P49M	CCHMC	P13	0.973
MultiLin-GMP-2__5381v2_AfInv16_P49M	5381v2_AfInv16_P49M	CCHMC	P13	0.972
MultiLin-GMP-3__5381v2_AfInv16_P49M	5381v2_AfInv16_P49M	CCHMC	P13	0.954
Multilin-1__5381v2_AfInv16_P49M	5381v2_AfInv16_P49M	CCHMC	P13	0.966
Myeloid intermediate 2__5381v2_AfInv16_P49M	5381v2_AfInv16_P49M	CCHMC	P13	0.978
Myeloid intermediate 3__5381v2_AfInv16_P49M	5381v2_AfInv16_P49M	CCHMC	P13	0.951
NK-Mature__5381v2_AfInv16_P49M	5381v2_AfInv16_P49M	CCHMC	P7	0.907
Non-Classical Mono-2__5381v2_AfInv16_P49M	5381v2_AfInv16_P49M	CCHMC	P3	0.962
T CD4 Activated__5381v2_AfInv16_P49M	5381v2_AfInv16_P49M	CCHMC	P7	0.963
T CD4 Naive-1__5381v2_AfInv16_P49M	5381v2_AfInv16_P49M	CCHMC	P7	0.958
cDC1__5381v2_AfInv16_P49M	5381v2_AfInv16_P49M	CCHMC	P13	0.972
cDC2-1__5381v2_AfInv16_P49M	5381v2_AfInv16_P49M	CCHMC	P13	0.969
cDC2-2__5381v2_AfInv16_P49M	5381v2_AfInv16_P49M	CCHMC	P3	0.971
pDC__5381v2_AfInv16_P49M	5381v2_AfInv16_P49M	CCHMC	P7	0.942
pre-DC-1__5381v2_AfInv16_P49M	5381v2_AfInv16_P49M	CCHMC	P7	0.942
pre-DC-2__5381v2_AfInv16_P49M	5381v2_AfInv16_P49M	CCHMC	P13	0.97
pre-DC-3__5381v2_AfInv16_P49M	5381v2_AfInv16_P49M	CCHMC	P10	0.956
preNeu__5381v2_AfInv16_P49M	5381v2_AfInv16_P49M	CCHMC	P13	0.965
ASDC__550_EInv16_38M	550_EInv16_38M	CCHMC	P10	0.966
B Memory-1__550_EInv16_38M	550_EInv16_38M	CCHMC	P7	0.964
B Memory-2__550_EInv16_38M	550_EInv16_38M	CCHMC	P2	0.948
BMCP-1__550_EInv16_38M	550_EInv16_38M	CCHMC	P14	0.935
CD4 TCM__550_EInv16_38M	550_EInv16_38M	CCHMC	P6	0.976
CD8 TEM__550_EInv16_38M	550_EInv16_38M	CCHMC	P6	0.97
Classical-Mono__550_EInv16_38M	550_EInv16_38M	CCHMC	P13	0.979
Intermediate Mono-1__550_EInv16_38M	550_EInv16_38M	CCHMC	P0	0.982
Intermediate Mono-2__550_EInv16_38M	550_EInv16_38M	CCHMC	P0	0.98
Intermediate Mono-3__550_EInv16_38M	550_EInv16_38M	CCHMC	P13	0.976
LMPP-1-cycling__550_EInv16_38M	550_EInv16_38M	CCHMC	P13	0.982
LMPP-2__550_EInv16_38M	550_EInv16_38M	CCHMC	P13	0.973
MAIT__550_EInv16_38M	550_EInv16_38M	CCHMC	P2	0.968
MDP-1__550_EInv16_38M	550_EInv16_38M	CCHMC	P13	0.966
MDP-2__550_EInv16_38M	550_EInv16_38M	CCHMC	P13	0.985
MDP-3__550_EInv16_38M	550_EInv16_38M	CCHMC	P13	0.964
MEP-1__550_EInv16_38M	550_EInv16_38M	CCHMC	P13	0.964
MPP-MEP__550_EInv16_38M	550_EInv16_38M	CCHMC	P13	0.976
Mono-1__550_EInv16_38M	550_EInv16_38M	CCHMC	P13	0.983
Mono-2__550_EInv16_38M	550_EInv16_38M	CCHMC	P13	0.983
MultiLin-GMP-1__550_EInv16_38M	550_EInv16_38M	CCHMC	P13	0.983
MultiLin-GMP-2__550_EInv16_38M	550_EInv16_38M	CCHMC	P13	0.986
MultiLin-GMP-3__550_EInv16_38M	550_EInv16_38M	CCHMC	P13	0.98
Multilin-1__550_EInv16_38M	550_EInv16_38M	CCHMC	P13	0.982
Multilin-2__550_EInv16_38M	550_EInv16_38M	CCHMC	P13	0.97
Myeloid intermediate 1__550_EInv16_38M	550_EInv16_38M	CCHMC	P14	0.957
Myeloid intermediate 2__550_EInv16_38M	550_EInv16_38M	CCHMC	P13	0.986
Myeloid intermediate 3__550_EInv16_38M	550_EInv16_38M	CCHMC	P13	0.976
NK-Mature__550_EInv16_38M	550_EInv16_38M	CCHMC	P2	0.961
Non-Classical Mono-2__550_EInv16_38M	550_EInv16_38M	CCHMC	P0	0.972
T CD4 Activated__550_EInv16_38M	550_EInv16_38M	CCHMC	P8	0.887
T CD4 Naive-1__550_EInv16_38M	550_EInv16_38M	CCHMC	P6	0.964
T CD8 Naive__550_EInv16_38M	550_EInv16_38M	CCHMC	P6	0.935
cDC1__550_EInv16_38M	550_EInv16_38M	CCHMC	P13	0.982
cDC2-1__550_EInv16_38M	550_EInv16_38M	CCHMC	P14	0.973
cDC2-2__550_EInv16_38M	550_EInv16_38M	CCHMC	P0	0.978
cMOP__550_EInv16_38M	550_EInv16_38M	CCHMC	P14	0.973
pDC__550_EInv16_38M	550_EInv16_38M	CCHMC	P13	0.966
pre-DC-1__550_EInv16_38M	550_EInv16_38M	CCHMC	P13	0.966
pre-DC-2__550_EInv16_38M	550_EInv16_38M	CCHMC	P13	0.982
pre-DC-3__550_EInv16_38M	550_EInv16_38M	CCHMC	P10	0.971
preNeu__550_EInv16_38M	550_EInv16_38M	CCHMC	P13	0.985
ASDC__562_AfInv16_25F	562_AfInv16_25F	CCHMC	P10	0.95
B Memory-1__562_AfInv16_25F	562_AfInv16_25F	CCHMC	P3	0.974
CD4 TCM__562_AfInv16_25F	562_AfInv16_25F	CCHMC	P3	0.973
CD8 TEM__562_AfInv16_25F	562_AfInv16_25F	CCHMC	P8	0.938
Classical-Mono__562_AfInv16_25F	562_AfInv16_25F	CCHMC	P3	0.972
Intermediate Mono-1__562_AfInv16_25F	562_AfInv16_25F	CCHMC	P3	0.964
Intermediate Mono-2__562_AfInv16_25F	562_AfInv16_25F	CCHMC	P3	0.966
Intermediate Mono-3__562_AfInv16_25F	562_AfInv16_25F	CCHMC	P3	0.973
LMPP-1-cycling__562_AfInv16_25F	562_AfInv16_25F	CCHMC	P13	0.961
LMPP-2__562_AfInv16_25F	562_AfInv16_25F	CCHMC	P13	0.968
MAIT__562_AfInv16_25F	562_AfInv16_25F	CCHMC	P8	0.928
MDP-1__562_AfInv16_25F	562_AfInv16_25F	CCHMC	P3	0.952
MDP-2__562_AfInv16_25F	562_AfInv16_25F	CCHMC	P3	0.965
MDP-3__562_AfInv16_25F	562_AfInv16_25F	CCHMC	P3	0.947
MPP-MEP__562_AfInv16_25F	562_AfInv16_25F	CCHMC	P13	0.943
Mono-1__562_AfInv16_25F	562_AfInv16_25F	CCHMC	P8	0.963
Mono-2__562_AfInv16_25F	562_AfInv16_25F	CCHMC	P14	0.97
MultiLin-GMP-1__562_AfInv16_25F	562_AfInv16_25F	CCHMC	P13	0.973
Multilin-1__562_AfInv16_25F	562_AfInv16_25F	CCHMC	P13	0.967
Myeloid intermediate 2__562_AfInv16_25F	562_AfInv16_25F	CCHMC	P13	0.978
Myeloid intermediate 3__562_AfInv16_25F	562_AfInv16_25F	CCHMC	P3	0.953
NK-Mature__562_AfInv16_25F	562_AfInv16_25F	CCHMC	P3	0.942
Non-Classical Mono-2__562_AfInv16_25F	562_AfInv16_25F	CCHMC	P3	0.956
T CD4 Activated__562_AfInv16_25F	562_AfInv16_25F	CCHMC	P3	0.933
T CD4 Naive-1__562_AfInv16_25F	562_AfInv16_25F	CCHMC	P3	0.968
T CD8 Naive__562_AfInv16_25F	562_AfInv16_25F	CCHMC	P2	0.947
cDC1__562_AfInv16_25F	562_AfInv16_25F	CCHMC	P3	0.972
cDC2-1__562_AfInv16_25F	562_AfInv16_25F	CCHMC	P14	0.961
cDC2-2__562_AfInv16_25F	562_AfInv16_25F	CCHMC	P3	0.963
pDC__562_AfInv16_25F	562_AfInv16_25F	CCHMC	P3	0.944
pre-DC-2__562_AfInv16_25F	562_AfInv16_25F	CCHMC	P3	0.968
pre-DC-3__562_AfInv16_25F	562_AfInv16_25F	CCHMC	P3	0.963
ASDC__568_AfInv16_P24M	568_AfInv16_P24M	CCHMC	P3	0.925
B Memory-1__568_AfInv16_P24M	568_AfInv16_P24M	CCHMC	P6	0.898
CD4 TCM__568_AfInv16_P24M	568_AfInv16_P24M	CCHMC	P2	0.969
Classical-Mono__568_AfInv16_P24M	568_AfInv16_P24M	CCHMC	P0	0.972
Intermediate Mono-1__568_AfInv16_P24M	568_AfInv16_P24M	CCHMC	P3	0.973
Intermediate Mono-2__568_AfInv16_P24M	568_AfInv16_P24M	CCHMC	P3	0.97
Intermediate Mono-3__568_AfInv16_P24M	568_AfInv16_P24M	CCHMC	P13	0.976
LMPP-1__568_AfInv16_P24M	568_AfInv16_P24M	CCHMC	P13	0.967
LMPP-1-cycling__568_AfInv16_P24M	568_AfInv16_P24M	CCHMC	P13	0.956
MAIT__568_AfInv16_P24M	568_AfInv16_P24M	CCHMC	P2	0.935
MEP-2__568_AfInv16_P24M	568_AfInv16_P24M	CCHMC	P13	0.936
MPP-MEP__568_AfInv16_P24M	568_AfInv16_P24M	CCHMC	P13	0.97
Mono-1__568_AfInv16_P24M	568_AfInv16_P24M	CCHMC	P13	0.969
Mono-2__568_AfInv16_P24M	568_AfInv16_P24M	CCHMC	P10	0.967
MultiLin-GMP-1__568_AfInv16_P24M	568_AfInv16_P24M	CCHMC	P13	0.975
MultiLin-GMP-2__568_AfInv16_P24M	568_AfInv16_P24M	CCHMC	P13	0.963
Multilin-1__568_AfInv16_P24M	568_AfInv16_P24M	CCHMC	P13	0.953
Myeloid intermediate 3__568_AfInv16_P24M	568_AfInv16_P24M	CCHMC	P6	0.923
NK-Mature__568_AfInv16_P24M	568_AfInv16_P24M	CCHMC	P2	0.96
Non-Classical Mono-2__568_AfInv16_P24M	568_AfInv16_P24M	CCHMC	P3	0.96
Plasma Cell__568_AfInv16_P24M	568_AfInv16_P24M	CCHMC	P2	0.923
T CD4 Naive-1__568_AfInv16_P24M	568_AfInv16_P24M	CCHMC	P2	0.941
T CD8 Naive__568_AfInv16_P24M	568_AfInv16_P24M	CCHMC	P2	0.927
cDC2-1__568_AfInv16_P24M	568_AfInv16_P24M	CCHMC	P10	0.966
cDC2-2__568_AfInv16_P24M	568_AfInv16_P24M	CCHMC	P3	0.97
cMOP__568_AfInv16_P24M	568_AfInv16_P24M	CCHMC	P8	0.958
pDC__568_AfInv16_P24M	568_AfInv16_P24M	CCHMC	P2	0.954
pre-DC-1__568_AfInv16_P24M	568_AfInv16_P24M	CCHMC	P3	0.934
pre-DC-3__568_AfInv16_P24M	568_AfInv16_P24M	CCHMC	P14	0.951
preNeu__568_AfInv16_P24M	568_AfInv16_P24M	CCHMC	P13	0.958
B Memory-1__596_E_N1c	596_E_N1c	CCHMC	P8	0.963
CD4 TCM__596_E_N1c	596_E_N1c	CCHMC	P2	0.971
CD8 TEM__596_E_N1c	596_E_N1c	CCHMC	P2	0.974
Intermediate Mono-3__596_E_N1c	596_E_N1c	CCHMC	P14	0.965
LMPP-1-cycling__596_E_N1c	596_E_N1c	CCHMC	P14	0.961
LMPP-2__596_E_N1c	596_E_N1c	CCHMC	P14	0.964
MAIT__596_E_N1c	596_E_N1c	CCHMC	P6	0.97
MDP-1__596_E_N1c	596_E_N1c	CCHMC	P14	0.953
MDP-2__596_E_N1c	596_E_N1c	CCHMC	P14	0.97
MDP-3__596_E_N1c	596_E_N1c	CCHMC	P14	0.951
MEP-2__596_E_N1c	596_E_N1c	CCHMC	P14	0.945
MPP-MEP__596_E_N1c	596_E_N1c	CCHMC	P14	0.968
Mono-1__596_E_N1c	596_E_N1c	CCHMC	P14	0.968
Mono-2__596_E_N1c	596_E_N1c	CCHMC	P14	0.962
MultiLin-GMP-1__596_E_N1c	596_E_N1c	CCHMC	P14	0.975
Multilin-1__596_E_N1c	596_E_N1c	CCHMC	P14	0.97
Myeloid intermediate 1__596_E_N1c	596_E_N1c	CCHMC	P14	0.945
Myeloid intermediate 2__596_E_N1c	596_E_N1c	CCHMC	P14	0.964
Myeloid intermediate 3__596_E_N1c	596_E_N1c	CCHMC	P14	0.956
NK-Mature__596_E_N1c	596_E_N1c	CCHMC	P2	0.972
Non-Classical Mono-2__596_E_N1c	596_E_N1c	CCHMC	P14	0.944
Plasma Cell__596_E_N1c	596_E_N1c	CCHMC	P8	0.95
T CD4 Naive-1__596_E_N1c	596_E_N1c	CCHMC	P6	0.966
cDC1__596_E_N1c	596_E_N1c	CCHMC	P14	0.966
cDC2-1__596_E_N1c	596_E_N1c	CCHMC	P14	0.961
cDC2-2__596_E_N1c	596_E_N1c	CCHMC	P14	0.951
pDC__596_E_N1c	596_E_N1c	CCHMC	P14	0.956
pre-DC-1__596_E_N1c	596_E_N1c	CCHMC	P14	0.939
pre-DC-2__596_E_N1c	596_E_N1c	CCHMC	P14	0.965
preNeu__596_E_N1c	596_E_N1c	CCHMC	P14	0.967
BMCP-1__727_EInv16_35M	727_EInv16_35M	CCHMC	P10	0.95
CD4 TCM__727_EInv16_35M	727_EInv16_35M	CCHMC	P2	0.968
CD8 TEM__727_EInv16_35M	727_EInv16_35M	CCHMC	P7	0.954
Intermediate Mono-1__727_EInv16_35M	727_EInv16_35M	CCHMC	P14	0.972
Intermediate Mono-2__727_EInv16_35M	727_EInv16_35M	CCHMC	P0	0.976
Intermediate Mono-3__727_EInv16_35M	727_EInv16_35M	CCHMC	P14	0.973
LMPP-1-cycling__727_EInv16_35M	727_EInv16_35M	CCHMC	P13	0.974
LMPP-2__727_EInv16_35M	727_EInv16_35M	CCHMC	P13	0.972
MAIT__727_EInv16_35M	727_EInv16_35M	CCHMC	P7	0.963
MDP-1__727_EInv16_35M	727_EInv16_35M	CCHMC	P13	0.972
MDP-2__727_EInv16_35M	727_EInv16_35M	CCHMC	P13	0.979
MDP-3__727_EInv16_35M	727_EInv16_35M	CCHMC	P13	0.958
MEP-1__727_EInv16_35M	727_EInv16_35M	CCHMC	P13	0.962
MPP-MEP__727_EInv16_35M	727_EInv16_35M	CCHMC	P13	0.964
Mono-1__727_EInv16_35M	727_EInv16_35M	CCHMC	P8	0.97
Mono-2__727_EInv16_35M	727_EInv16_35M	CCHMC	P14	0.974
MultiLin-GMP-1__727_EInv16_35M	727_EInv16_35M	CCHMC	P7	0.968
MultiLin-GMP-2__727_EInv16_35M	727_EInv16_35M	CCHMC	P7	0.965
MultiLin-GMP-3__727_EInv16_35M	727_EInv16_35M	CCHMC	P7	0.964
Multilin-1__727_EInv16_35M	727_EInv16_35M	CCHMC	P13	0.977
Myeloid intermediate 2__727_EInv16_35M	727_EInv16_35M	CCHMC	P13	0.979
Myeloid intermediate 3__727_EInv16_35M	727_EInv16_35M	CCHMC	P7	0.963
NK-Mature__727_EInv16_35M	727_EInv16_35M	CCHMC	P7	0.956
Non-Classical Mono-2__727_EInv16_35M	727_EInv16_35M	CCHMC	P14	0.96
T CD4 Naive-1__727_EInv16_35M	727_EInv16_35M	CCHMC	P7	0.972
T CD8 Naive__727_EInv16_35M	727_EInv16_35M	CCHMC	P7	0.962
cDC1__727_EInv16_35M	727_EInv16_35M	CCHMC	P10	0.975
cDC2-1__727_EInv16_35M	727_EInv16_35M	CCHMC	P10	0.964
cDC2-2__727_EInv16_35M	727_EInv16_35M	CCHMC	P14	0.972
cMOP__727_EInv16_35M	727_EInv16_35M	CCHMC	P8	0.957
pre-DC-2__727_EInv16_35M	727_EInv16_35M	CCHMC	P13	0.977
pre-DC-3__727_EInv16_35M	727_EInv16_35M	CCHMC	P10	0.961
preNeu__727_EInv16_35M	727_EInv16_35M	CCHMC	P13	0.975
B Memory-1__754_EInv16_47M	754_EInv16_47M	CCHMC	P0	0.945
BMCP-1__754_EInv16_47M	754_EInv16_47M	CCHMC	P0	0.925
CD4 TCM__754_EInv16_47M	754_EInv16_47M	CCHMC	P8	0.936
Intermediate Mono-1__754_EInv16_47M	754_EInv16_47M	CCHMC	P0	0.962
Intermediate Mono-3__754_EInv16_47M	754_EInv16_47M	CCHMC	P0	0.965
LMPP-1-cycling__754_EInv16_47M	754_EInv16_47M	CCHMC	P13	0.969
LMPP-2__754_EInv16_47M	754_EInv16_47M	CCHMC	P14	0.939
MDP-2__754_EInv16_47M	754_EInv16_47M	CCHMC	P13	0.955
MPP-MEP__754_EInv16_47M	754_EInv16_47M	CCHMC	P13	0.969
Mono-1__754_EInv16_47M	754_EInv16_47M	CCHMC	P0	0.963
Mono-2__754_EInv16_47M	754_EInv16_47M	CCHMC	P14	0.957
MultiLin-GMP-1__754_EInv16_47M	754_EInv16_47M	CCHMC	P13	0.979
MultiLin-GMP-2__754_EInv16_47M	754_EInv16_47M	CCHMC	P7	0.959
Myeloid intermediate 1__754_EInv16_47M	754_EInv16_47M	CCHMC	P14	0.962
Myeloid intermediate 2__754_EInv16_47M	754_EInv16_47M	CCHMC	P13	0.973
Myeloid intermediate 3__754_EInv16_47M	754_EInv16_47M	CCHMC	P14	0.967
Non-Classical Mono-2__754_EInv16_47M	754_EInv16_47M	CCHMC	P0	0.945
cDC1__754_EInv16_47M	754_EInv16_47M	CCHMC	P14	0.943
cDC2-2__754_EInv16_47M	754_EInv16_47M	CCHMC	P0	0.942
cMOP__754_EInv16_47M	754_EInv16_47M	CCHMC	P14	0.942
preNeu__754_EInv16_47M	754_EInv16_47M	CCHMC	P13	0.974
B Memory-1__827494__Diagnosis	827494__Diagnosis	WashU	P8	0.965
B Memory-2__827494__Diagnosis	827494__Diagnosis	WashU	P8	0.973
CD4 TCM__827494__Diagnosis	827494__Diagnosis	WashU	P8	0.968
CD8 TEM__827494__Diagnosis	827494__Diagnosis	WashU	P8	0.97
Classical-Mono__827494__Diagnosis	827494__Diagnosis	WashU	P8	0.979
ERP-1__827494__Diagnosis	827494__Diagnosis	WashU	P8	0.964
ERP-2__827494__Diagnosis	827494__Diagnosis	WashU	P8	0.969
ERP-4__827494__Diagnosis	827494__Diagnosis	WashU	P8	0.959
ERP-5__827494__Diagnosis	827494__Diagnosis	WashU	P8	0.966
ERP-6__827494__Diagnosis	827494__Diagnosis	WashU	P8	0.962
ERP-7__827494__Diagnosis	827494__Diagnosis	WashU	P8	0.974
ERP-8__827494__Diagnosis	827494__Diagnosis	WashU	P6	0.978
Erythroblast-1__827494__Diagnosis	827494__Diagnosis	WashU	P7	0.93
Erythroblast-2__827494__Diagnosis	827494__Diagnosis	WashU	P7	0.886
Erythroblast-3__827494__Diagnosis	827494__Diagnosis	WashU	P7	0.939
Intermediate Mono-1__827494__Diagnosis	827494__Diagnosis	WashU	P8	0.971
Intermediate Mono-2__827494__Diagnosis	827494__Diagnosis	WashU	P8	0.976
Intermediate Mono-3__827494__Diagnosis	827494__Diagnosis	WashU	P9	0.907
LMPP-1-cycling__827494__Diagnosis	827494__Diagnosis	WashU	P8	0.96
MAIT__827494__Diagnosis	827494__Diagnosis	WashU	P8	0.958
MEP-1__827494__Diagnosis	827494__Diagnosis	WashU	P8	0.958
MEP-2__827494__Diagnosis	827494__Diagnosis	WashU	P8	0.968
MEP-Eryth-1__827494__Diagnosis	827494__Diagnosis	WashU	P8	0.969
MEP-Eryth-2__827494__Diagnosis	827494__Diagnosis	WashU	P8	0.968
MKP-early__827494__Diagnosis	827494__Diagnosis	WashU	P8	0.969
MPP-1__827494__Diagnosis	827494__Diagnosis	WashU	P8	0.97
MPP-MEP__827494__Diagnosis	827494__Diagnosis	WashU	P8	0.958
Mono-2__827494__Diagnosis	827494__Diagnosis	WashU	P8	0.948
NK-Mature__827494__Diagnosis	827494__Diagnosis	WashU	P8	0.975
Non-Classical Mono-2__827494__Diagnosis	827494__Diagnosis	WashU	P8	0.969
T CD4 Naive-1__827494__Diagnosis	827494__Diagnosis	WashU	P8	0.967
T CD8 Naive__827494__Diagnosis	827494__Diagnosis	WashU	P8	0.96
cDC2-1__827494__Diagnosis	827494__Diagnosis	WashU	P8	0.948
pDC__827494__Diagnosis	827494__Diagnosis	WashU	P8	0.951
pre-DC-1__827494__Diagnosis	827494__Diagnosis	WashU	P8	0.95
B Memory-2__868442__Diagnosis	868442__Diagnosis	WashU	P2	0.958
Classical-Mono__868442__Diagnosis	868442__Diagnosis	WashU	P2	0.975
Intermediate Mono-1__868442__Diagnosis	868442__Diagnosis	WashU	P0	0.963
Intermediate Mono-2__868442__Diagnosis	868442__Diagnosis	WashU	P6	0.975
LMPP-1__868442__Diagnosis	868442__Diagnosis	WashU	P12	0.978
LMPP-1-cycling__868442__Diagnosis	868442__Diagnosis	WashU	P12	0.974
LMPP-2__868442__Diagnosis	868442__Diagnosis	WashU	P8	0.892
MDP-2__868442__Diagnosis	868442__Diagnosis	WashU	P12	0.96
MEP-1__868442__Diagnosis	868442__Diagnosis	WashU	P11	0.954
MEP-2__868442__Diagnosis	868442__Diagnosis	WashU	P11	0.968
MKP-early__868442__Diagnosis	868442__Diagnosis	WashU	P10	0.949
MPP-MEP__868442__Diagnosis	868442__Diagnosis	WashU	P11	0.968
Mono-1__868442__Diagnosis	868442__Diagnosis	WashU	P2	0.946
Mono-2__868442__Diagnosis	868442__Diagnosis	WashU	P5	0.965
MultiLin-GMP-2__868442__Diagnosis	868442__Diagnosis	WashU	P12	0.982
MultiLin-GMP-3__868442__Diagnosis	868442__Diagnosis	WashU	P12	0.976
Multilin-1__868442__Diagnosis	868442__Diagnosis	WashU	P12	0.972
Multilin-2__868442__Diagnosis	868442__Diagnosis	WashU	P12	0.968
Myeloid intermediate 1__868442__Diagnosis	868442__Diagnosis	WashU	P11	0.944
Myeloid intermediate 2__868442__Diagnosis	868442__Diagnosis	WashU	P1	0.962
Myeloid intermediate 3__868442__Diagnosis	868442__Diagnosis	WashU	P12	0.953
NK-Mature__868442__Diagnosis	868442__Diagnosis	WashU	P2	0.968
Non-Classical Mono-2__868442__Diagnosis	868442__Diagnosis	WashU	P14	0.965
cDC2-1__868442__Diagnosis	868442__Diagnosis	WashU	P1	0.97
immNeu-1__868442__Diagnosis	868442__Diagnosis	WashU	P7	0.948
pre-DC-3__868442__Diagnosis	868442__Diagnosis	WashU	P1	0.946
preNeu__868442__Diagnosis	868442__Diagnosis	WashU	P12	0.979
B Memory-1__869586__Diagnosis	869586__Diagnosis	WashU	P8	0.969
B Memory-2__869586__Diagnosis	869586__Diagnosis	WashU	P6	0.98
CD4 TCM__869586__Diagnosis	869586__Diagnosis	WashU	P2	0.98
CD8 TEM__869586__Diagnosis	869586__Diagnosis	WashU	P8	0.972
CLP__869586__Diagnosis	869586__Diagnosis	WashU	P8	0.841
Classical-Mono__869586__Diagnosis	869586__Diagnosis	WashU	P8	0.911
ERP-7__869586__Diagnosis	869586__Diagnosis	WashU	P6	0.968
ERP-8__869586__Diagnosis	869586__Diagnosis	WashU	P6	0.978
Erythroblast-3__869586__Diagnosis	869586__Diagnosis	WashU	P7	0.917
LMPP-1-cycling__869586__Diagnosis	869586__Diagnosis	WashU	P8	0.903
LMPP-2__869586__Diagnosis	869586__Diagnosis	WashU	P8	0.893
MAIT__869586__Diagnosis	869586__Diagnosis	WashU	P2	0.975
MDP-2__869586__Diagnosis	869586__Diagnosis	WashU	P8	0.946
MEP-1__869586__Diagnosis	869586__Diagnosis	WashU	P9	0.953
MEP-Eryth-1__869586__Diagnosis	869586__Diagnosis	WashU	P6	0.934
MPP-MEP__869586__Diagnosis	869586__Diagnosis	WashU	P8	0.926
Mono-2__869586__Diagnosis	869586__Diagnosis	WashU	P8	0.944
MultiLin-GMP-2__869586__Diagnosis	869586__Diagnosis	WashU	P9	0.967
MultiLin-GMP-3__869586__Diagnosis	869586__Diagnosis	WashU	P9	0.963
Multilin-1__869586__Diagnosis	869586__Diagnosis	WashU	P9	0.959
Multilin-2__869586__Diagnosis	869586__Diagnosis	WashU	P8	0.939
Myeloid intermediate 1__869586__Diagnosis	869586__Diagnosis	WashU	P9	0.947
Myeloid intermediate 2__869586__Diagnosis	869586__Diagnosis	WashU	P9	0.952
Myeloid intermediate 3__869586__Diagnosis	869586__Diagnosis	WashU	P8	0.931
NK-Mature__869586__Diagnosis	869586__Diagnosis	WashU	P2	0.985
Non-Classical Mono-2__869586__Diagnosis	869586__Diagnosis	WashU	P6	0.968
Plasma Cell__869586__Diagnosis	869586__Diagnosis	WashU	P6	0.962
T CD4 Naive-1__869586__Diagnosis	869586__Diagnosis	WashU	P8	0.983
T CD4 Naive-2__869586__Diagnosis	869586__Diagnosis	WashU	P6	0.984
T CD8 Naive__869586__Diagnosis	869586__Diagnosis	WashU	P8	0.983
immNeu-1__869586__Diagnosis	869586__Diagnosis	WashU	P9	0.94
preNeu__869586__Diagnosis	869586__Diagnosis	WashU	P9	0.963
CD4 TCM__869586__Relapse	869586__Relapse	WashU	P8	0.923
CD8 TEM__869586__Relapse	869586__Relapse	WashU	P2	0.951
LMPP-1__869586__Relapse	869586__Relapse	WashU	P9	0.967
LMPP-1-cycling__869586__Relapse	869586__Relapse	WashU	P9	0.963
LMPP-2__869586__Relapse	869586__Relapse	WashU	P8	0.915
MDP-2__869586__Relapse	869586__Relapse	WashU	P9	0.936
MEP-1__869586__Relapse	869586__Relapse	WashU	P9	0.953
MEP-2__869586__Relapse	869586__Relapse	WashU	P8	0.936
MEP-Eryth-1__869586__Relapse	869586__Relapse	WashU	P9	0.926
MEP-Eryth-2__869586__Relapse	869586__Relapse	WashU	P9	0.955
MPP-MEP__869586__Relapse	869586__Relapse	WashU	P9	0.961
MultiLin-GMP-2__869586__Relapse	869586__Relapse	WashU	P9	0.966
MultiLin-GMP-3__869586__Relapse	869586__Relapse	WashU	P9	0.962
Multilin-1__869586__Relapse	869586__Relapse	WashU	P9	0.966
Multilin-2__869586__Relapse	869586__Relapse	WashU	P9	0.951
NK-Mature__869586__Relapse	869586__Relapse	WashU	P6	0.965
Non-Classical Mono-2__869586__Relapse	869586__Relapse	WashU	P1	0.968
B Memory-2__869922__Diagnosis	869922__Diagnosis	WashU	P2	0.966
CD4 TCM__869922__Diagnosis	869922__Diagnosis	WashU	P2	0.966
CD8 TEM__869922__Diagnosis	869922__Diagnosis	WashU	P2	0.969
ERP-1__869922__Diagnosis	869922__Diagnosis	WashU	P9	0.958
ERP-2__869922__Diagnosis	869922__Diagnosis	WashU	P6	0.96
Intermediate Mono-2__869922__Diagnosis	869922__Diagnosis	WashU	P2	0.967
Intermediate Mono-3__869922__Diagnosis	869922__Diagnosis	WashU	P7	0.925
LMPP-1__869922__Diagnosis	869922__Diagnosis	WashU	P9	0.974
MAIT__869922__Diagnosis	869922__Diagnosis	WashU	P2	0.947
MDP-2__869922__Diagnosis	869922__Diagnosis	WashU	P9	0.969
MEP-1__869922__Diagnosis	869922__Diagnosis	WashU	P9	0.974
MEP-2__869922__Diagnosis	869922__Diagnosis	WashU	P9	0.97
MEP-Eryth-2__869922__Diagnosis	869922__Diagnosis	WashU	P9	0.971
MPP-MEP__869922__Diagnosis	869922__Diagnosis	WashU	P9	0.972
MultiLin-GMP-2__869922__Diagnosis	869922__Diagnosis	WashU	P9	0.979
MultiLin-GMP-3__869922__Diagnosis	869922__Diagnosis	WashU	P9	0.979
Multilin-1__869922__Diagnosis	869922__Diagnosis	WashU	P9	0.975
Multilin-2__869922__Diagnosis	869922__Diagnosis	WashU	P9	0.971
Myeloid intermediate 2__869922__Diagnosis	869922__Diagnosis	WashU	P9	0.978
Myeloid intermediate 3__869922__Diagnosis	869922__Diagnosis	WashU	P9	0.972
NK-Mature__869922__Diagnosis	869922__Diagnosis	WashU	P2	0.971
Non-Classical Mono-2__869922__Diagnosis	869922__Diagnosis	WashU	P7	0.962
T CD4 Naive-1__869922__Diagnosis	869922__Diagnosis	WashU	P2	0.94
T CD4 Naive-2__869922__Diagnosis	869922__Diagnosis	WashU	P2	0.97
T CD8 Naive__869922__Diagnosis	869922__Diagnosis	WashU	P2	0.947
cDC1__869922__Diagnosis	869922__Diagnosis	WashU	P9	0.957
cDC2-1__869922__Diagnosis	869922__Diagnosis	WashU	P6	0.939
pre-DC-2__869922__Diagnosis	869922__Diagnosis	WashU	P7	0.952
B Memory-2__875663__Diagnosis	875663__Diagnosis	WashU	P2	0.956
CD8 TEM__875663__Diagnosis	875663__Diagnosis	WashU	P2	0.96
Classical-Mono__875663__Diagnosis	875663__Diagnosis	WashU	P2	0.964
Intermediate Mono-1__875663__Diagnosis	875663__Diagnosis	WashU	P2	0.958
Intermediate Mono-2__875663__Diagnosis	875663__Diagnosis	WashU	P2	0.958
Intermediate Mono-3__875663__Diagnosis	875663__Diagnosis	WashU	P11	0.922
Mono-2__875663__Diagnosis	875663__Diagnosis	WashU	P1	0.947
Myeloid intermediate 1__875663__Diagnosis	875663__Diagnosis	WashU	P6	0.944
Myeloid intermediate 2__875663__Diagnosis	875663__Diagnosis	WashU	P6	0.967
Myeloid intermediate 3__875663__Diagnosis	875663__Diagnosis	WashU	P7	0.968
NK-Mature__875663__Diagnosis	875663__Diagnosis	WashU	P2	0.969
Non-Classical Mono-2__875663__Diagnosis	875663__Diagnosis	WashU	P2	0.964
T CD4 Naive-2__875663__Diagnosis	875663__Diagnosis	WashU	P2	0.962
cDC1__875663__Diagnosis	875663__Diagnosis	WashU	P10	0.952
cDC2-1__875663__Diagnosis	875663__Diagnosis	WashU	P6	0.945
immNeu-1__875663__Diagnosis	875663__Diagnosis	WashU	P0	0.935
pre-DC-2__875663__Diagnosis	875663__Diagnosis	WashU	P6	0.952
preNeu__875663__Diagnosis	875663__Diagnosis	WashU	P7	0.966
B Memory-1__916462__Diagnosis	916462__Diagnosis	WashU	P2	0.949
B Memory-2__916462__Diagnosis	916462__Diagnosis	WashU	P2	0.969
CD4 TCM__916462__Diagnosis	916462__Diagnosis	WashU	P2	0.973
CD8 TEM__916462__Diagnosis	916462__Diagnosis	WashU	P2	0.965
ERP-1__916462__Diagnosis	916462__Diagnosis	WashU	P6	0.963
ERP-2__916462__Diagnosis	916462__Diagnosis	WashU	P6	0.965
ERP-3__916462__Diagnosis	916462__Diagnosis	WashU	P6	0.968
ERP-4__916462__Diagnosis	916462__Diagnosis	WashU	P6	0.965
ERP-5__916462__Diagnosis	916462__Diagnosis	WashU	P6	0.963
ERP-6__916462__Diagnosis	916462__Diagnosis	WashU	P6	0.962
LMPP-1__916462__Diagnosis	916462__Diagnosis	WashU	P11	0.979
LMPP-1-cycling__916462__Diagnosis	916462__Diagnosis	WashU	P11	0.971
LMPP-2__916462__Diagnosis	916462__Diagnosis	WashU	P8	0.941
MAIT__916462__Diagnosis	916462__Diagnosis	WashU	P2	0.964
MDP-2__916462__Diagnosis	916462__Diagnosis	WashU	P11	0.967
MEP-2__916462__Diagnosis	916462__Diagnosis	WashU	P11	0.967
MEP-Eryth-2__916462__Diagnosis	916462__Diagnosis	WashU	P11	0.966
MKP-early__916462__Diagnosis	916462__Diagnosis	WashU	P14	0.957
MPP-MEP__916462__Diagnosis	916462__Diagnosis	WashU	P11	0.972
MultiLin-GMP-2__916462__Diagnosis	916462__Diagnosis	WashU	P11	0.98
Multilin-2__916462__Diagnosis	916462__Diagnosis	WashU	P11	0.973
Myeloid intermediate 2__916462__Diagnosis	916462__Diagnosis	WashU	P11	0.972
Myeloid intermediate 3__916462__Diagnosis	916462__Diagnosis	WashU	P11	0.957
NK-Mature__916462__Diagnosis	916462__Diagnosis	WashU	P2	0.972
Non-Classical Mono-2__916462__Diagnosis	916462__Diagnosis	WashU	P7	0.947
T CD4 Naive-1__916462__Diagnosis	916462__Diagnosis	WashU	P2	0.968
T CD4 Naive-2__916462__Diagnosis	916462__Diagnosis	WashU	P2	0.976
T CD8 Naive__916462__Diagnosis	916462__Diagnosis	WashU	P2	0.964
cDC1__916462__Diagnosis	916462__Diagnosis	WashU	P1	0.958
preNeu__916462__Diagnosis	916462__Diagnosis	WashU	P11	0.976
B Memory-1__922185__Diagnosis	922185__Diagnosis	WashU	P8	0.972
B Memory-2__922185__Diagnosis	922185__Diagnosis	WashU	P8	0.976
CD4 TCM__922185__Diagnosis	922185__Diagnosis	WashU	P8	0.982
CD8 TEM__922185__Diagnosis	922185__Diagnosis	WashU	P8	0.979
Classical-Mono__922185__Diagnosis	922185__Diagnosis	WashU	P8	0.983
ERP-5__922185__Diagnosis	922185__Diagnosis	WashU	P8	0.964
ERP-7__922185__Diagnosis	922185__Diagnosis	WashU	P8	0.972
ERP-8__922185__Diagnosis	922185__Diagnosis	WashU	P8	0.977
Erythroblast-3__922185__Diagnosis	922185__Diagnosis	WashU	P8	0.975
Intermediate Mono-1__922185__Diagnosis	922185__Diagnosis	WashU	P8	0.97
Intermediate Mono-2__922185__Diagnosis	922185__Diagnosis	WashU	P8	0.981
MAIT__922185__Diagnosis	922185__Diagnosis	WashU	P8	0.978
MEP-Eryth-1__922185__Diagnosis	922185__Diagnosis	WashU	P8	0.939
Mono-2__922185__Diagnosis	922185__Diagnosis	WashU	P8	0.943
NK-Mature__922185__Diagnosis	922185__Diagnosis	WashU	P8	0.979
Non-Classical Mono-2__922185__Diagnosis	922185__Diagnosis	WashU	P8	0.973
Plasma Cell__922185__Diagnosis	922185__Diagnosis	WashU	P8	0.932
T CD4 Naive-1__922185__Diagnosis	922185__Diagnosis	WashU	P8	0.985
T CD4 Naive-2__922185__Diagnosis	922185__Diagnosis	WashU	P8	0.978
T CD8 Naive__922185__Diagnosis	922185__Diagnosis	WashU	P8	0.982
cDC2-1__922185__Diagnosis	922185__Diagnosis	WashU	P8	0.978
pDC__922185__Diagnosis	922185__Diagnosis	WashU	P8	0.966
B Memory-1__98-31_AfInv16_34F	98-31_AfInv16_34F	CCHMC	P2	0.972
CD4 TCM__98-31_AfInv16_34F	98-31_AfInv16_34F	CCHMC	P0	0.936
Classical-Mono__98-31_AfInv16_34F	98-31_AfInv16_34F	CCHMC	P0	0.967
Intermediate Mono-1__98-31_AfInv16_34F	98-31_AfInv16_34F	CCHMC	P0	0.97
Intermediate Mono-2__98-31_AfInv16_34F	98-31_AfInv16_34F	CCHMC	P0	0.971
Intermediate Mono-3__98-31_AfInv16_34F	98-31_AfInv16_34F	CCHMC	P0	0.971
MAIT__98-31_AfInv16_34F	98-31_AfInv16_34F	CCHMC	P0	0.946
Mono-1__98-31_AfInv16_34F	98-31_AfInv16_34F	CCHMC	P0	0.964
Mono-2__98-31_AfInv16_34F	98-31_AfInv16_34F	CCHMC	P0	0.965
MultiLin-GMP-1__98-31_AfInv16_34F	98-31_AfInv16_34F	CCHMC	P13	0.972
Myeloid intermediate 2__98-31_AfInv16_34F	98-31_AfInv16_34F	CCHMC	P13	0.972
Myeloid intermediate 3__98-31_AfInv16_34F	98-31_AfInv16_34F	CCHMC	P0	0.958
Non-Classical Mono-2__98-31_AfInv16_34F	98-31_AfInv16_34F	CCHMC	P0	0.96
cDC1__98-31_AfInv16_34F	98-31_AfInv16_34F	CCHMC	P0	0.963
cDC2-1__98-31_AfInv16_34F	98-31_AfInv16_34F	CCHMC	P14	0.957
cDC2-2__98-31_AfInv16_34F	98-31_AfInv16_34F	CCHMC	P14	0.964
pre-DC-2__98-31_AfInv16_34F	98-31_AfInv16_34F	CCHMC	P0	0.949
pre-DC-3__98-31_AfInv16_34F	98-31_AfInv16_34F	CCHMC	P13	0.95
preNeu__98-31_AfInv16_34F	98-31_AfInv16_34F	CCHMC	P13	0.942
B Memory-1__AML-01	AML-01	Colorado	P2	0.961
B Memory-2__AML-01	AML-01	Colorado	P2	0.963
BMCP-1__AML-01	AML-01	Colorado	P9	0.931
CD4 TCM__AML-01	AML-01	Colorado	P2	0.969
ERP-1__AML-01	AML-01	Colorado	P9	0.954
ERP-2__AML-01	AML-01	Colorado	P9	0.96
ERP-5__AML-01	AML-01	Colorado	P2	0.962
Erythroblast-3__AML-01	AML-01	Colorado	P6	0.886
Intermediate Mono-1__AML-01	AML-01	Colorado	P0	0.96
Intermediate Mono-2__AML-01	AML-01	Colorado	P0	0.973
Intermediate Mono-3__AML-01	AML-01	Colorado	P0	0.974
LMPP-1__AML-01	AML-01	Colorado	P9	0.973
LMPP-1-cycling__AML-01	AML-01	Colorado	P9	0.974
MAIT__AML-01	AML-01	Colorado	P2	0.961
MDP-2__AML-01	AML-01	Colorado	P9	0.97
MEP-1__AML-01	AML-01	Colorado	P9	0.97
MEP-2__AML-01	AML-01	Colorado	P9	0.959
MEP-Eryth-1__AML-01	AML-01	Colorado	P9	0.965
MEP-Eryth-2__AML-01	AML-01	Colorado	P9	0.969
MPP-MEP__AML-01	AML-01	Colorado	P9	0.972
Mono-1__AML-01	AML-01	Colorado	P14	0.941
MultiLin-GMP-1__AML-01	AML-01	Colorado	P9	0.976
MultiLin-GMP-2__AML-01	AML-01	Colorado	P9	0.978
MultiLin-GMP-3__AML-01	AML-01	Colorado	P9	0.972
Multilin-1__AML-01	AML-01	Colorado	P9	0.974
Multilin-2__AML-01	AML-01	Colorado	P9	0.97
Myeloid intermediate 1__AML-01	AML-01	Colorado	P9	0.958
Myeloid intermediate 2__AML-01	AML-01	Colorado	P9	0.974
Myeloid intermediate 3__AML-01	AML-01	Colorado	P9	0.967
NK-Mature__AML-01	AML-01	Colorado	P2	0.951
Non-Classical Mono-2__AML-01	AML-01	Colorado	P0	0.971
T CD4 Naive-1__AML-01	AML-01	Colorado	P2	0.97
T CD8 Naive__AML-01	AML-01	Colorado	P2	0.953
cDC1__AML-01	AML-01	Colorado	P0	0.968
cMOP__AML-01	AML-01	Colorado	P0	0.952
pre-DC-2__AML-01	AML-01	Colorado	P9	0.958
B Memory-1__AML-02	AML-02	Colorado	P0	0.973
B Memory-2__AML-02	AML-02	Colorado	P0	0.965
CD4 TCM__AML-02	AML-02	Colorado	P0	0.96
CD8 TEM__AML-02	AML-02	Colorado	P2	0.959
Classical-Mono__AML-02	AML-02	Colorado	P5	0.931
Intermediate Mono-3__AML-02	AML-02	Colorado	P9	0.944
LMPP-1-cycling__AML-02	AML-02	Colorado	P9	0.965
LMPP-2__AML-02	AML-02	Colorado	P9	0.931
MAIT__AML-02	AML-02	Colorado	P2	0.926
MDP-1__AML-02	AML-02	Colorado	P12	0.938
MDP-2__AML-02	AML-02	Colorado	P12	0.955
MEP-1__AML-02	AML-02	Colorado	P9	0.945
MEP-2__AML-02	AML-02	Colorado	P9	0.942
MEP-Eryth-2__AML-02	AML-02	Colorado	P9	0.944
MPP-MEP__AML-02	AML-02	Colorado	P9	0.966
Mono-1__AML-02	AML-02	Colorado	P9	0.953
Mono-2__AML-02	AML-02	Colorado	P8	0.949
MultiLin-GMP-1__AML-02	AML-02	Colorado	P9	0.959
MultiLin-GMP-2__AML-02	AML-02	Colorado	P9	0.968
MultiLin-GMP-3__AML-02	AML-02	Colorado	P9	0.951
Multilin-1__AML-02	AML-02	Colorado	P9	0.96
Myeloid intermediate 2__AML-02	AML-02	Colorado	P9	0.955
Myeloid intermediate 3__AML-02	AML-02	Colorado	P9	0.944
NK-Mature__AML-02	AML-02	Colorado	P0	0.97
Non-Classical Mono-2__AML-02	AML-02	Colorado	P8	0.948
T CD4 Naive-1__AML-02	AML-02	Colorado	P0	0.947
cMOP__AML-02	AML-02	Colorado	P5	0.935
pre-DC-2__AML-02	AML-02	Colorado	P9	0.948
Erythroblast-3__AML-03	AML-03	Colorado	P6	0.939
Intermediate Mono-2__AML-03	AML-03	Colorado	P5	0.954
Intermediate Mono-3__AML-03	AML-03	Colorado	P5	0.969
LMPP-1-cycling__AML-03	AML-03	Colorado	P12	0.966
LMPP-2__AML-03	AML-03	Colorado	P12	0.965
MDP-1__AML-03	AML-03	Colorado	P8	0.937
MDP-2__AML-03	AML-03	Colorado	P12	0.968
MEP-1__AML-03	AML-03	Colorado	P12	0.961
MPP-1__AML-03	AML-03	Colorado	P9	0.96
MPP-MEP__AML-03	AML-03	Colorado	P8	0.961
MultiLin-GMP-1__AML-03	AML-03	Colorado	P12	0.971
MultiLin-GMP-2__AML-03	AML-03	Colorado	P2	0.951
MultiLin-GMP-3__AML-03	AML-03	Colorado	P12	0.96
Multilin-1__AML-03	AML-03	Colorado	P12	0.963
Multilin-2__AML-03	AML-03	Colorado	P12	0.966
pre-DC-2__AML-03	AML-03	Colorado	P12	0.955
B Memory-1__AML-04	AML-04	Colorado	P2	0.954
B Memory-2__AML-04	AML-04	Colorado	P2	0.961
CD4 TCM__AML-04	AML-04	Colorado	P2	0.965
CD8 TEM__AML-04	AML-04	Colorado	P2	0.954
Erythroblast-3__AML-04	AML-04	Colorado	P6	0.933
Intermediate Mono-1__AML-04	AML-04	Colorado	P5	0.913
Intermediate Mono-2__AML-04	AML-04	Colorado	P5	0.945
Intermediate Mono-3__AML-04	AML-04	Colorado	P5	0.956
LMPP-1-cycling__AML-04	AML-04	Colorado	P12	0.971
LMPP-2__AML-04	AML-04	Colorado	P12	0.942
MDP-1__AML-04	AML-04	Colorado	P12	0.926
MDP-2__AML-04	AML-04	Colorado	P12	0.957
MEP-1__AML-04	AML-04	Colorado	P12	0.937
MEP-2__AML-04	AML-04	Colorado	P12	0.94
MPP-MEP__AML-04	AML-04	Colorado	P12	0.973
Mono-1__AML-04	AML-04	Colorado	P14	0.939
Mono-2__AML-04	AML-04	Colorado	P14	0.949
MultiLin-GMP-1__AML-04	AML-04	Colorado	P12	0.971
MultiLin-GMP-2__AML-04	AML-04	Colorado	P12	0.967
Multilin-1__AML-04	AML-04	Colorado	P12	0.97
Multilin-2__AML-04	AML-04	Colorado	P12	0.956
Myeloid intermediate 2__AML-04	AML-04	Colorado	P12	0.963
Myeloid intermediate 3__AML-04	AML-04	Colorado	P12	0.943
NK-Mature__AML-04	AML-04	Colorado	P2	0.963
Non-Classical Mono-2__AML-04	AML-04	Colorado	P0	0.962
T CD4 Naive-1__AML-04	AML-04	Colorado	P2	0.95
cDC1__AML-04	AML-04	Colorado	P12	0.957
pre-DC-2__AML-04	AML-04	Colorado	P12	0.95
B Memory-1__AML-07	AML-07	Colorado	P5	0.964
B Memory-2__AML-07	AML-07	Colorado	P0	0.973
CD4 TCM__AML-07	AML-07	Colorado	P2	0.972
CD8 TEM__AML-07	AML-07	Colorado	P5	0.962
Classical-Mono__AML-07	AML-07	Colorado	P5	0.967
Intermediate Mono-1__AML-07	AML-07	Colorado	P5	0.959
Intermediate Mono-2__AML-07	AML-07	Colorado	P5	0.964
Intermediate Mono-3__AML-07	AML-07	Colorado	P5	0.972
LMPP-1-cycling__AML-07	AML-07	Colorado	P12	0.954
LMPP-2__AML-07	AML-07	Colorado	P12	0.936
MAIT__AML-07	AML-07	Colorado	P0	0.948
MDP-1__AML-07	AML-07	Colorado	P5	0.918
MEP-2__AML-07	AML-07	Colorado	P9	0.936
MPP-MEP__AML-07	AML-07	Colorado	P9	0.952
Mono-1__AML-07	AML-07	Colorado	P5	0.947
Mono-2__AML-07	AML-07	Colorado	P5	0.961
Multilin-2__AML-07	AML-07	Colorado	P12	0.944
Myeloid intermediate 3__AML-07	AML-07	Colorado	P5	0.928
NK-Mature__AML-07	AML-07	Colorado	P2	0.976
Non-Classical Mono-2__AML-07	AML-07	Colorado	P5	0.971
T CD4 Naive-1__AML-07	AML-07	Colorado	P2	0.976
cDC1__AML-07	AML-07	Colorado	P5	0.95
cDC2-1__AML-07	AML-07	Colorado	P5	0.959
cMOP__AML-07	AML-07	Colorado	P8	0.912
ASDC__AML-08	AML-08	Colorado	P0	0.948
B Memory-1__AML-08	AML-08	Colorado	P2	0.957
B Memory-2__AML-08	AML-08	Colorado	P2	0.952
CD4 TCM__AML-08	AML-08	Colorado	P2	0.955
CD8 TEM__AML-08	AML-08	Colorado	P2	0.956
Classical-Mono__AML-08	AML-08	Colorado	P0	0.966
Erythroblast-3__AML-08	AML-08	Colorado	P6	0.901
Intermediate Mono-1__AML-08	AML-08	Colorado	P0	0.965
Intermediate Mono-2__AML-08	AML-08	Colorado	P0	0.971
Intermediate Mono-3__AML-08	AML-08	Colorado	P0	0.962
LMPP-1-cycling__AML-08	AML-08	Colorado	P9	0.95
LMPP-2__AML-08	AML-08	Colorado	P2	0.916
MAIT__AML-08	AML-08	Colorado	P0	0.948
MDP-1__AML-08	AML-08	Colorado	P2	0.916
MDP-2__AML-08	AML-08	Colorado	P0	0.956
MDP-3__AML-08	AML-08	Colorado	P13	0.922
MEP-1__AML-08	AML-08	Colorado	P9	0.907
MEP-2__AML-08	AML-08	Colorado	P9	0.93
MEP-Eryth-2__AML-08	AML-08	Colorado	P9	0.928
MPP-MEP__AML-08	AML-08	Colorado	P9	0.944
Mono-2__AML-08	AML-08	Colorado	P0	0.959
MultiLin-GMP-1__AML-08	AML-08	Colorado	P0	0.939
Multilin-1__AML-08	AML-08	Colorado	P9	0.945
Multilin-2__AML-08	AML-08	Colorado	P9	0.939
Myeloid intermediate 2__AML-08	AML-08	Colorado	P0	0.949
NK-Mature__AML-08	AML-08	Colorado	P2	0.965
Non-Classical Mono-2__AML-08	AML-08	Colorado	P0	0.97
Plasma Cell__AML-08	AML-08	Colorado	P2	0.945
T CD4 Naive-1__AML-08	AML-08	Colorado	P0	0.937
cDC1__AML-08	AML-08	Colorado	P2	0.957
cDC2-1__AML-08	AML-08	Colorado	P0	0.972
cDC2-2__AML-08	AML-08	Colorado	P0	0.965
pDC__AML-08	AML-08	Colorado	P2	0.958
pre-DC-1__AML-08	AML-08	Colorado	P2	0.955
pre-DC-2__AML-08	AML-08	Colorado	P13	0.95
pre-DC-3__AML-08	AML-08	Colorado	P0	0.965
B Memory-1__AML-09	AML-09	NYU-2	P6	0.986
B Memory-2__AML-09	AML-09	NYU-2	P6	0.98
CD4 TCM__AML-09	AML-09	NYU-2	P6	0.984
CD8 TEM__AML-09	AML-09	NYU-2	P6	0.984
Classical-Mono__AML-09	AML-09	NYU-2	P5	0.982
Erythroblast-1__AML-09	AML-09	NYU-2	P6	0.945
Erythroblast-3__AML-09	AML-09	NYU-2	P8	0.947
Intermediate Mono-1__AML-09	AML-09	NYU-2	P5	0.985
Intermediate Mono-2__AML-09	AML-09	NYU-2	P5	0.987
Intermediate Mono-3__AML-09	AML-09	NYU-2	P12	0.974
LMPP-1__AML-09	AML-09	NYU-2	P12	0.966
LMPP-1-cycling__AML-09	AML-09	NYU-2	P12	0.97
LMPP-2__AML-09	AML-09	NYU-2	P12	0.966
MAIT__AML-09	AML-09	NYU-2	P6	0.986
MDP-2__AML-09	AML-09	NYU-2	P12	0.967
MEP-1__AML-09	AML-09	NYU-2	P12	0.97
MEP-2__AML-09	AML-09	NYU-2	P12	0.964
MPP-1__AML-09	AML-09	NYU-2	P6	0.961
MPP-MEP__AML-09	AML-09	NYU-2	P12	0.974
Mono-1__AML-09	AML-09	NYU-2	P12	0.961
Mono-2__AML-09	AML-09	NYU-2	P12	0.959
MultiLin-GMP-1__AML-09	AML-09	NYU-2	P12	0.976
MultiLin-GMP-2__AML-09	AML-09	NYU-2	P12	0.976
MultiLin-GMP-3__AML-09	AML-09	NYU-2	P12	0.971
Multilin-1__AML-09	AML-09	NYU-2	P12	0.972
Multilin-2__AML-09	AML-09	NYU-2	P12	0.969
Myeloid intermediate 2__AML-09	AML-09	NYU-2	P12	0.971
Myeloid intermediate 3__AML-09	AML-09	NYU-2	P12	0.958
NK-Mature__AML-09	AML-09	NYU-2	P7	0.986
Non-Classical Mono-2__AML-09	AML-09	NYU-2	P5	0.979
T CD4 Activated__AML-09	AML-09	NYU-2	P7	0.902
T CD4 Naive-1__AML-09	AML-09	NYU-2	P7	0.978
T CD8 Naive__AML-09	AML-09	NYU-2	P6	0.958
cDC1__AML-09	AML-09	NYU-2	P12	0.962
cDC2-1__AML-09	AML-09	NYU-2	P5	0.968
cDC2-2__AML-09	AML-09	NYU-2	P3	0.971
immNeu-2__AML-09	AML-09	NYU-2	P12	0.913
preNeu__AML-09	AML-09	NYU-2	P12	0.969
B Memory-1__AML-10	AML-10	Colorado	P5	0.964
CD4 TCM__AML-10	AML-10	Colorado	P2	0.962
CD8 TEM__AML-10	AML-10	Colorado	P2	0.963
Classical-Mono__AML-10	AML-10	Colorado	P5	0.972
Erythroblast-3__AML-10	AML-10	Colorado	P6	0.93
Intermediate Mono-1__AML-10	AML-10	Colorado	P5	0.972
Intermediate Mono-2__AML-10	AML-10	Colorado	P5	0.975
Intermediate Mono-3__AML-10	AML-10	Colorado	P5	0.974
LMPP-1-cycling__AML-10	AML-10	Colorado	P12	0.955
LMPP-2__AML-10	AML-10	Colorado	P12	0.943
MAIT__AML-10	AML-10	Colorado	P2	0.961
MDP-1__AML-10	AML-10	Colorado	P12	0.906
MEP-2__AML-10	AML-10	Colorado	P12	0.956
MPP-MEP__AML-10	AML-10	Colorado	P12	0.96
Mono-1__AML-10	AML-10	Colorado	P5	0.948
Mono-2__AML-10	AML-10	Colorado	P5	0.957
Multilin-2__AML-10	AML-10	Colorado	P12	0.951
Myeloid intermediate 3__AML-10	AML-10	Colorado	P5	0.942
NK-Mature__AML-10	AML-10	Colorado	P2	0.972
Non-Classical Mono-2__AML-10	AML-10	Colorado	P5	0.978
T CD4 Naive-1__AML-10	AML-10	Colorado	P0	0.954
cDC1__AML-10	AML-10	Colorado	P5	0.943
cDC2-1__AML-10	AML-10	Colorado	P5	0.945
cMOP__AML-10	AML-10	Colorado	P5	0.915
B Memory-1__AML-11	AML-11	NYU-2	P8	0.977
B Memory-2__AML-11	AML-11	NYU-2	P8	0.963
BMCP-1__AML-11	AML-11	NYU-2	P0	0.961
CD4 TCM__AML-11	AML-11	NYU-2	P8	0.982
CD8 TEM__AML-11	AML-11	NYU-2	P2	0.979
Classical-Mono__AML-11	AML-11	NYU-2	P8	0.979
ERP-1__AML-11	AML-11	NYU-2	P3	0.962
ERP-4__AML-11	AML-11	NYU-2	P8	0.96
ERP-5__AML-11	AML-11	NYU-2	P3	0.96
ERP-6__AML-11	AML-11	NYU-2	P3	0.961
ERP-7__AML-11	AML-11	NYU-2	P8	0.963
ERP-8__AML-11	AML-11	NYU-2	P6	0.967
Erythroblast-1__AML-11	AML-11	NYU-2	P8	0.955
Erythroblast-3__AML-11	AML-11	NYU-2	P2	0.942
Intermediate Mono-1__AML-11	AML-11	NYU-2	P3	0.975
Intermediate Mono-2__AML-11	AML-11	NYU-2	P8	0.975
Intermediate Mono-3__AML-11	AML-11	NYU-2	P3	0.968
LMPP-1__AML-11	AML-11	NYU-2	P3	0.96
LMPP-1-cycling__AML-11	AML-11	NYU-2	P3	0.965
MAIT__AML-11	AML-11	NYU-2	P2	0.978
MEP-1__AML-11	AML-11	NYU-2	P8	0.957
MEP-2__AML-11	AML-11	NYU-2	P3	0.96
MEP-Eryth-1__AML-11	AML-11	NYU-2	P8	0.961
MEP-Eryth-2__AML-11	AML-11	NYU-2	P3	0.967
MPP-MEP__AML-11	AML-11	NYU-2	P3	0.966
Mono-1__AML-11	AML-11	NYU-2	P3	0.959
Mono-2__AML-11	AML-11	NYU-2	P3	0.957
MultiLin-GMP-1__AML-11	AML-11	NYU-2	P3	0.966
MultiLin-GMP-2__AML-11	AML-11	NYU-2	P3	0.967
MultiLin-GMP-3__AML-11	AML-11	NYU-2	P0	0.961
Multilin-1__AML-11	AML-11	NYU-2	P3	0.951
Myeloid intermediate 1__AML-11	AML-11	NYU-2	P8	0.968
Myeloid intermediate 2__AML-11	AML-11	NYU-2	P14	0.954
Myeloid intermediate 3__AML-11	AML-11	NYU-2	P8	0.962
NK-Mature__AML-11	AML-11	NYU-2	P2	0.972
Non-Classical Mono-2__AML-11	AML-11	NYU-2	P3	0.97
Plasma Cell__AML-11	AML-11	NYU-2	P6	0.981
T CD4 Activated__AML-11	AML-11	NYU-2	P2	0.951
T CD4 Naive-1__AML-11	AML-11	NYU-2	P8	0.969
T CD8 Naive__AML-11	AML-11	NYU-2	P8	0.954
cDC1__AML-11	AML-11	NYU-2	P8	0.962
cDC2-1__AML-11	AML-11	NYU-2	P3	0.972
cDC2-2__AML-11	AML-11	NYU-2	P3	0.966
cMOP__AML-11	AML-11	NYU-2	P3	0.937
immNeu-1__AML-11	AML-11	NYU-2	P7	0.948
pDC__AML-11	AML-11	NYU-2	P3	0.947
pre-DC-1__AML-11	AML-11	NYU-2	P8	0.947
pre-DC-2__AML-11	AML-11	NYU-2	P3	0.941
pre-DC-3__AML-11	AML-11	NYU-2	P8	0.955
preNeu__AML-11	AML-11	NYU-2	P3	0.967
B Memory-1__AML-12_CCHMC	AML-12_CCHMC	CCHMC	P6	0.975
B Memory-2__AML-12_CCHMC	AML-12_CCHMC	CCHMC	P2	0.975
CD4 TCM__AML-12_CCHMC	AML-12_CCHMC	CCHMC	P2	0.973
CD8 TEM__AML-12_CCHMC	AML-12_CCHMC	CCHMC	P8	0.971
Classical-Mono__AML-12_CCHMC	AML-12_CCHMC	CCHMC	P5	0.973
Erythroblast-3__AML-12_CCHMC	AML-12_CCHMC	CCHMC	P6	0.931
Intermediate Mono-1__AML-12_CCHMC	AML-12_CCHMC	CCHMC	P5	0.976
Intermediate Mono-2__AML-12_CCHMC	AML-12_CCHMC	CCHMC	P5	0.978
Intermediate Mono-3__AML-12_CCHMC	AML-12_CCHMC	CCHMC	P5	0.975
LMPP-2__AML-12_CCHMC	AML-12_CCHMC	CCHMC	P14	0.909
MAIT__AML-12_CCHMC	AML-12_CCHMC	CCHMC	P2	0.958
MDP-1__AML-12_CCHMC	AML-12_CCHMC	CCHMC	P14	0.907
MEP-2__AML-12_CCHMC	AML-12_CCHMC	CCHMC	P14	0.908
MPP-MEP__AML-12_CCHMC	AML-12_CCHMC	CCHMC	P14	0.933
Mono-1__AML-12_CCHMC	AML-12_CCHMC	CCHMC	P14	0.958
Mono-2__AML-12_CCHMC	AML-12_CCHMC	CCHMC	P14	0.966
Myeloid intermediate 3__AML-12_CCHMC	AML-12_CCHMC	CCHMC	P14	0.922
NK-Mature__AML-12_CCHMC	AML-12_CCHMC	CCHMC	P2	0.982
Non-Classical Mono-2__AML-12_CCHMC	AML-12_CCHMC	CCHMC	P14	0.977
T CD4 Naive-1__AML-12_CCHMC	AML-12_CCHMC	CCHMC	P6	0.981
cDC1__AML-12_CCHMC	AML-12_CCHMC	CCHMC	P14	0.949
cMOP__AML-12_CCHMC	AML-12_CCHMC	CCHMC	P14	0.911
CD4 TCM__AML-12	AML-12	Colorado	P5	0.945
Intermediate Mono-1__AML-12	AML-12	Colorado	P5	0.961
Intermediate Mono-2__AML-12	AML-12	Colorado	P5	0.97
Intermediate Mono-3__AML-12	AML-12	Colorado	P5	0.969
LMPP-1-cycling__AML-12	AML-12	Colorado	P12	0.959
LMPP-2__AML-12	AML-12	Colorado	P14	0.922
MDP-1__AML-12	AML-12	Colorado	P14	0.886
MEP-2__AML-12	AML-12	Colorado	P8	0.934
MPP-MEP__AML-12	AML-12	Colorado	P14	0.95
Mono-2__AML-12	AML-12	Colorado	P14	0.845
NK-Mature__AML-12	AML-12	Colorado	P8	0.954
Non-Classical Mono-2__AML-12	AML-12	Colorado	P5	0.97
T CD4 Naive-1__AML-12	AML-12	Colorado	P8	0.947
cDC1__AML-12	AML-12	Colorado	P14	0.939
cDC2-1__AML-12	AML-12	Colorado	P14	0.947
cDC2-2__AML-12	AML-12	Colorado	P5	0.944
B Memory-1__AML-13	AML-13	Colorado	P6	0.967
B Memory-2__AML-13	AML-13	Colorado	P6	0.97
CD4 TCM__AML-13	AML-13	Colorado	P2	0.959
Classical-Mono__AML-13	AML-13	Colorado	P14	0.954
Intermediate Mono-1__AML-13	AML-13	Colorado	P5	0.967
Intermediate Mono-2__AML-13	AML-13	Colorado	P14	0.965
Intermediate Mono-3__AML-13	AML-13	Colorado	P14	0.963
LMPP-2__AML-13	AML-13	Colorado	P14	0.913
MDP-1__AML-13	AML-13	Colorado	P14	0.903
MPP-MEP__AML-13	AML-13	Colorado	P14	0.93
Mono-1__AML-13	AML-13	Colorado	P14	0.946
Mono-2__AML-13	AML-13	Colorado	P14	0.956
Myeloid intermediate 3__AML-13	AML-13	Colorado	P14	0.924
NK-Mature__AML-13	AML-13	Colorado	P8	0.916
Non-Classical Mono-2__AML-13	AML-13	Colorado	P14	0.965
T CD4 Naive-1__AML-13	AML-13	Colorado	P8	0.928
cDC1__AML-13	AML-13	Colorado	P14	0.939
BMCP-1__AML-14_CCHMC	AML-14_CCHMC	CCHMC	P13	0.936
CD4 TCM__AML-14_CCHMC	AML-14_CCHMC	CCHMC	P2	0.975
Classical-Mono__AML-14_CCHMC	AML-14_CCHMC	CCHMC	P0	0.977
Intermediate Mono-1__AML-14_CCHMC	AML-14_CCHMC	CCHMC	P0	0.978
Intermediate Mono-2__AML-14_CCHMC	AML-14_CCHMC	CCHMC	P0	0.98
Intermediate Mono-3__AML-14_CCHMC	AML-14_CCHMC	CCHMC	P0	0.976
LMPP-1__AML-14_CCHMC	AML-14_CCHMC	CCHMC	P13	0.965
LMPP-1-cycling__AML-14_CCHMC	AML-14_CCHMC	CCHMC	P13	0.981
LMPP-2__AML-14_CCHMC	AML-14_CCHMC	CCHMC	P13	0.963
MAIT__AML-14_CCHMC	AML-14_CCHMC	CCHMC	P2	0.95
MDP-2__AML-14_CCHMC	AML-14_CCHMC	CCHMC	P13	0.976
MEP-1__AML-14_CCHMC	AML-14_CCHMC	CCHMC	P13	0.97
MEP-2__AML-14_CCHMC	AML-14_CCHMC	CCHMC	P13	0.95
MPP-MEP__AML-14_CCHMC	AML-14_CCHMC	CCHMC	P13	0.979
Mono-1__AML-14_CCHMC	AML-14_CCHMC	CCHMC	P13	0.977
Mono-2__AML-14_CCHMC	AML-14_CCHMC	CCHMC	P13	0.979
MultiLin-GMP-1__AML-14_CCHMC	AML-14_CCHMC	CCHMC	P13	0.981
MultiLin-GMP-2__AML-14_CCHMC	AML-14_CCHMC	CCHMC	P13	0.981
MultiLin-GMP-3__AML-14_CCHMC	AML-14_CCHMC	CCHMC	P13	0.98
Multilin-1__AML-14_CCHMC	AML-14_CCHMC	CCHMC	P13	0.98
Multilin-2__AML-14_CCHMC	AML-14_CCHMC	CCHMC	P13	0.961
Myeloid intermediate 1__AML-14_CCHMC	AML-14_CCHMC	CCHMC	P13	0.966
Myeloid intermediate 2__AML-14_CCHMC	AML-14_CCHMC	CCHMC	P13	0.98
Myeloid intermediate 3__AML-14_CCHMC	AML-14_CCHMC	CCHMC	P13	0.976
NK-Mature__AML-14_CCHMC	AML-14_CCHMC	CCHMC	P2	0.971
Non-Classical Mono-2__AML-14_CCHMC	AML-14_CCHMC	CCHMC	P0	0.98
T CD4 Naive-1__AML-14_CCHMC	AML-14_CCHMC	CCHMC	P2	0.977
T CD8 Naive__AML-14_CCHMC	AML-14_CCHMC	CCHMC	P2	0.973
cDC1__AML-14_CCHMC	AML-14_CCHMC	CCHMC	P13	0.975
cDC2-1__AML-14_CCHMC	AML-14_CCHMC	CCHMC	P0	0.978
cDC2-2__AML-14_CCHMC	AML-14_CCHMC	CCHMC	P0	0.979
cMOP__AML-14_CCHMC	AML-14_CCHMC	CCHMC	P13	0.966
pre-DC-2__AML-14_CCHMC	AML-14_CCHMC	CCHMC	P13	0.967
preNeu__AML-14_CCHMC	AML-14_CCHMC	CCHMC	P13	0.982
B Memory-1__AML-14	AML-14	Colorado	P2	0.973
B Memory-2__AML-14	AML-14	Colorado	P2	0.952
CD4 TCM__AML-14	AML-14	Colorado	P2	0.97
Classical-Mono__AML-14	AML-14	Colorado	P0	0.969
Intermediate Mono-1__AML-14	AML-14	Colorado	P0	0.974
Intermediate Mono-2__AML-14	AML-14	Colorado	P0	0.974
Intermediate Mono-3__AML-14	AML-14	Colorado	P13	0.97
LMPP-1-cycling__AML-14	AML-14	Colorado	P13	0.973
LMPP-2__AML-14	AML-14	Colorado	P13	0.939
MAIT__AML-14	AML-14	Colorado	P2	0.962
MDP-1__AML-14	AML-14	Colorado	P13	0.923
MDP-2__AML-14	AML-14	Colorado	P13	0.966
MDP-3__AML-14	AML-14	Colorado	P13	0.922
MEP-1__AML-14	AML-14	Colorado	P13	0.957
MEP-2__AML-14	AML-14	Colorado	P13	0.944
MEP-Eryth-2__AML-14	AML-14	Colorado	P13	0.939
MPP-MEP__AML-14	AML-14	Colorado	P13	0.968
Mono-1__AML-14	AML-14	Colorado	P13	0.966
Mono-2__AML-14	AML-14	Colorado	P13	0.972
MultiLin-GMP-1__AML-14	AML-14	Colorado	P13	0.963
MultiLin-GMP-2__AML-14	AML-14	Colorado	P13	0.97
MultiLin-GMP-3__AML-14	AML-14	Colorado	P13	0.965
Multilin-1__AML-14	AML-14	Colorado	P13	0.973
Myeloid intermediate 1__AML-14	AML-14	Colorado	P13	0.944
Myeloid intermediate 2__AML-14	AML-14	Colorado	P13	0.968
Myeloid intermediate 3__AML-14	AML-14	Colorado	P13	0.958
NK-Mature__AML-14	AML-14	Colorado	P2	0.963
Non-Classical Mono-2__AML-14	AML-14	Colorado	P0	0.975
T CD4 Naive-1__AML-14	AML-14	Colorado	P2	0.973
T CD8 Naive__AML-14	AML-14	Colorado	P2	0.972
cDC1__AML-14	AML-14	Colorado	P13	0.967
cDC2-1__AML-14	AML-14	Colorado	P13	0.966
cDC2-2__AML-14	AML-14	Colorado	P13	0.954
cMOP__AML-14	AML-14	Colorado	P13	0.955
pre-DC-2__AML-14	AML-14	Colorado	P13	0.963
preNeu__AML-14	AML-14	Colorado	P13	0.975
B Memory-1__AML-16-Dx	AML-16-Dx	NYU-2	P7	0.921
CD4 TCM__AML-16-Dx	AML-16-Dx	NYU-2	P7	0.96
CD8 TEM__AML-16-Dx	AML-16-Dx	NYU-2	P7	0.934
Classical-Mono__AML-16-Dx	AML-16-Dx	NYU-2	P8	0.901
ERP-8__AML-16-Dx	AML-16-Dx	NYU-2	P7	0.929
Intermediate Mono-3__AML-16-Dx	AML-16-Dx	NYU-2	P8	0.881
MAIT__AML-16-Dx	AML-16-Dx	NYU-2	P7	0.938
Mono-2__AML-16-Dx	AML-16-Dx	NYU-2	P8	0.898
MultiLin-GMP-2__AML-16-Dx	AML-16-Dx	NYU-2	P1	0.936
Myeloid intermediate 1__AML-16-Dx	AML-16-Dx	NYU-2	P14	0.909
NK-Mature__AML-16-Dx	AML-16-Dx	NYU-2	P7	0.937
T CD4 Activated__AML-16-Dx	AML-16-Dx	NYU-2	P7	0.934
T CD4 Naive-1__AML-16-Dx	AML-16-Dx	NYU-2	P7	0.945
cMOP__AML-16-Dx	AML-16-Dx	NYU-2	P8	0.882
preNeu__AML-16-Dx	AML-16-Dx	NYU-2	P14	0.93
B Memory-1__AML-16	AML-16	Colorado	P2	0.976
B Memory-2__AML-16	AML-16	Colorado	P2	0.975
CD4 TCM__AML-16	AML-16	Colorado	P2	0.966
CD8 TEM__AML-16	AML-16	Colorado	P2	0.956
Classical-Mono__AML-16	AML-16	Colorado	P5	0.969
Intermediate Mono-1__AML-16	AML-16	Colorado	P5	0.966
Intermediate Mono-2__AML-16	AML-16	Colorado	P5	0.964
Intermediate Mono-3__AML-16	AML-16	Colorado	P2	0.944
MAIT__AML-16	AML-16	Colorado	P2	0.942
MDP-1__AML-16	AML-16	Colorado	P12	0.901
MDP-2__AML-16	AML-16	Colorado	P12	0.927
Mono-1__AML-16	AML-16	Colorado	P12	0.945
Mono-2__AML-16	AML-16	Colorado	P12	0.956
MultiLin-GMP-1__AML-16	AML-16	Colorado	P12	0.935
Multilin-1__AML-16	AML-16	Colorado	P12	0.934
Myeloid intermediate 2__AML-16	AML-16	Colorado	P12	0.943
Myeloid intermediate 3__AML-16	AML-16	Colorado	P12	0.937
NK-Mature__AML-16	AML-16	Colorado	P2	0.959
Non-Classical Mono-2__AML-16	AML-16	Colorado	P0	0.952
T CD4 Naive-1__AML-16	AML-16	Colorado	P2	0.969
T CD8 Naive__AML-16	AML-16	Colorado	P2	0.954
cDC1__AML-16	AML-16	Colorado	P12	0.932
cMOP__AML-16	AML-16	Colorado	P2	0.935
pre-DC-2__AML-16	AML-16	Colorado	P12	0.942
B Memory-1__AML-17-CR1	AML-17-CR1	NYU-2	P7	0.932
CD4 TCM__AML-17-CR1	AML-17-CR1	NYU-2	P3	0.958
CD8 TEM__AML-17-CR1	AML-17-CR1	NYU-2	P2	0.941
Intermediate Mono-2__AML-17-CR1	AML-17-CR1	NYU-2	P5	0.918
LMPP-1__AML-17-CR1	AML-17-CR1	NYU-2	P14	0.932
MAIT__AML-17-CR1	AML-17-CR1	NYU-2	P3	0.945
NK-Mature__AML-17-CR1	AML-17-CR1	NYU-2	P2	0.951
T CD4 Activated__AML-17-CR1	AML-17-CR1	NYU-2	P7	0.927
T CD4 Naive-1__AML-17-CR1	AML-17-CR1	NYU-2	P8	0.952
T CD8 Naive__AML-17-CR1	AML-17-CR1	NYU-2	P8	0.935
B Memory-1__AML-17-CR2	AML-17-CR2	NYU-2	P7	0.942
B Memory-2__AML-17-CR2	AML-17-CR2	NYU-2	P8	0.922
CD4 TCM__AML-17-CR2	AML-17-CR2	NYU-2	P6	0.961
CD8 TEM__AML-17-CR2	AML-17-CR2	NYU-2	P2	0.95
Intermediate Mono-1__AML-17-CR2	AML-17-CR2	NYU-2	P5	0.909
Intermediate Mono-2__AML-17-CR2	AML-17-CR2	NYU-2	P5	0.936
Intermediate Mono-3__AML-17-CR2	AML-17-CR2	NYU-2	P14	0.922
LMPP-1__AML-17-CR2	AML-17-CR2	NYU-2	P14	0.924
MAIT__AML-17-CR2	AML-17-CR2	NYU-2	P3	0.953
MEP-2__AML-17-CR2	AML-17-CR2	NYU-2	P5	0.929
MPP-MEP__AML-17-CR2	AML-17-CR2	NYU-2	P14	0.934
NK-Mature__AML-17-CR2	AML-17-CR2	NYU-2	P2	0.953
Non-Classical Mono-2__AML-17-CR2	AML-17-CR2	NYU-2	P7	0.929
T CD4 Activated__AML-17-CR2	AML-17-CR2	NYU-2	P7	0.918
T CD4 Naive-1__AML-17-CR2	AML-17-CR2	NYU-2	P3	0.953
T CD8 Naive__AML-17-CR2	AML-17-CR2	NYU-2	P8	0.937
B Memory-1__AML-17-D1	AML-17-D1	NYU-2	P3	0.918
CD4 TCM__AML-17-D1	AML-17-D1	NYU-2	P3	0.924
CD8 TEM__AML-17-D1	AML-17-D1	NYU-2	P3	0.906
LMPP-1__AML-17-D1	AML-17-D1	NYU-2	P14	0.924
MAIT__AML-17-D1	AML-17-D1	NYU-2	P3	0.909
MultiLin-GMP-2__AML-17-D1	AML-17-D1	NYU-2	P10	0.903
NK-Mature__AML-17-D1	AML-17-D1	NYU-2	P3	0.907
T CD4 Activated__AML-17-D1	AML-17-D1	NYU-2	P3	0.895
T CD4 Naive-1__AML-17-D1	AML-17-D1	NYU-2	P3	0.88
preNeu__AML-17-D1	AML-17-D1	NYU-2	P14	0.893
B Memory-1__AML-17-D2	AML-17-D2	NYU-2	P3	0.914
CD4 TCM__AML-17-D2	AML-17-D2	NYU-2	P3	0.928
CD8 TEM__AML-17-D2	AML-17-D2	NYU-2	P3	0.905
LMPP-1__AML-17-D2	AML-17-D2	NYU-2	P14	0.922
MAIT__AML-17-D2	AML-17-D2	NYU-2	P3	0.907
MultiLin-GMP-2__AML-17-D2	AML-17-D2	NYU-2	P14	0.893
NK-Mature__AML-17-D2	AML-17-D2	NYU-2	P3	0.909
T CD4 Activated__AML-17-D2	AML-17-D2	NYU-2	P3	0.91
T CD4 Naive-1__AML-17-D2	AML-17-D2	NYU-2	P8	0.86
B Memory-1__AML-17-R1	AML-17-R1	NYU-2	P6	0.961
B Memory-2__AML-17-R1	AML-17-R1	NYU-2	P6	0.956
BMCP-1__AML-17-R1	AML-17-R1	NYU-2	P4	0.917
CD4 TCM__AML-17-R1	AML-17-R1	NYU-2	P6	0.97
CD8 TEM__AML-17-R1	AML-17-R1	NYU-2	P5	0.962
Intermediate Mono-2__AML-17-R1	AML-17-R1	NYU-2	P5	0.924
Intermediate Mono-3__AML-17-R1	AML-17-R1	NYU-2	P8	0.895
LMPP-1__AML-17-R1	AML-17-R1	NYU-2	P4	0.96
LMPP-1-cycling__AML-17-R1	AML-17-R1	NYU-2	P4	0.959
LMPP-2__AML-17-R1	AML-17-R1	NYU-2	P4	0.901
MAIT__AML-17-R1	AML-17-R1	NYU-2	P6	0.964
MDP-1__AML-17-R1	AML-17-R1	NYU-2	P4	0.873
MDP-2__AML-17-R1	AML-17-R1	NYU-2	P4	0.937
MEP-1__AML-17-R1	AML-17-R1	NYU-2	P4	0.944
MEP-2__AML-17-R1	AML-17-R1	NYU-2	P4	0.956
MKP-early__AML-17-R1	AML-17-R1	NYU-2	P4	0.948
MKP-late__AML-17-R1	AML-17-R1	NYU-2	P14	0.899
MPP-1__AML-17-R1	AML-17-R1	NYU-2	P4	0.943
MPP-2__AML-17-R1	AML-17-R1	NYU-2	P4	0.948
MPP-MEP__AML-17-R1	AML-17-R1	NYU-2	P4	0.969
MultiLin-GMP-1__AML-17-R1	AML-17-R1	NYU-2	P4	0.927
MultiLin-GMP-2__AML-17-R1	AML-17-R1	NYU-2	P4	0.954
Multilin-2__AML-17-R1	AML-17-R1	NYU-2	P4	0.962
NK-Mature__AML-17-R1	AML-17-R1	NYU-2	P6	0.966
Non-Classical Mono-2__AML-17-R1	AML-17-R1	NYU-2	P5	0.932
T CD4 Naive-1__AML-17-R1	AML-17-R1	NYU-2	P8	0.955
T CD8 Naive__AML-17-R1	AML-17-R1	NYU-2	P6	0.952
B Memory-1__AML-17-R2	AML-17-R2	NYU-2	P6	0.96
B Memory-2__AML-17-R2	AML-17-R2	NYU-2	P14	0.953
BMCP-1__AML-17-R2	AML-17-R2	NYU-2	P4	0.912
CD4 TCM__AML-17-R2	AML-17-R2	NYU-2	P6	0.969
CD8 TEM__AML-17-R2	AML-17-R2	NYU-2	P5	0.962
Intermediate Mono-3__AML-17-R2	AML-17-R2	NYU-2	P8	0.921
LMPP-1__AML-17-R2	AML-17-R2	NYU-2	P4	0.962
LMPP-1-cycling__AML-17-R2	AML-17-R2	NYU-2	P4	0.958
LMPP-2__AML-17-R2	AML-17-R2	NYU-2	P4	0.907
MAIT__AML-17-R2	AML-17-R2	NYU-2	P5	0.961
MDP-1__AML-17-R2	AML-17-R2	NYU-2	P4	0.875
MDP-2__AML-17-R2	AML-17-R2	NYU-2	P4	0.947
MEP-1__AML-17-R2	AML-17-R2	NYU-2	P4	0.943
MEP-2__AML-17-R2	AML-17-R2	NYU-2	P4	0.956
MKP-early__AML-17-R2	AML-17-R2	NYU-2	P4	0.947
MKP-late__AML-17-R2	AML-17-R2	NYU-2	P14	0.904
MPP-1__AML-17-R2	AML-17-R2	NYU-2	P14	0.914
MPP-2__AML-17-R2	AML-17-R2	NYU-2	P4	0.956
MPP-MEP__AML-17-R2	AML-17-R2	NYU-2	P4	0.969
MultiLin-GMP-1__AML-17-R2	AML-17-R2	NYU-2	P4	0.919
MultiLin-GMP-2__AML-17-R2	AML-17-R2	NYU-2	P4	0.959
Multilin-1__AML-17-R2	AML-17-R2	NYU-2	P4	0.949
Multilin-2__AML-17-R2	AML-17-R2	NYU-2	P4	0.958
NK-Mature__AML-17-R2	AML-17-R2	NYU-2	P6	0.966
Non-Classical Mono-2__AML-17-R2	AML-17-R2	NYU-2	P14	0.936
T CD4 Naive-1__AML-17-R2	AML-17-R2	NYU-2	P8	0.954
T CD8 Naive__AML-17-R2	AML-17-R2	NYU-2	P6	0.951
B Memory-1__AML-17	AML-17	Colorado	P2	0.975
B Memory-2__AML-17	AML-17	Colorado	P2	0.949
CD4 TCM__AML-17	AML-17	Colorado	P2	0.956
Classical-Mono__AML-17	AML-17	Colorado	P5	0.965
Intermediate Mono-1__AML-17	AML-17	Colorado	P0	0.959
Intermediate Mono-2__AML-17	AML-17	Colorado	P0	0.961
Intermediate Mono-3__AML-17	AML-17	Colorado	P5	0.954
MDP-2__AML-17	AML-17	Colorado	P12	0.953
MPP-MEP__AML-17	AML-17	Colorado	P12	0.956
Mono-2__AML-17	AML-17	Colorado	P5	0.958
MultiLin-GMP-1__AML-17	AML-17	Colorado	P12	0.953
Myeloid intermediate 2__AML-17	AML-17	Colorado	P12	0.953
NK-Mature__AML-17	AML-17	Colorado	P2	0.969
Non-Classical Mono-2__AML-17	AML-17	Colorado	P0	0.965
T CD4 Naive-1__AML-17	AML-17	Colorado	P2	0.973
T CD8 Naive__AML-17	AML-17	Colorado	P2	0.947
cDC1__AML-17	AML-17	Colorado	P12	0.958
cDC2-1__AML-17	AML-17	Colorado	P0	0.966
cDC2-2__AML-17	AML-17	Colorado	P0	0.957
pDC__AML-17	AML-17	Colorado	P0	0.946
pre-DC-2__AML-17	AML-17	Colorado	P0	0.932
pre-DC-3__AML-17	AML-17	Colorado	P12	0.946
B Memory-1__AML-18	AML-18	Colorado	P2	0.975
B Memory-2__AML-18	AML-18	Colorado	P2	0.969
CD4 TCM__AML-18	AML-18	Colorado	P2	0.975
CD8 TEM__AML-18	AML-18	Colorado	P2	0.974
Classical-Mono__AML-18	AML-18	Colorado	P5	0.969
Erythroblast-3__AML-18	AML-18	Colorado	P6	0.939
Intermediate Mono-1__AML-18	AML-18	Colorado	P5	0.974
Intermediate Mono-2__AML-18	AML-18	Colorado	P5	0.978
Intermediate Mono-3__AML-18	AML-18	Colorado	P5	0.976
MAIT__AML-18	AML-18	Colorado	P2	0.972
Mono-1__AML-18	AML-18	Colorado	P5	0.96
Mono-2__AML-18	AML-18	Colorado	P5	0.971
MultiLin-GMP-1__AML-18	AML-18	Colorado	P14	0.941
Myeloid intermediate 3__AML-18	AML-18	Colorado	P5	0.94
NK-Mature__AML-18	AML-18	Colorado	P2	0.977
Non-Classical Mono-2__AML-18	AML-18	Colorado	P5	0.977
T CD4 Naive-1__AML-18	AML-18	Colorado	P2	0.978
cDC1__AML-18	AML-18	Colorado	P14	0.957
cDC2-1__AML-18	AML-18	Colorado	P14	0.966
pre-DC-2__AML-18	AML-18	Colorado	P14	0.94
ASDC__AML-19-CR1	AML-19-CR1	NYU-2	P8	0.912
B Memory-1__AML-19-CR1	AML-19-CR1	NYU-2	P6	0.954
B Memory-2__AML-19-CR1	AML-19-CR1	NYU-2	P6	0.973
CD4 TCM__AML-19-CR1	AML-19-CR1	NYU-2	P8	0.975
CD8 TEM__AML-19-CR1	AML-19-CR1	NYU-2	P6	0.975
Classical-Mono__AML-19-CR1	AML-19-CR1	NYU-2	P6	0.962
Intermediate Mono-1__AML-19-CR1	AML-19-CR1	NYU-2	P7	0.968
Intermediate Mono-2__AML-19-CR1	AML-19-CR1	NYU-2	P6	0.972
Intermediate Mono-3__AML-19-CR1	AML-19-CR1	NYU-2	P6	0.966
MAIT__AML-19-CR1	AML-19-CR1	NYU-2	P8	0.974
MEP-2__AML-19-CR1	AML-19-CR1	NYU-2	P5	0.931
MPP-MEP__AML-19-CR1	AML-19-CR1	NYU-2	P12	0.958
NK-Mature__AML-19-CR1	AML-19-CR1	NYU-2	P6	0.979
Non-Classical Mono-2__AML-19-CR1	AML-19-CR1	NYU-2	P8	0.975
Plasma Cell__AML-19-CR1	AML-19-CR1	NYU-2	P8	0.933
T CD4 Naive-1__AML-19-CR1	AML-19-CR1	NYU-2	P6	0.973
T CD4 Naive-2__AML-19-CR1	AML-19-CR1	NYU-2	P7	0.963
T CD8 Naive__AML-19-CR1	AML-19-CR1	NYU-2	P6	0.951
cDC2-1__AML-19-CR1	AML-19-CR1	NYU-2	P10	0.969
cDC2-2__AML-19-CR1	AML-19-CR1	NYU-2	P6	0.964
pDC__AML-19-CR1	AML-19-CR1	NYU-2	P6	0.954
B Memory-1__AML-19-CR2	AML-19-CR2	NYU-2	P8	0.885
B Memory-2__AML-19-CR2	AML-19-CR2	NYU-2	P6	0.96
CD4 TCM__AML-19-CR2	AML-19-CR2	NYU-2	P6	0.967
CD8 TEM__AML-19-CR2	AML-19-CR2	NYU-2	P6	0.97
Classical-Mono__AML-19-CR2	AML-19-CR2	NYU-2	P5	0.893
Intermediate Mono-1__AML-19-CR2	AML-19-CR2	NYU-2	P7	0.964
Intermediate Mono-2__AML-19-CR2	AML-19-CR2	NYU-2	P8	0.968
Intermediate Mono-3__AML-19-CR2	AML-19-CR2	NYU-2	P6	0.957
MAIT__AML-19-CR2	AML-19-CR2	NYU-2	P8	0.965
MPP-MEP__AML-19-CR2	AML-19-CR2	NYU-2	P12	0.938
NK-Mature__AML-19-CR2	AML-19-CR2	NYU-2	P6	0.977
Non-Classical Mono-2__AML-19-CR2	AML-19-CR2	NYU-2	P5	0.971
T CD4 Naive-1__AML-19-CR2	AML-19-CR2	NYU-2	P6	0.95
T CD4 Naive-2__AML-19-CR2	AML-19-CR2	NYU-2	P7	0.925
cDC2-1__AML-19-CR2	AML-19-CR2	NYU-2	P6	0.95
cDC2-2__AML-19-CR2	AML-19-CR2	NYU-2	P6	0.957
B Memory-1__AML-19-Dx1	AML-19-Dx1	NYU-2	P8	0.929
B Memory-2__AML-19-Dx1	AML-19-Dx1	NYU-2	P8	0.973
CD4 TCM__AML-19-Dx1	AML-19-Dx1	NYU-2	P8	0.931
CD8 TEM__AML-19-Dx1	AML-19-Dx1	NYU-2	P2	0.975
Classical-Mono__AML-19-Dx1	AML-19-Dx1	NYU-2	P5	0.954
Intermediate Mono-1__AML-19-Dx1	AML-19-Dx1	NYU-2	P5	0.966
Intermediate Mono-2__AML-19-Dx1	AML-19-Dx1	NYU-2	P5	0.973
Intermediate Mono-3__AML-19-Dx1	AML-19-Dx1	NYU-2	P5	0.962
LMPP-1__AML-19-Dx1	AML-19-Dx1	NYU-2	P14	0.966
LMPP-1-cycling__AML-19-Dx1	AML-19-Dx1	NYU-2	P14	0.962
LMPP-2__AML-19-Dx1	AML-19-Dx1	NYU-2	P14	0.943
MAIT__AML-19-Dx1	AML-19-Dx1	NYU-2	P8	0.964
MDP-2__AML-19-Dx1	AML-19-Dx1	NYU-2	P12	0.97
MEP-1__AML-19-Dx1	AML-19-Dx1	NYU-2	P8	0.904
MEP-2__AML-19-Dx1	AML-19-Dx1	NYU-2	P14	0.935
MPP-2__AML-19-Dx1	AML-19-Dx1	NYU-2	P12	0.946
MPP-MEP__AML-19-Dx1	AML-19-Dx1	NYU-2	P8	0.961
Mono-2__AML-19-Dx1	AML-19-Dx1	NYU-2	P12	0.952
MultiLin-GMP-1__AML-19-Dx1	AML-19-Dx1	NYU-2	P12	0.953
MultiLin-GMP-2__AML-19-Dx1	AML-19-Dx1	NYU-2	P12	0.977
MultiLin-GMP-3__AML-19-Dx1	AML-19-Dx1	NYU-2	P12	0.951
Multilin-1__AML-19-Dx1	AML-19-Dx1	NYU-2	P12	0.953
Multilin-2__AML-19-Dx1	AML-19-Dx1	NYU-2	P12	0.972
Myeloid intermediate 1__AML-19-Dx1	AML-19-Dx1	NYU-2	P12	0.94
Myeloid intermediate 2__AML-19-Dx1	AML-19-Dx1	NYU-2	P12	0.961
Myeloid intermediate 3__AML-19-Dx1	AML-19-Dx1	NYU-2	P12	0.959
NK-Mature__AML-19-Dx1	AML-19-Dx1	NYU-2	P8	0.975
Non-Classical Mono-2__AML-19-Dx1	AML-19-Dx1	NYU-2	P5	0.976
T CD4 Naive-1__AML-19-Dx1	AML-19-Dx1	NYU-2	P8	0.873
cDC1__AML-19-Dx1	AML-19-Dx1	NYU-2	P14	0.961
cDC2-1__AML-19-Dx1	AML-19-Dx1	NYU-2	P5	0.962
cMOP__AML-19-Dx1	AML-19-Dx1	NYU-2	P12	0.865
pre-DC-2__AML-19-Dx1	AML-19-Dx1	NYU-2	P14	0.909
pre-DC-3__AML-19-Dx1	AML-19-Dx1	NYU-2	P5	0.924
preNeu__AML-19-Dx1	AML-19-Dx1	NYU-2	P12	0.971
B Memory-1__AML-19-Dx2	AML-19-Dx2	NYU-2	P8	0.937
B Memory-2__AML-19-Dx2	AML-19-Dx2	NYU-2	P8	0.972
CD4 TCM__AML-19-Dx2	AML-19-Dx2	NYU-2	P8	0.91
CD8 TEM__AML-19-Dx2	AML-19-Dx2	NYU-2	P5	0.964
Classical-Mono__AML-19-Dx2	AML-19-Dx2	NYU-2	P5	0.956
Intermediate Mono-1__AML-19-Dx2	AML-19-Dx2	NYU-2	P5	0.963
Intermediate Mono-2__AML-19-Dx2	AML-19-Dx2	NYU-2	P5	0.973
Intermediate Mono-3__AML-19-Dx2	AML-19-Dx2	NYU-2	P5	0.959
LMPP-1__AML-19-Dx2	AML-19-Dx2	NYU-2	P14	0.965
LMPP-1-cycling__AML-19-Dx2	AML-19-Dx2	NYU-2	P14	0.961
LMPP-2__AML-19-Dx2	AML-19-Dx2	NYU-2	P8	0.931
MAIT__AML-19-Dx2	AML-19-Dx2	NYU-2	P8	0.959
MDP-2__AML-19-Dx2	AML-19-Dx2	NYU-2	P12	0.968
MEP-1__AML-19-Dx2	AML-19-Dx2	NYU-2	P8	0.888
MEP-2__AML-19-Dx2	AML-19-Dx2	NYU-2	P14	0.914
MPP-MEP__AML-19-Dx2	AML-19-Dx2	NYU-2	P8	0.961
Mono-1__AML-19-Dx2	AML-19-Dx2	NYU-2	P12	0.91
Mono-2__AML-19-Dx2	AML-19-Dx2	NYU-2	P12	0.949
MultiLin-GMP-1__AML-19-Dx2	AML-19-Dx2	NYU-2	P12	0.951
MultiLin-GMP-2__AML-19-Dx2	AML-19-Dx2	NYU-2	P12	0.976
MultiLin-GMP-3__AML-19-Dx2	AML-19-Dx2	NYU-2	P12	0.95
Multilin-1__AML-19-Dx2	AML-19-Dx2	NYU-2	P12	0.953
Multilin-2__AML-19-Dx2	AML-19-Dx2	NYU-2	P12	0.969
Myeloid intermediate 1__AML-19-Dx2	AML-19-Dx2	NYU-2	P12	0.943
Myeloid intermediate 2__AML-19-Dx2	AML-19-Dx2	NYU-2	P12	0.964
Myeloid intermediate 3__AML-19-Dx2	AML-19-Dx2	NYU-2	P12	0.954
NK-Mature__AML-19-Dx2	AML-19-Dx2	NYU-2	P8	0.976
Non-Classical Mono-2__AML-19-Dx2	AML-19-Dx2	NYU-2	P5	0.975
T CD4 Naive-1__AML-19-Dx2	AML-19-Dx2	NYU-2	P8	0.878
cDC1__AML-19-Dx2	AML-19-Dx2	NYU-2	P12	0.954
cDC2-1__AML-19-Dx2	AML-19-Dx2	NYU-2	P12	0.956
pre-DC-3__AML-19-Dx2	AML-19-Dx2	NYU-2	P5	0.915
preNeu__AML-19-Dx2	AML-19-Dx2	NYU-2	P12	0.969
B Memory-1__AML-19-R1	AML-19-R1	NYU-2	P8	0.94
B Memory-2__AML-19-R1	AML-19-R1	NYU-2	P8	0.968
CD4 TCM__AML-19-R1	AML-19-R1	NYU-2	P8	0.965
CD8 TEM__AML-19-R1	AML-19-R1	NYU-2	P5	0.975
MAIT__AML-19-R1	AML-19-R1	NYU-2	P8	0.973
MDP-2__AML-19-R1	AML-19-R1	NYU-2	P12	0.948
MPP-1__AML-19-R1	AML-19-R1	NYU-2	P12	0.96
MPP-2__AML-19-R1	AML-19-R1	NYU-2	P12	0.946
MPP-MEP__AML-19-R1	AML-19-R1	NYU-2	P12	0.967
MultiLin-GMP-2__AML-19-R1	AML-19-R1	NYU-2	P12	0.967
MultiLin-GMP-3__AML-19-R1	AML-19-R1	NYU-2	P12	0.949
Multilin-1__AML-19-R1	AML-19-R1	NYU-2	P12	0.957
Multilin-2__AML-19-R1	AML-19-R1	NYU-2	P12	0.936
Myeloid intermediate 2__AML-19-R1	AML-19-R1	NYU-2	P12	0.939
NK-Mature__AML-19-R1	AML-19-R1	NYU-2	P8	0.981
Non-Classical Mono-2__AML-19-R1	AML-19-R1	NYU-2	P5	0.97
T CD4 Naive-1__AML-19-R1	AML-19-R1	NYU-2	P8	0.942
T CD8 Naive__AML-19-R1	AML-19-R1	NYU-2	P8	0.893
cDC1__AML-19-R1	AML-19-R1	NYU-2	P12	0.908
preNeu__AML-19-R1	AML-19-R1	NYU-2	P12	0.949
B Memory-1__AML-19-R2	AML-19-R2	NYU-2	P8	0.951
B Memory-2__AML-19-R2	AML-19-R2	NYU-2	P5	0.974
CD4 TCM__AML-19-R2	AML-19-R2	NYU-2	P8	0.976
CD8 TEM__AML-19-R2	AML-19-R2	NYU-2	P5	0.977
Classical-Mono__AML-19-R2	AML-19-R2	NYU-2	P5	0.902
HSC-2__AML-19-R2	AML-19-R2	NYU-2	P12	0.933
Intermediate Mono-1__AML-19-R2	AML-19-R2	NYU-2	P5	0.916
Intermediate Mono-2__AML-19-R2	AML-19-R2	NYU-2	P5	0.948
Intermediate Mono-3__AML-19-R2	AML-19-R2	NYU-2	P5	0.889
LMPP-1__AML-19-R2	AML-19-R2	NYU-2	P12	0.97
LMPP-1-cycling__AML-19-R2	AML-19-R2	NYU-2	P12	0.972
LMPP-2__AML-19-R2	AML-19-R2	NYU-2	P14	0.942
MAIT__AML-19-R2	AML-19-R2	NYU-2	P8	0.974
MDP-2__AML-19-R2	AML-19-R2	NYU-2	P12	0.964
MEP-1__AML-19-R2	AML-19-R2	NYU-2	P8	0.945
MEP-2__AML-19-R2	AML-19-R2	NYU-2	P14	0.947
MEP-Eryth-2__AML-19-R2	AML-19-R2	NYU-2	P12	0.954
MKP-early__AML-19-R2	AML-19-R2	NYU-2	P14	0.925
MKP-late__AML-19-R2	AML-19-R2	NYU-2	P14	0.921
MPP-1__AML-19-R2	AML-19-R2	NYU-2	P8	0.954
MPP-2__AML-19-R2	AML-19-R2	NYU-2	P12	0.953
MPP-MEP__AML-19-R2	AML-19-R2	NYU-2	P12	0.973
MultiLin-GMP-1__AML-19-R2	AML-19-R2	NYU-2	P12	0.947
MultiLin-GMP-2__AML-19-R2	AML-19-R2	NYU-2	P12	0.974
MultiLin-GMP-3__AML-19-R2	AML-19-R2	NYU-2	P12	0.963
Multilin-1__AML-19-R2	AML-19-R2	NYU-2	P12	0.966
Multilin-2__AML-19-R2	AML-19-R2	NYU-2	P12	0.961
Myeloid intermediate 1__AML-19-R2	AML-19-R2	NYU-2	P12	0.925
Myeloid intermediate 2__AML-19-R2	AML-19-R2	NYU-2	P12	0.958
Myeloid intermediate 3__AML-19-R2	AML-19-R2	NYU-2	P12	0.928
NK-Mature__AML-19-R2	AML-19-R2	NYU-2	P5	0.98
Non-Classical Mono-2__AML-19-R2	AML-19-R2	NYU-2	P5	0.978
T CD4 Naive-1__AML-19-R2	AML-19-R2	NYU-2	P8	0.939
T CD4 Naive-2__AML-19-R2	AML-19-R2	NYU-2	P7	0.934
pDC__AML-19-R2	AML-19-R2	NYU-2	P14	0.927
preNeu__AML-19-R2	AML-19-R2	NYU-2	P12	0.96
CD4 TCM__AML-19	AML-19	Colorado	P2	0.957
Classical-Mono__AML-19	AML-19	Colorado	P5	0.967
Intermediate Mono-1__AML-19	AML-19	Colorado	P5	0.969
Intermediate Mono-2__AML-19	AML-19	Colorado	P5	0.971
Intermediate Mono-3__AML-19	AML-19	Colorado	P5	0.971
LMPP-1-cycling__AML-19	AML-19	Colorado	P12	0.945
LMPP-2__AML-19	AML-19	Colorado	P14	0.92
MDP-1__AML-19	AML-19	Colorado	P14	0.909
MEP-2__AML-19	AML-19	Colorado	P12	0.944
MPP-MEP__AML-19	AML-19	Colorado	P12	0.965
Mono-1__AML-19	AML-19	Colorado	P5	0.954
Mono-2__AML-19	AML-19	Colorado	P5	0.971
Myeloid intermediate 3__AML-19	AML-19	Colorado	P14	0.94
NK-Mature__AML-19	AML-19	Colorado	P2	0.972
Non-Classical Mono-2__AML-19	AML-19	Colorado	P14	0.953
T CD4 Naive-1__AML-19	AML-19	Colorado	P2	0.965
cDC1__AML-19	AML-19	Colorado	P14	0.946
cDC2-1__AML-19	AML-19	Colorado	P14	0.96
cMOP__AML-19	AML-19	Colorado	P5	0.93
CD4 TCM__AML-20-CR	AML-20-CR	NYU-2	P7	0.958
CD8 TEM__AML-20-CR	AML-20-CR	NYU-2	P7	0.941
Classical-Mono__AML-20-CR	AML-20-CR	NYU-2	P7	0.953
ERP-2__AML-20-CR	AML-20-CR	NYU-2	P7	0.937
ERP-5__AML-20-CR	AML-20-CR	NYU-2	P7	0.952
ERP-7__AML-20-CR	AML-20-CR	NYU-2	P7	0.955
ERP-8__AML-20-CR	AML-20-CR	NYU-2	P7	0.956
Erythroblast-1__AML-20-CR	AML-20-CR	NYU-2	P7	0.923
Intermediate Mono-1__AML-20-CR	AML-20-CR	NYU-2	P7	0.928
Intermediate Mono-2__AML-20-CR	AML-20-CR	NYU-2	P7	0.951
Intermediate Mono-3__AML-20-CR	AML-20-CR	NYU-2	P7	0.933
MAIT__AML-20-CR	AML-20-CR	NYU-2	P7	0.95
MEP-2__AML-20-CR	AML-20-CR	NYU-2	P7	0.943
MEP-Eryth-2__AML-20-CR	AML-20-CR	NYU-2	P7	0.946
MKP-early__AML-20-CR	AML-20-CR	NYU-2	P7	0.937
MPP-1__AML-20-CR	AML-20-CR	NYU-2	P7	0.916
MPP-MEP__AML-20-CR	AML-20-CR	NYU-2	P7	0.934
NK-Mature__AML-20-CR	AML-20-CR	NYU-2	P7	0.935
Non-Classical Mono-2__AML-20-CR	AML-20-CR	NYU-2	P7	0.924
Plasma Cell__AML-20-CR	AML-20-CR	NYU-2	P8	0.963
cDC2-1__AML-20-CR	AML-20-CR	NYU-2	P7	0.934
cDC2-2__AML-20-CR	AML-20-CR	NYU-2	P7	0.942
pDC__AML-20-CR	AML-20-CR	NYU-2	P7	0.935
CD4 TCM__AML-20-Dx	AML-20-Dx	NYU-2	P7	0.917
CLP__AML-20-Dx	AML-20-Dx	NYU-2	P1	0.947
Classical-Mono__AML-20-Dx	AML-20-Dx	NYU-2	P7	0.897
ERP-2__AML-20-Dx	AML-20-Dx	NYU-2	P7	0.932
ERP-3__AML-20-Dx	AML-20-Dx	NYU-2	P4	0.943
ERP-6__AML-20-Dx	AML-20-Dx	NYU-2	P7	0.95
ERP-7__AML-20-Dx	AML-20-Dx	NYU-2	P7	0.945
ERP-8__AML-20-Dx	AML-20-Dx	NYU-2	P7	0.957
Erythroblast-1__AML-20-Dx	AML-20-Dx	NYU-2	P7	0.952
Erythroblast-2__AML-20-Dx	AML-20-Dx	NYU-2	P4	0.901
Erythroblast-3__AML-20-Dx	AML-20-Dx	NYU-2	P6	0.949
HSC-1__AML-20-Dx	AML-20-Dx	NYU-2	P4	0.87
HSC-2__AML-20-Dx	AML-20-Dx	NYU-2	P4	0.92
Intermediate Mono-3__AML-20-Dx	AML-20-Dx	NYU-2	P7	0.915
LMPP-1__AML-20-Dx	AML-20-Dx	NYU-2	P7	0.951
LMPP-2__AML-20-Dx	AML-20-Dx	NYU-2	P4	0.896
MDP-1__AML-20-Dx	AML-20-Dx	NYU-2	P4	0.882
MDP-2__AML-20-Dx	AML-20-Dx	NYU-2	P4	0.959
MDP-3__AML-20-Dx	AML-20-Dx	NYU-2	P4	0.877
MDP-6__AML-20-Dx	AML-20-Dx	NYU-2	P4	0.916
MEP-2__AML-20-Dx	AML-20-Dx	NYU-2	P7	0.934
MEP-Eryth-2__AML-20-Dx	AML-20-Dx	NYU-2	P7	0.933
MPP-MEP__AML-20-Dx	AML-20-Dx	NYU-2	P7	0.939
MultiLin-GMP-1__AML-20-Dx	AML-20-Dx	NYU-2	P4	0.949
MultiLin-GMP-2__AML-20-Dx	AML-20-Dx	NYU-2	P7	0.949
MultiLin-GMP-3__AML-20-Dx	AML-20-Dx	NYU-2	P4	0.945
Multilin-1__AML-20-Dx	AML-20-Dx	NYU-2	P4	0.956
Multilin-2__AML-20-Dx	AML-20-Dx	NYU-2	P4	0.956
NK-Mature__AML-20-Dx	AML-20-Dx	NYU-2	P7	0.901
Plasma Cell__AML-20-Dx	AML-20-Dx	NYU-2	P7	0.887
Pro-B-Early__AML-20-Dx	AML-20-Dx	NYU-2	P4	0.873
Pro-B-Early-cycling__AML-20-Dx	AML-20-Dx	NYU-2	P4	0.885
cDC2-2__AML-20-Dx	AML-20-Dx	NYU-2	P7	0.913
pDC__AML-20-Dx	AML-20-Dx	NYU-2	P7	0.934
B Memory-1__AML-20-R1	AML-20-R1	NYU-2	P7	0.9
B Memory-2__AML-20-R1	AML-20-R1	NYU-2	P7	0.885
CD4 TCM__AML-20-R1	AML-20-R1	NYU-2	P7	0.918
CD8 TEM__AML-20-R1	AML-20-R1	NYU-2	P7	0.856
CLP__AML-20-R1	AML-20-R1	NYU-2	P1	0.886
LMPP-1__AML-20-R1	AML-20-R1	NYU-2	P7	0.902
MPP-MEP__AML-20-R1	AML-20-R1	NYU-2	P14	0.831
NK-Mature__AML-20-R1	AML-20-R1	NYU-2	P7	0.845
pDC__AML-20-R1	AML-20-R1	NYU-2	P7	0.879
B Memory-1__AML-20	AML-20	Colorado	P0	0.98
CD4 TCM__AML-20	AML-20	Colorado	P2	0.968
CD8 TEM__AML-20	AML-20	Colorado	P0	0.96
Classical-Mono__AML-20	AML-20	Colorado	P5	0.967
Erythroblast-3__AML-20	AML-20	Colorado	P10	0.891
Intermediate Mono-1__AML-20	AML-20	Colorado	P5	0.941
Intermediate Mono-2__AML-20	AML-20	Colorado	P5	0.968
Intermediate Mono-3__AML-20	AML-20	Colorado	P5	0.967
MAIT__AML-20	AML-20	Colorado	P0	0.958
MPP-MEP__AML-20	AML-20	Colorado	P12	0.952
Mono-1__AML-20	AML-20	Colorado	P5	0.95
Mono-2__AML-20	AML-20	Colorado	P5	0.963
Myeloid intermediate 3__AML-20	AML-20	Colorado	P5	0.943
NK-Mature__AML-20	AML-20	Colorado	P0	0.976
Non-Classical Mono-2__AML-20	AML-20	Colorado	P5	0.967
T CD4 Naive-1__AML-20	AML-20	Colorado	P0	0.975
T CD8 Naive__AML-20	AML-20	Colorado	P0	0.959
cDC1__AML-20	AML-20	Colorado	P5	0.932
cDC2-1__AML-20	AML-20	Colorado	P14	0.908
cMOP__AML-20	AML-20	Colorado	P2	0.911
B Memory-1__AML-21-CR	AML-21-CR	NYU-2	P7	0.907
CD4 TCM__AML-21-CR	AML-21-CR	NYU-2	P6	0.953
CD8 TEM__AML-21-CR	AML-21-CR	NYU-2	P7	0.943
CLP__AML-21-CR	AML-21-CR	NYU-2	P14	0.927
Classical-Mono__AML-21-CR	AML-21-CR	NYU-2	P5	0.941
ERP-1__AML-21-CR	AML-21-CR	NYU-2	P6	0.933
ERP-2__AML-21-CR	AML-21-CR	NYU-2	P14	0.946
ERP-4__AML-21-CR	AML-21-CR	NYU-2	P6	0.949
ERP-5__AML-21-CR	AML-21-CR	NYU-2	P6	0.951
ERP-6__AML-21-CR	AML-21-CR	NYU-2	P6	0.95
ERP-7__AML-21-CR	AML-21-CR	NYU-2	P6	0.961
ERP-8__AML-21-CR	AML-21-CR	NYU-2	P6	0.962
Erythroblast-1__AML-21-CR	AML-21-CR	NYU-2	P8	0.942
Intermediate Mono-1__AML-21-CR	AML-21-CR	NYU-2	P6	0.906
Intermediate Mono-2__AML-21-CR	AML-21-CR	NYU-2	P6	0.932
Intermediate Mono-3__AML-21-CR	AML-21-CR	NYU-2	P6	0.931
MAIT__AML-21-CR	AML-21-CR	NYU-2	P6	0.946
MEP-2__AML-21-CR	AML-21-CR	NYU-2	P14	0.933
MEP-Eryth-2__AML-21-CR	AML-21-CR	NYU-2	P14	0.937
MPP-MEP__AML-21-CR	AML-21-CR	NYU-2	P3	0.927
Mono-1__AML-21-CR	AML-21-CR	NYU-2	P10	0.925
Mono-2__AML-21-CR	AML-21-CR	NYU-2	P6	0.944
MultiLin-GMP-2__AML-21-CR	AML-21-CR	NYU-2	P6	0.936
NK-Mature__AML-21-CR	AML-21-CR	NYU-2	P7	0.952
Non-Classical Mono-2__AML-21-CR	AML-21-CR	NYU-2	P3	0.909
Plasma Cell__AML-21-CR	AML-21-CR	NYU-2	P6	0.96
Pro-B-1__AML-21-CR	AML-21-CR	NYU-2	P8	0.911
Pro-B-3__AML-21-CR	AML-21-CR	NYU-2	P3	0.896
Pro-B-cycling-1__AML-21-CR	AML-21-CR	NYU-2	P14	0.929
Pro-B-cycling-2__AML-21-CR	AML-21-CR	NYU-2	P8	0.897
T CD4 Activated__AML-21-CR	AML-21-CR	NYU-2	P7	0.909
T CD4 Naive-1__AML-21-CR	AML-21-CR	NYU-2	P8	0.928
T CD8 Naive__AML-21-CR	AML-21-CR	NYU-2	P6	0.918
Transitional-B-1__AML-21-CR	AML-21-CR	NYU-2	P14	0.939
cDC2-1__AML-21-CR	AML-21-CR	NYU-2	P5	0.943
cDC2-2__AML-21-CR	AML-21-CR	NYU-2	P6	0.943
pDC__AML-21-CR	AML-21-CR	NYU-2	P6	0.945
pre-B__AML-21-CR	AML-21-CR	NYU-2	P6	0.913
preNeu__AML-21-CR	AML-21-CR	NYU-2	P14	0.94
B Memory-1__AML-21-Dx	AML-21-Dx	NYU-2	P6	0.959
B Memory-2__AML-21-Dx	AML-21-Dx	NYU-2	P6	0.957
CD4 TCM__AML-21-Dx	AML-21-Dx	NYU-2	P6	0.963
CD8 TEM__AML-21-Dx	AML-21-Dx	NYU-2	P6	0.956
Classical-Mono__AML-21-Dx	AML-21-Dx	NYU-2	P5	0.964
Intermediate Mono-1__AML-21-Dx	AML-21-Dx	NYU-2	P5	0.946
Intermediate Mono-2__AML-21-Dx	AML-21-Dx	NYU-2	P5	0.962
Intermediate Mono-3__AML-21-Dx	AML-21-Dx	NYU-2	P5	0.958
MAIT__AML-21-Dx	AML-21-Dx	NYU-2	P6	0.961
Mono-1__AML-21-Dx	AML-21-Dx	NYU-2	P5	0.949
Mono-2__AML-21-Dx	AML-21-Dx	NYU-2	P5	0.963
MultiLin-GMP-1__AML-21-Dx	AML-21-Dx	NYU-2	P14	0.89
NK-Mature__AML-21-Dx	AML-21-Dx	NYU-2	P6	0.96
Non-Classical Mono-2__AML-21-Dx	AML-21-Dx	NYU-2	P14	0.925
cDC2-1__AML-21-Dx	AML-21-Dx	NYU-2	P5	0.949
cDC2-2__AML-21-Dx	AML-21-Dx	NYU-2	P14	0.955
B Memory-1__AML-21-R1	AML-21-R1	NYU-2	P3	0.907
CD8 TEM__AML-21-R1	AML-21-R1	NYU-2	P3	0.828
HSC-1__AML-21-R1	AML-21-R1	NYU-2	P4	0.837
LMPP-1__AML-21-R1	AML-21-R1	NYU-2	P4	0.947
LMPP-1-cycling__AML-21-R1	AML-21-R1	NYU-2	P4	0.94
LMPP-2__AML-21-R1	AML-21-R1	NYU-2	P4	0.87
MDP-1__AML-21-R1	AML-21-R1	NYU-2	P4	0.826
MDP-2__AML-21-R1	AML-21-R1	NYU-2	P4	0.922
MPP-MEP__AML-21-R1	AML-21-R1	NYU-2	P4	0.934
MultiLin-GMP-1__AML-21-R1	AML-21-R1	NYU-2	P4	0.916
MultiLin-GMP-2__AML-21-R1	AML-21-R1	NYU-2	P4	0.961
MultiLin-GMP-3__AML-21-R1	AML-21-R1	NYU-2	P4	0.961
Multilin-1__AML-21-R1	AML-21-R1	NYU-2	P4	0.95
Multilin-2__AML-21-R1	AML-21-R1	NYU-2	P4	0.92
preNeu__AML-21-R1	AML-21-R1	NYU-2	P4	0.957
B Memory-1__AML-21	AML-21	Colorado	P0	0.955
B Memory-2__AML-21	AML-21	Colorado	P2	0.954
CD4 TCM__AML-21	AML-21	Colorado	P0	0.931
Intermediate Mono-1__AML-21	AML-21	Colorado	P0	0.945
Intermediate Mono-2__AML-21	AML-21	Colorado	P0	0.952
Intermediate Mono-3__AML-21	AML-21	Colorado	P0	0.958
LMPP-1-cycling__AML-21	AML-21	Colorado	P12	0.962
LMPP-2__AML-21	AML-21	Colorado	P12	0.941
MDP-1__AML-21	AML-21	Colorado	P12	0.933
MDP-2__AML-21	AML-21	Colorado	P12	0.96
MEP-1__AML-21	AML-21	Colorado	P12	0.943
MEP-2__AML-21	AML-21	Colorado	P9	0.946
MEP-Eryth-2__AML-21	AML-21	Colorado	P2	0.94
MPP-MEP__AML-21	AML-21	Colorado	P9	0.956
MultiLin-GMP-1__AML-21	AML-21	Colorado	P12	0.953
MultiLin-GMP-2__AML-21	AML-21	Colorado	P12	0.956
MultiLin-GMP-3__AML-21	AML-21	Colorado	P12	0.942
Multilin-1__AML-21	AML-21	Colorado	P12	0.953
Multilin-2__AML-21	AML-21	Colorado	P12	0.96
Myeloid intermediate 2__AML-21	AML-21	Colorado	P12	0.955
Myeloid intermediate 3__AML-21	AML-21	Colorado	P12	0.945
NK-Mature__AML-21	AML-21	Colorado	P0	0.933
Non-Classical Mono-2__AML-21	AML-21	Colorado	P0	0.921
T CD4 Naive-1__AML-21	AML-21	Colorado	P0	0.957
cDC1__AML-21	AML-21	Colorado	P14	0.951
cDC2-1__AML-21	AML-21	Colorado	P14	0.951
cDC2-2__AML-21	AML-21	Colorado	P0	0.913
B Memory-1__AML-22	AML-22	Colorado	P8	0.936
B Memory-2__AML-22	AML-22	Colorado	P5	0.959
BMCP-1__AML-22	AML-22	Colorado	P9	0.935
Classical-Mono__AML-22	AML-22	Colorado	P5	0.95
ERP-1__AML-22	AML-22	Colorado	P6	0.952
ERP-2__AML-22	AML-22	Colorado	P6	0.952
ERP-3__AML-22	AML-22	Colorado	P6	0.959
ERP-4__AML-22	AML-22	Colorado	P6	0.96
ERP-5__AML-22	AML-22	Colorado	P2	0.95
ERP-6__AML-22	AML-22	Colorado	P6	0.958
ERP-8__AML-22	AML-22	Colorado	P10	0.942
Intermediate Mono-1__AML-22	AML-22	Colorado	P5	0.937
Intermediate Mono-2__AML-22	AML-22	Colorado	P5	0.933
Intermediate Mono-3__AML-22	AML-22	Colorado	P8	0.951
LMPP-1-cycling__AML-22	AML-22	Colorado	P12	0.963
LMPP-2__AML-22	AML-22	Colorado	P8	0.929
MDP-1__AML-22	AML-22	Colorado	P8	0.879
MDP-2__AML-22	AML-22	Colorado	P12	0.928
MEP-1__AML-22	AML-22	Colorado	P9	0.957
MEP-2__AML-22	AML-22	Colorado	P9	0.965
MEP-Eryth-1__AML-22	AML-22	Colorado	P9	0.938
MEP-Eryth-2__AML-22	AML-22	Colorado	P9	0.958
MKP-early__AML-22	AML-22	Colorado	P9	0.954
MPP-1__AML-22	AML-22	Colorado	P9	0.969
MPP-MEP__AML-22	AML-22	Colorado	P9	0.964
MultiLin-GMP-1__AML-22	AML-22	Colorado	P12	0.953
Non-Classical Mono-2__AML-22	AML-22	Colorado	P8	0.932
T CD4 Naive-1__AML-22	AML-22	Colorado	P8	0.924
B Memory-1__AML-23	AML-23	Colorado	P0	0.977
B Memory-2__AML-23	AML-23	Colorado	P0	0.97
CD4 TCM__AML-23	AML-23	Colorado	P0	0.969
CD8 TEM__AML-23	AML-23	Colorado	P0	0.966
Classical-Mono__AML-23	AML-23	Colorado	P5	0.971
Intermediate Mono-1__AML-23	AML-23	Colorado	P5	0.966
Intermediate Mono-2__AML-23	AML-23	Colorado	P5	0.971
Intermediate Mono-3__AML-23	AML-23	Colorado	P5	0.966
MAIT__AML-23	AML-23	Colorado	P0	0.967
MDP-1__AML-23	AML-23	Colorado	P5	0.883
MPP-MEP__AML-23	AML-23	Colorado	P14	0.938
Mono-1__AML-23	AML-23	Colorado	P2	0.937
Mono-2__AML-23	AML-23	Colorado	P5	0.959
Myeloid intermediate 3__AML-23	AML-23	Colorado	P7	0.925
NK-Mature__AML-23	AML-23	Colorado	P0	0.971
Non-Classical Mono-2__AML-23	AML-23	Colorado	P5	0.965
T CD4 Naive-1__AML-23	AML-23	Colorado	P0	0.969
T CD8 Naive__AML-23	AML-23	Colorado	P8	0.916
cDC1__AML-23	AML-23	Colorado	P5	0.941
cDC2-1__AML-23	AML-23	Colorado	P14	0.942
cMOP__AML-23	AML-23	Colorado	P7	0.899
B Memory-1__AML-24	AML-24	Colorado	P2	0.973
B Memory-2__AML-24	AML-24	Colorado	P2	0.971
CD4 TCM__AML-24	AML-24	Colorado	P2	0.972
CD8 TEM__AML-24	AML-24	Colorado	P2	0.974
Classical-Mono__AML-24	AML-24	Colorado	P5	0.974
ERP-5__AML-24	AML-24	Colorado	P2	0.956
ERP-8__AML-24	AML-24	Colorado	P2	0.956
Erythroblast-1__AML-24	AML-24	Colorado	P7	0.939
Erythroblast-2__AML-24	AML-24	Colorado	P2	0.89
Erythroblast-3__AML-24	AML-24	Colorado	P2	0.951
Intermediate Mono-1__AML-24	AML-24	Colorado	P5	0.971
Intermediate Mono-2__AML-24	AML-24	Colorado	P0	0.975
Intermediate Mono-3__AML-24	AML-24	Colorado	P5	0.958
LMPP-1__AML-24	AML-24	Colorado	P2	0.943
LMPP-1-cycling__AML-24	AML-24	Colorado	P2	0.958
MAIT__AML-24	AML-24	Colorado	P2	0.957
MEP-Eryth-2__AML-24	AML-24	Colorado	P2	0.955
MPP-MEP__AML-24	AML-24	Colorado	P2	0.953
Mono-1__AML-24	AML-24	Colorado	P5	0.964
Mono-2__AML-24	AML-24	Colorado	P14	0.963
MultiLin-GMP-1__AML-24	AML-24	Colorado	P0	0.949
Myeloid intermediate 1__AML-24	AML-24	Colorado	P7	0.928
Myeloid intermediate 2__AML-24	AML-24	Colorado	P12	0.961
Myeloid intermediate 3__AML-24	AML-24	Colorado	P12	0.945
NK-Mature__AML-24	AML-24	Colorado	P2	0.975
Non-Classical Mono-2__AML-24	AML-24	Colorado	P0	0.97
T CD4 Naive-1__AML-24	AML-24	Colorado	P2	0.963
T CD8 Naive__AML-24	AML-24	Colorado	P2	0.94
cDC1__AML-24	AML-24	Colorado	P10	0.957
cDC2-1__AML-24	AML-24	Colorado	P0	0.971
cDC2-2__AML-24	AML-24	Colorado	P0	0.973
cMOP__AML-24	AML-24	Colorado	P5	0.961
pDC__AML-24	AML-24	Colorado	P2	0.951
pre-DC-2__AML-24	AML-24	Colorado	P12	0.949
pre-DC-3__AML-24	AML-24	Colorado	P0	0.958
B Memory-1__AML-7_CCHMC	AML-7_CCHMC	CCHMC	P6	0.968
B Memory-2__AML-7_CCHMC	AML-7_CCHMC	CCHMC	P2	0.98
CD4 TCM__AML-7_CCHMC	AML-7_CCHMC	CCHMC	P2	0.974
CD8 TEM__AML-7_CCHMC	AML-7_CCHMC	CCHMC	P2	0.972
Classical-Mono__AML-7_CCHMC	AML-7_CCHMC	CCHMC	P2	0.964
Intermediate Mono-1__AML-7_CCHMC	AML-7_CCHMC	CCHMC	P0	0.958
Intermediate Mono-2__AML-7_CCHMC	AML-7_CCHMC	CCHMC	P2	0.96
Intermediate Mono-3__AML-7_CCHMC	AML-7_CCHMC	CCHMC	P5	0.976
LMPP-1-cycling__AML-7_CCHMC	AML-7_CCHMC	CCHMC	P12	0.955
LMPP-2__AML-7_CCHMC	AML-7_CCHMC	CCHMC	P12	0.937
MAIT__AML-7_CCHMC	AML-7_CCHMC	CCHMC	P2	0.948
MDP-1__AML-7_CCHMC	AML-7_CCHMC	CCHMC	P5	0.923
MEP-2__AML-7_CCHMC	AML-7_CCHMC	CCHMC	P9	0.951
MPP-MEP__AML-7_CCHMC	AML-7_CCHMC	CCHMC	P9	0.958
Mono-1__AML-7_CCHMC	AML-7_CCHMC	CCHMC	P5	0.96
Mono-2__AML-7_CCHMC	AML-7_CCHMC	CCHMC	P5	0.967
Multilin-2__AML-7_CCHMC	AML-7_CCHMC	CCHMC	P12	0.947
Myeloid intermediate 3__AML-7_CCHMC	AML-7_CCHMC	CCHMC	P5	0.936
NK-Mature__AML-7_CCHMC	AML-7_CCHMC	CCHMC	P2	0.98
Non-Classical Mono-2__AML-7_CCHMC	AML-7_CCHMC	CCHMC	P5	0.974
T CD4 Naive-1__AML-7_CCHMC	AML-7_CCHMC	CCHMC	P2	0.98
cDC1__AML-7_CCHMC	AML-7_CCHMC	CCHMC	P1	0.95
cDC2-1__AML-7_CCHMC	AML-7_CCHMC	CCHMC	P5	0.968
cMOP__AML-7_CCHMC	AML-7_CCHMC	CCHMC	P5	0.918
pre-DC-3__AML-7_CCHMC	AML-7_CCHMC	CCHMC	P2	0.924
B Memory-1__AML0024	AML0024	NYU-1	P7	0.961
B Memory-2__AML0024	AML0024	NYU-1	P7	0.919
CD4 TCM__AML0024	AML0024	NYU-1	P7	0.968
CD8 TEM__AML0024	AML0024	NYU-1	P7	0.968
Classical-Mono__AML0024	AML0024	NYU-1	P7	0.937
ERP-6__AML0024	AML0024	NYU-1	P7	0.956
ERP-8__AML0024	AML0024	NYU-1	P7	0.96
Erythroblast-3__AML0024	AML0024	NYU-1	P3	0.958
Intermediate Mono-1__AML0024	AML0024	NYU-1	P7	0.94
Intermediate Mono-2__AML0024	AML0024	NYU-1	P7	0.922
Intermediate Mono-3__AML0024	AML0024	NYU-1	P1	0.951
MAIT__AML0024	AML0024	NYU-1	P7	0.954
Mono-1__AML0024	AML0024	NYU-1	P7	0.939
Mono-2__AML0024	AML0024	NYU-1	P7	0.938
MultiLin-GMP-1__AML0024	AML0024	NYU-1	P14	0.918
Myeloid intermediate 2__AML0024	AML0024	NYU-1	P0	0.925
Myeloid intermediate 3__AML0024	AML0024	NYU-1	P7	0.934
NK-Mature__AML0024	AML0024	NYU-1	P7	0.974
Non-Classical Mono-2__AML0024	AML0024	NYU-1	P3	0.945
T CD4 Activated__AML0024	AML0024	NYU-1	P7	0.937
cDC2-2__AML0024	AML0024	NYU-1	P3	0.96
cMOP__AML0024	AML0024	NYU-1	P7	0.942
B Memory-1__AML003	AML003	NYU-1	P6	0.981
B Memory-2__AML003	AML003	NYU-1	P2	0.971
BMCP-1__AML003	AML003	NYU-1	P13	0.931
CD4 TCM__AML003	AML003	NYU-1	P2	0.955
CD8 TEM__AML003	AML003	NYU-1	P6	0.935
Classical-Mono__AML003	AML003	NYU-1	P0	0.975
Erythroblast-1__AML003	AML003	NYU-1	P10	0.94
Erythroblast-2__AML003	AML003	NYU-1	P0	0.869
Erythroblast-3__AML003	AML003	NYU-1	P8	0.939
Intermediate Mono-1__AML003	AML003	NYU-1	P0	0.972
Intermediate Mono-2__AML003	AML003	NYU-1	P0	0.97
Intermediate Mono-3__AML003	AML003	NYU-1	P13	0.965
LMPP-1-cycling__AML003	AML003	NYU-1	P13	0.97
LMPP-2__AML003	AML003	NYU-1	P13	0.961
MAIT__AML003	AML003	NYU-1	P2	0.947
MDP-1__AML003	AML003	NYU-1	P13	0.957
MDP-2__AML003	AML003	NYU-1	P13	0.97
MDP-3__AML003	AML003	NYU-1	P13	0.959
MEP-1__AML003	AML003	NYU-1	P13	0.945
MEP-2__AML003	AML003	NYU-1	P13	0.946
MEP-Eryth-2__AML003	AML003	NYU-1	P6	0.949
MPP-MEP__AML003	AML003	NYU-1	P13	0.969
Mono-1__AML003	AML003	NYU-1	P14	0.965
Mono-2__AML003	AML003	NYU-1	P13	0.967
MultiLin-GMP-1__AML003	AML003	NYU-1	P13	0.976
MultiLin-GMP-2__AML003	AML003	NYU-1	P13	0.971
Multilin-1__AML003	AML003	NYU-1	P13	0.968
Multilin-2__AML003	AML003	NYU-1	P13	0.955
Myeloid intermediate 1__AML003	AML003	NYU-1	P13	0.944
Myeloid intermediate 2__AML003	AML003	NYU-1	P13	0.972
Myeloid intermediate 3__AML003	AML003	NYU-1	P13	0.968
NK-Mature__AML003	AML003	NYU-1	P2	0.974
Non-Classical Mono-2__AML003	AML003	NYU-1	P0	0.97
T CD4 Naive-1__AML003	AML003	NYU-1	P0	0.911
cDC1__AML003	AML003	NYU-1	P13	0.969
cDC2-1__AML003	AML003	NYU-1	P14	0.962
cDC2-2__AML003	AML003	NYU-1	P0	0.965
pDC__AML003	AML003	NYU-1	P6	0.947
pre-DC-2__AML003	AML003	NYU-1	P13	0.964
preNeu__AML003	AML003	NYU-1	P13	0.968
ASDC__AML0048	AML0048	NYU-1	P7	0.937
B Memory-1__AML0048	AML0048	NYU-1	P2	0.975
B Memory-2__AML0048	AML0048	NYU-1	P2	0.972
BMCP-1__AML0048	AML0048	NYU-1	P7	0.945
CD4 TCM__AML0048	AML0048	NYU-1	P6	0.983
CD8 TEM__AML0048	AML0048	NYU-1	P2	0.981
Classical-Mono__AML0048	AML0048	NYU-1	P0	0.966
ERP-1__AML0048	AML0048	NYU-1	P2	0.956
ERP-3__AML0048	AML0048	NYU-1	P2	0.955
ERP-5__AML0048	AML0048	NYU-1	P2	0.955
ERP-6__AML0048	AML0048	NYU-1	P2	0.953
ERP-7__AML0048	AML0048	NYU-1	P2	0.962
ERP-8__AML0048	AML0048	NYU-1	P2	0.959
Erythroblast-1__AML0048	AML0048	NYU-1	P14	0.926
Erythroblast-2__AML0048	AML0048	NYU-1	P10	0.917
Erythroblast-3__AML0048	AML0048	NYU-1	P10	0.957
Intermediate Mono-1__AML0048	AML0048	NYU-1	P0	0.957
Intermediate Mono-2__AML0048	AML0048	NYU-1	P0	0.954
Intermediate Mono-3__AML0048	AML0048	NYU-1	P3	0.961
LMPP-1__AML0048	AML0048	NYU-1	P7	0.972
LMPP-1-cycling__AML0048	AML0048	NYU-1	P10	0.967
LMPP-2__AML0048	AML0048	NYU-1	P12	0.964
MAIT__AML0048	AML0048	NYU-1	P2	0.984
MDP-1__AML0048	AML0048	NYU-1	P7	0.961
MDP-2__AML0048	AML0048	NYU-1	P7	0.964
MDP-6__AML0048	AML0048	NYU-1	P7	0.935
MEP-1__AML0048	AML0048	NYU-1	P7	0.972
MEP-2__AML0048	AML0048	NYU-1	P6	0.971
MEP-Eryth-1__AML0048	AML0048	NYU-1	P6	0.961
MEP-Eryth-2__AML0048	AML0048	NYU-1	P7	0.977
MKP-early__AML0048	AML0048	NYU-1	P7	0.947
MKP-late__AML0048	AML0048	NYU-1	P7	0.917
MPP-1__AML0048	AML0048	NYU-1	P9	0.971
MPP-2__AML0048	AML0048	NYU-1	P7	0.969
MPP-MEP__AML0048	AML0048	NYU-1	P10	0.971
Mono-1__AML0048	AML0048	NYU-1	P3	0.941
Mono-2__AML0048	AML0048	NYU-1	P3	0.965
MultiLin-GMP-1__AML0048	AML0048	NYU-1	P10	0.967
MultiLin-GMP-2__AML0048	AML0048	NYU-1	P7	0.972
MultiLin-GMP-3__AML0048	AML0048	NYU-1	P7	0.959
Multilin-1__AML0048	AML0048	NYU-1	P7	0.972
Multilin-2__AML0048	AML0048	NYU-1	P7	0.967
Myeloid intermediate 1__AML0048	AML0048	NYU-1	P10	0.914
Myeloid intermediate 2__AML0048	AML0048	NYU-1	P10	0.956
Myeloid intermediate 3__AML0048	AML0048	NYU-1	P0	0.942
NK-Mature__AML0048	AML0048	NYU-1	P2	0.982
Non-Classical Mono-2__AML0048	AML0048	NYU-1	P2	0.967
Plasma Cell__AML0048	AML0048	NYU-1	P2	0.973
T CD4 Activated__AML0048	AML0048	NYU-1	P7	0.977
T CD4 Naive-1__AML0048	AML0048	NYU-1	P6	0.966
cDC1__AML0048	AML0048	NYU-1	P7	0.963
cDC2-1__AML0048	AML0048	NYU-1	P8	0.963
cDC2-2__AML0048	AML0048	NYU-1	P3	0.954
cMOP__AML0048	AML0048	NYU-1	P3	0.913
pDC__AML0048	AML0048	NYU-1	P9	0.946
pre-DC-1__AML0048	AML0048	NYU-1	P2	0.958
pre-DC-2__AML0048	AML0048	NYU-1	P7	0.955
pre-DC-3__AML0048	AML0048	NYU-1	P10	0.927
preNeu__AML0048	AML0048	NYU-1	P6	0.955
B Memory-1__AML005	AML005	NYU-1	P3	0.978
B Memory-2__AML005	AML005	NYU-1	P2	0.982
CD4 TCM__AML005	AML005	NYU-1	P7	0.965
CD8 TEM__AML005	AML005	NYU-1	P2	0.967
Classical-Mono__AML005	AML005	NYU-1	P8	0.925
Erythroblast-1__AML005	AML005	NYU-1	P10	0.921
Erythroblast-3__AML005	AML005	NYU-1	P10	0.951
Intermediate Mono-1__AML005	AML005	NYU-1	P3	0.952
Intermediate Mono-2__AML005	AML005	NYU-1	P8	0.957
Intermediate Mono-3__AML005	AML005	NYU-1	P3	0.96
LMPP-1-cycling__AML005	AML005	NYU-1	P10	0.949
LMPP-2__AML005	AML005	NYU-1	P10	0.916
MAIT__AML005	AML005	NYU-1	P7	0.966
MEP-2__AML005	AML005	NYU-1	P10	0.935
MPP-MEP__AML005	AML005	NYU-1	P10	0.945
Mono-1__AML005	AML005	NYU-1	P10	0.96
Mono-2__AML005	AML005	NYU-1	P10	0.958
Multilin-2__AML005	AML005	NYU-1	P10	0.944
Myeloid intermediate 3__AML005	AML005	NYU-1	P10	0.948
NK-Mature__AML005	AML005	NYU-1	P2	0.978
Non-Classical Mono-2__AML005	AML005	NYU-1	P3	0.964
Pro-B-3__AML005	AML005	NYU-1	P10	0.903
T CD4 Naive-1__AML005	AML005	NYU-1	P6	0.962
T CD8 Naive__AML005	AML005	NYU-1	P3	0.947
cDC1__AML005	AML005	NYU-1	P10	0.938
cDC2-1__AML005	AML005	NYU-1	P14	0.941
pre-B__AML005	AML005	NYU-1	P10	0.901
B Memory-1__AML006	AML006	NYU-1	P6	0.98
B Memory-2__AML006	AML006	NYU-1	P6	0.974
CD4 TCM__AML006	AML006	NYU-1	P6	0.974
CD8 TEM__AML006	AML006	NYU-1	P6	0.975
Classical-Mono__AML006	AML006	NYU-1	P6	0.961
ERP-1__AML006	AML006	NYU-1	P6	0.946
ERP-4__AML006	AML006	NYU-1	P6	0.938
ERP-5__AML006	AML006	NYU-1	P6	0.942
ERP-6__AML006	AML006	NYU-1	P6	0.942
ERP-8__AML006	AML006	NYU-1	P14	0.955
Erythroblast-1__AML006	AML006	NYU-1	P14	0.952
Erythroblast-3__AML006	AML006	NYU-1	P14	0.964
Intermediate Mono-1__AML006	AML006	NYU-1	P5	0.965
Intermediate Mono-2__AML006	AML006	NYU-1	P5	0.97
Intermediate Mono-3__AML006	AML006	NYU-1	P6	0.972
LMPP-1-cycling__AML006	AML006	NYU-1	P10	0.944
LMPP-2__AML006	AML006	NYU-1	P6	0.913
MAIT__AML006	AML006	NYU-1	P6	0.97
MDP-1__AML006	AML006	NYU-1	P6	0.918
MEP-2__AML006	AML006	NYU-1	P14	0.941
MPP-MEP__AML006	AML006	NYU-1	P13	0.956
Mono-1__AML006	AML006	NYU-1	P14	0.944
Mono-2__AML006	AML006	NYU-1	P14	0.971
Multilin-2__AML006	AML006	NYU-1	P14	0.933
NK-Mature__AML006	AML006	NYU-1	P6	0.978
Non-Classical Mono-2__AML006	AML006	NYU-1	P6	0.965
T CD4 Activated__AML006	AML006	NYU-1	P7	0.899
T CD4 Naive-1__AML006	AML006	NYU-1	P6	0.978
T CD8 Naive__AML006	AML006	NYU-1	P6	0.978
cDC1__AML006	AML006	NYU-1	P6	0.935
cDC2-1__AML006	AML006	NYU-1	P14	0.952
cDC2-2__AML006	AML006	NYU-1	P6	0.95
B Memory-1__AML008	AML008	NYU-1	P8	0.976
Classical-Mono__AML008	AML008	NYU-1	P8	0.955
Erythroblast-3__AML008	AML008	NYU-1	P8	0.938
Intermediate Mono-1__AML008	AML008	NYU-1	P8	0.955
Intermediate Mono-2__AML008	AML008	NYU-1	P8	0.95
Intermediate Mono-3__AML008	AML008	NYU-1	P8	0.962
MPP-MEP__AML008	AML008	NYU-1	P8	0.956
Mono-2__AML008	AML008	NYU-1	P8	0.958
MultiLin-GMP-1__AML008	AML008	NYU-1	P8	0.96
NK-Mature__AML008	AML008	NYU-1	P8	0.956
Non-Classical Mono-2__AML008	AML008	NYU-1	P8	0.943
B Memory-1__AML009	AML009	NYU-1	P0	0.985
B Memory-2__AML009	AML009	NYU-1	P0	0.979
CD4 TCM__AML009	AML009	NYU-1	P0	0.963
CD8 TEM__AML009	AML009	NYU-1	P0	0.972
CLP__AML009	AML009	NYU-1	P8	0.911
ERP-8__AML009	AML009	NYU-1	P6	0.984
Erythroblast-1__AML009	AML009	NYU-1	P6	0.967
Intermediate Mono-1__AML009	AML009	NYU-1	P8	0.979
Intermediate Mono-3__AML009	AML009	NYU-1	P0	0.989
LMPP-1-cycling__AML009	AML009	NYU-1	P0	0.927
LMPP-2__AML009	AML009	NYU-1	P6	0.987
MAIT__AML009	AML009	NYU-1	P6	0.931
MDP-1__AML009	AML009	NYU-1	P0	0.967
MDP-2__AML009	AML009	NYU-1	P10	0.962
MDP-3__AML009	AML009	NYU-1	P14	0.909
MEP-Eryth-2__AML009	AML009	NYU-1	P6	0.937
MPP-MEP__AML009	AML009	NYU-1	P14	0.941
Mono-2__AML009	AML009	NYU-1	P8	0.937
MultiLin-GMP-1__AML009	AML009	NYU-1	P0	0.968
Multilin-1__AML009	AML009	NYU-1	P14	0.939
Myeloid intermediate 2__AML009	AML009	NYU-1	P6	0.959
NK-Mature__AML009	AML009	NYU-1	P2	0.977
Non-Classical Mono-2__AML009	AML009	NYU-1	P14	0.953
T CD4 Naive-1__AML009	AML009	NYU-1	P2	0.974
cDC1__AML009	AML009	NYU-1	P14	0.963
B Memory-1__AML0114	AML0114	NYU-1	P3	0.985
BMCP-1__AML0114	AML0114	NYU-1	P3	0.958
CD4 TCM__AML0114	AML0114	NYU-1	P8	0.985
CD8 TEM__AML0114	AML0114	NYU-1	P8	0.983
Classical-Mono__AML0114	AML0114	NYU-1	P3	0.977
ERP-1__AML0114	AML0114	NYU-1	P8	0.966
ERP-2__AML0114	AML0114	NYU-1	P8	0.952
ERP-4__AML0114	AML0114	NYU-1	P6	0.98
ERP-5__AML0114	AML0114	NYU-1	P6	0.983
ERP-6__AML0114	AML0114	NYU-1	P8	0.981
ERP-7__AML0114	AML0114	NYU-1	P8	0.983
ERP-8__AML0114	AML0114	NYU-1	P6	0.988
Erythroblast-1__AML0114	AML0114	NYU-1	P8	0.977
Erythroblast-3__AML0114	AML0114	NYU-1	P6	0.947
HSC-2__AML0114	AML0114	NYU-1	P8	0.973
Intermediate Mono-1__AML0114	AML0114	NYU-1	P3	0.981
Intermediate Mono-3__AML0114	AML0114	NYU-1	P3	0.978
LMPP-1-cycling__AML0114	AML0114	NYU-1	P8	0.977
LMPP-2__AML0114	AML0114	NYU-1	P8	0.973
MAIT__AML0114	AML0114	NYU-1	P8	0.985
MDP-1__AML0114	AML0114	NYU-1	P8	0.97
MEP-1__AML0114	AML0114	NYU-1	P8	0.973
MEP-2__AML0114	AML0114	NYU-1	P14	0.972
MEP-Eryth-1__AML0114	AML0114	NYU-1	P8	0.965
MEP-Eryth-2__AML0114	AML0114	NYU-1	P3	0.974
MKP-early__AML0114	AML0114	NYU-1	P14	0.96
MPP-1__AML0114	AML0114	NYU-1	P6	0.979
MPP-MEP__AML0114	AML0114	NYU-1	P8	0.981
Mono-2__AML0114	AML0114	NYU-1	P0	0.966
MultiLin-GMP-1__AML0114	AML0114	NYU-1	P3	0.983
MultiLin-GMP-2__AML0114	AML0114	NYU-1	P6	0.963
Multilin-1__AML0114	AML0114	NYU-1	P8	0.975
Multilin-2__AML0114	AML0114	NYU-1	P8	0.971
NK-Mature__AML0114	AML0114	NYU-1	P8	0.987
Non-Classical Mono-2__AML0114	AML0114	NYU-1	P3	0.98
Plasma Cell__AML0114	AML0114	NYU-1	P8	0.988
T CD4 Activated__AML0114	AML0114	NYU-1	P8	0.978
T CD4 Naive-1__AML0114	AML0114	NYU-1	P8	0.983
T CD8 Naive__AML0114	AML0114	NYU-1	P8	0.964
cDC2-2__AML0114	AML0114	NYU-1	P8	0.968
pDC__AML0114	AML0114	NYU-1	P6	0.972
preNeu__AML0114	AML0114	NYU-1	P8	0.97
B Memory-1__AML012	AML012	NYU-1	P2	0.978
BMCP-1__AML012	AML012	NYU-1	P10	0.941
CD4 TCM__AML012	AML012	NYU-1	P2	0.95
Classical-Mono__AML012	AML012	NYU-1	P8	0.958
Erythroblast-3__AML012	AML012	NYU-1	P14	0.943
Intermediate Mono-1__AML012	AML012	NYU-1	P3	0.955
Intermediate Mono-2__AML012	AML012	NYU-1	P3	0.957
Intermediate Mono-3__AML012	AML012	NYU-1	P10	0.972
MAIT__AML012	AML012	NYU-1	P8	0.954
MDP-2__AML012	AML012	NYU-1	P10	0.962
MPP-MEP__AML012	AML012	NYU-1	P13	0.953
Mono-1__AML012	AML012	NYU-1	P10	0.971
Mono-2__AML012	AML012	NYU-1	P10	0.968
MultiLin-GMP-1__AML012	AML012	NYU-1	P13	0.977
MultiLin-GMP-2__AML012	AML012	NYU-1	P13	0.975
Myeloid intermediate 1__AML012	AML012	NYU-1	P10	0.963
Myeloid intermediate 2__AML012	AML012	NYU-1	P10	0.975
Myeloid intermediate 3__AML012	AML012	NYU-1	P13	0.972
NK-Mature__AML012	AML012	NYU-1	P6	0.963
Non-Classical Mono-2__AML012	AML012	NYU-1	P3	0.965
T CD4 Naive-1__AML012	AML012	NYU-1	P8	0.961
cDC1__AML012	AML012	NYU-1	P3	0.96
cDC2-1__AML012	AML012	NYU-1	P10	0.954
cDC2-2__AML012	AML012	NYU-1	P3	0.954
cMOP__AML012	AML012	NYU-1	P14	0.94
pre-DC-2__AML012	AML012	NYU-1	P3	0.95
preNeu__AML012	AML012	NYU-1	P10	0.971
B Memory-1__AML0160	AML0160	NYU-1	P7	0.962
CD4 TCM__AML0160	AML0160	NYU-1	P7	0.958
CD8 TEM__AML0160	AML0160	NYU-1	P7	0.95
Classical-Mono__AML0160	AML0160	NYU-1	P0	0.964
Erythroblast-3__AML0160	AML0160	NYU-1	P2	0.958
Intermediate Mono-1__AML0160	AML0160	NYU-1	P0	0.972
Intermediate Mono-2__AML0160	AML0160	NYU-1	P0	0.968
Intermediate Mono-3__AML0160	AML0160	NYU-1	P6	0.969
LMPP-1__AML0160	AML0160	NYU-1	P7	0.962
LMPP-1-cycling__AML0160	AML0160	NYU-1	P7	0.974
LMPP-2__AML0160	AML0160	NYU-1	P8	0.968
MAIT__AML0160	AML0160	NYU-1	P7	0.936
MDP-1__AML0160	AML0160	NYU-1	P8	0.948
MDP-2__AML0160	AML0160	NYU-1	P8	0.951
MPP-1__AML0160	AML0160	NYU-1	P8	0.957
MPP-MEP__AML0160	AML0160	NYU-1	P7	0.974
Mono-2__AML0160	AML0160	NYU-1	P3	0.96
MultiLin-GMP-1__AML0160	AML0160	NYU-1	P6	0.978
MultiLin-GMP-2__AML0160	AML0160	NYU-1	P7	0.962
Multilin-1__AML0160	AML0160	NYU-1	P3	0.963
Non-Classical Mono-2__AML0160	AML0160	NYU-1	P8	0.942
T CD4 Naive-1__AML0160	AML0160	NYU-1	P7	0.946
cDC1__AML0160	AML0160	NYU-1	P8	0.955
cDC2-1__AML0160	AML0160	NYU-1	P14	0.966
cDC2-2__AML0160	AML0160	NYU-1	P0	0.965
cMOP__AML0160	AML0160	NYU-1	P0	0.942
pre-DC-2__AML0160	AML0160	NYU-1	P8	0.933
B Memory-1__AML022	AML022	NYU-1	P7	0.986
B Memory-2__AML022	AML022	NYU-1	P7	0.976
CD4 TCM__AML022	AML022	NYU-1	P7	0.928
CD8 TEM__AML022	AML022	NYU-1	P7	0.966
Classical-Mono__AML022	AML022	NYU-1	P5	0.978
Erythroblast-3__AML022	AML022	NYU-1	P6	0.943
Intermediate Mono-1__AML022	AML022	NYU-1	P7	0.953
Intermediate Mono-2__AML022	AML022	NYU-1	P7	0.952
Intermediate Mono-3__AML022	AML022	NYU-1	P5	0.966
LMPP-1-cycling__AML022	AML022	NYU-1	P12	0.954
MAIT__AML022	AML022	NYU-1	P7	0.966
MEP-2__AML022	AML022	NYU-1	P12	0.915
MPP-MEP__AML022	AML022	NYU-1	P12	0.962
Mono-2__AML022	AML022	NYU-1	P14	0.965
NK-Mature__AML022	AML022	NYU-1	P7	0.985
T CD4 Naive-1__AML022	AML022	NYU-1	P7	0.919
T CD8 Naive__AML022	AML022	NYU-1	P6	0.932
B Memory-1__AML025	AML025	NYU-1	P2	0.98
B Memory-2__AML025	AML025	NYU-1	P2	0.958
CD4 TCM__AML025	AML025	NYU-1	P8	0.959
CD8 TEM__AML025	AML025	NYU-1	P2	0.97
Classical-Mono__AML025	AML025	NYU-1	P0	0.941
ERP-1__AML025	AML025	NYU-1	P8	0.956
ERP-8__AML025	AML025	NYU-1	P8	0.959
Erythroblast-1__AML025	AML025	NYU-1	P8	0.942
Erythroblast-2__AML025	AML025	NYU-1	P8	0.874
Erythroblast-3__AML025	AML025	NYU-1	P8	0.973
Intermediate Mono-1__AML025	AML025	NYU-1	P0	0.936
Intermediate Mono-3__AML025	AML025	NYU-1	P0	0.974
LMPP-1__AML025	AML025	NYU-1	P8	0.965
LMPP-1-cycling__AML025	AML025	NYU-1	P6	0.965
LMPP-2__AML025	AML025	NYU-1	P8	0.971
MAIT__AML025	AML025	NYU-1	P8	0.951
MDP-1__AML025	AML025	NYU-1	P8	0.962
MDP-2__AML025	AML025	NYU-1	P0	0.963
MDP-3__AML025	AML025	NYU-1	P8	0.94
MEP-2__AML025	AML025	NYU-1	P8	0.961
MEP-Eryth-1__AML025	AML025	NYU-1	P8	0.958
MEP-Eryth-2__AML025	AML025	NYU-1	P8	0.964
MPP-1__AML025	AML025	NYU-1	P8	0.945
MPP-MEP__AML025	AML025	NYU-1	P8	0.969
Mono-1__AML025	AML025	NYU-1	P8	0.968
Mono-2__AML025	AML025	NYU-1	P0	0.966
MultiLin-GMP-1__AML025	AML025	NYU-1	P8	0.974
MultiLin-GMP-2__AML025	AML025	NYU-1	P8	0.969
MultiLin-GMP-3__AML025	AML025	NYU-1	P8	0.967
Multilin-1__AML025	AML025	NYU-1	P8	0.971
Multilin-2__AML025	AML025	NYU-1	P8	0.969
Myeloid intermediate 1__AML025	AML025	NYU-1	P8	0.95
Myeloid intermediate 2__AML025	AML025	NYU-1	P0	0.966
Myeloid intermediate 3__AML025	AML025	NYU-1	P8	0.955
NK-Mature__AML025	AML025	NYU-1	P8	0.963
T CD4 Naive-1__AML025	AML025	NYU-1	P8	0.953
T CD8 Naive__AML025	AML025	NYU-1	P8	0.953
cDC1__AML025	AML025	NYU-1	P0	0.954
cDC2-1__AML025	AML025	NYU-1	P0	0.953
cMOP__AML025	AML025	NYU-1	P0	0.948
pDC__AML025	AML025	NYU-1	P0	0.958
pre-DC-2__AML025	AML025	NYU-1	P0	0.96
preNeu__AML025	AML025	NYU-1	P8	0.958
B Memory-1__AML026	AML026	NYU-1	P5	0.974
B Memory-2__AML026	AML026	NYU-1	P2	0.942
CD4 TCM__AML026	AML026	NYU-1	P5	0.955
CD8 TEM__AML026	AML026	NYU-1	P2	0.928
Erythroblast-3__AML026	AML026	NYU-1	P14	0.931
Intermediate Mono-3__AML026	AML026	NYU-1	P5	0.939
LMPP-2__AML026	AML026	NYU-1	P8	0.896
MAIT__AML026	AML026	NYU-1	P2	0.932
MEP-2__AML026	AML026	NYU-1	P8	0.938
MPP-MEP__AML026	AML026	NYU-1	P8	0.936
Mono-2__AML026	AML026	NYU-1	P5	0.925
MultiLin-GMP-1__AML026	AML026	NYU-1	P5	0.91
NK-Mature__AML026	AML026	NYU-1	P2	0.943
Non-Classical Mono-2__AML026	AML026	NYU-1	P5	0.921
Pro-B-1__AML026	AML026	NYU-1	P8	0.8
T CD4 Activated__AML026	AML026	NYU-1	P8	0.969
T CD4 Naive-1__AML026	AML026	NYU-1	P8	0.964
T CD8 Naive__AML026	AML026	NYU-1	P2	0.951
cDC2-1__AML026	AML026	NYU-1	P5	0.916
B Memory-1__AML028	AML028	NYU-1	P6	0.976
Classical-Mono__AML028	AML028	NYU-1	P14	0.936
ERP-8__AML028	AML028	NYU-1	P6	0.966
Erythroblast-3__AML028	AML028	NYU-1	P8	0.955
Intermediate Mono-1__AML028	AML028	NYU-1	P8	0.965
Intermediate Mono-3__AML028	AML028	NYU-1	P14	0.941
MAIT__AML028	AML028	NYU-1	P6	0.949
Mono-1__AML028	AML028	NYU-1	P8	0.919
Mono-2__AML028	AML028	NYU-1	P14	0.934
MultiLin-GMP-1__AML028	AML028	NYU-1	P8	0.923
Myeloid intermediate 3__AML028	AML028	NYU-1	P8	0.9
NK-Mature__AML028	AML028	NYU-1	P6	0.97
Non-Classical Mono-2__AML028	AML028	NYU-1	P5	0.963
T CD4 Naive-1__AML028	AML028	NYU-1	P8	0.963
Transitional-B-1__AML028	AML028	NYU-1	P8	0.952
pre-B__AML028	AML028	NYU-1	P8	0.966
B Memory-1__AML0310	AML0310	NYU-1	P7	0.957
CD4 TCM__AML0310	AML0310	NYU-1	P7	0.948
Classical-Mono__AML0310	AML0310	NYU-1	P6	0.954
Erythroblast-3__AML0310	AML0310	NYU-1	P7	0.965
Intermediate Mono-1__AML0310	AML0310	NYU-1	P3	0.955
Intermediate Mono-2__AML0310	AML0310	NYU-1	P3	0.955
Intermediate Mono-3__AML0310	AML0310	NYU-1	P9	0.956
LMPP-2__AML0310	AML0310	NYU-1	P10	0.938
MAIT__AML0310	AML0310	NYU-1	P7	0.92
MPP-MEP__AML0310	AML0310	NYU-1	P10	0.948
Mono-2__AML0310	AML0310	NYU-1	P8	0.958
MultiLin-GMP-1__AML0310	AML0310	NYU-1	P10	0.962
Non-Classical Mono-2__AML0310	AML0310	NYU-1	P3	0.929
cDC2-1__AML0310	AML0310	NYU-1	P8	0.954
cDC2-2__AML0310	AML0310	NYU-1	P3	0.942
B Memory-1__AML033	AML033	NYU-1	P6	0.981
CD4 TCM__AML033	AML033	NYU-1	P7	0.977
CD8 TEM__AML033	AML033	NYU-1	P6	0.978
ERP-7__AML033	AML033	NYU-1	P7	0.967
ERP-8__AML033	AML033	NYU-1	P7	0.975
Erythroblast-1__AML033	AML033	NYU-1	P7	0.965
Erythroblast-3__AML033	AML033	NYU-1	P6	0.967
Intermediate Mono-1__AML033	AML033	NYU-1	P3	0.925
Intermediate Mono-3__AML033	AML033	NYU-1	P14	0.951
LMPP-2__AML033	AML033	NYU-1	P8	0.888
MAIT__AML033	AML033	NYU-1	P7	0.977
MDP-1__AML033	AML033	NYU-1	P14	0.877
MPP-MEP__AML033	AML033	NYU-1	P10	0.964
Mono-1__AML033	AML033	NYU-1	P5	0.946
MultiLin-GMP-1__AML033	AML033	NYU-1	P5	0.911
Myeloid intermediate 3__AML033	AML033	NYU-1	P15	0.925
NK-Mature__AML033	AML033	NYU-1	P6	0.98
Plasma Cell__AML033	AML033	NYU-1	P7	0.971
T CD4 Activated__AML033	AML033	NYU-1	P7	0.96
T CD4 Naive-1__AML033	AML033	NYU-1	P6	0.984
T CD8 Naive__AML033	AML033	NYU-1	P6	0.98
cDC1__AML033	AML033	NYU-1	P15	0.918
cMOP__AML033	AML033	NYU-1	P5	0.926
pre-DC-1__AML033	AML033	NYU-1	P7	0.879
pre-DC-3__AML033	AML033	NYU-1	P7	0.867
preNeu__AML033	AML033	NYU-1	P13	0.933
B Memory-1__AML0361	AML0361	NYU-1	P9	0.916
CD4 TCM__AML0361	AML0361	NYU-1	P2	0.948
CD8 TEM__AML0361	AML0361	NYU-1	P2	0.931
CLP__AML0361	AML0361	NYU-1	P8	0.876
Classical-Mono__AML0361	AML0361	NYU-1	P8	0.925
Erythroblast-3__AML0361	AML0361	NYU-1	P8	0.9
Intermediate Mono-1__AML0361	AML0361	NYU-1	P8	0.957
Intermediate Mono-2__AML0361	AML0361	NYU-1	P8	0.96
Intermediate Mono-3__AML0361	AML0361	NYU-1	P8	0.963
LMPP-1-cycling__AML0361	AML0361	NYU-1	P9	0.964
LMPP-2__AML0361	AML0361	NYU-1	P8	0.957
MAIT__AML0361	AML0361	NYU-1	P2	0.958
MDP-1__AML0361	AML0361	NYU-1	P8	0.938
MDP-2__AML0361	AML0361	NYU-1	P8	0.951
MEP-1__AML0361	AML0361	NYU-1	P8	0.93
MEP-2__AML0361	AML0361	NYU-1	P8	0.941
MPP-1__AML0361	AML0361	NYU-1	P9	0.95
MPP-MEP__AML0361	AML0361	NYU-1	P9	0.957
Mono-1__AML0361	AML0361	NYU-1	P8	0.929
Mono-2__AML0361	AML0361	NYU-1	P8	0.949
MultiLin-GMP-1__AML0361	AML0361	NYU-1	P9	0.963
Multilin-1__AML0361	AML0361	NYU-1	P10	0.964
NK-Mature__AML0361	AML0361	NYU-1	P2	0.943
Non-Classical Mono-2__AML0361	AML0361	NYU-1	P8	0.945
Plasma Cell__AML0361	AML0361	NYU-1	P8	0.962
T CD4 Naive-1__AML0361	AML0361	NYU-1	P8	0.909
cDC1__AML0361	AML0361	NYU-1	P8	0.968
cDC2-1__AML0361	AML0361	NYU-1	P8	0.966
cDC2-2__AML0361	AML0361	NYU-1	P8	0.966
pDC__AML0361	AML0361	NYU-1	P1	0.941
pre-DC-1__AML0361	AML0361	NYU-1	P8	0.951
pre-DC-2__AML0361	AML0361	NYU-1	P8	0.959
pre-DC-3__AML0361	AML0361	NYU-1	P8	0.962
B Memory-1__AML038	AML038	NYU-1	P8	0.977
Classical-Mono__AML038	AML038	NYU-1	P14	0.967
Erythroblast-1__AML038	AML038	NYU-1	P8	0.95
Erythroblast-3__AML038	AML038	NYU-1	P8	0.949
Intermediate Mono-1__AML038	AML038	NYU-1	P14	0.952
Intermediate Mono-3__AML038	AML038	NYU-1	P14	0.967
LMPP-1-cycling__AML038	AML038	NYU-1	P14	0.949
LMPP-2__AML038	AML038	NYU-1	P14	0.932
MDP-1__AML038	AML038	NYU-1	P14	0.914
MEP-2__AML038	AML038	NYU-1	P14	0.951
MPP-MEP__AML038	AML038	NYU-1	P14	0.958
Mono-1__AML038	AML038	NYU-1	P14	0.961
Mono-2__AML038	AML038	NYU-1	P14	0.968
Myeloid intermediate 3__AML038	AML038	NYU-1	P14	0.949
NK-Mature__AML038	AML038	NYU-1	P8	0.961
Non-Classical Mono-2__AML038	AML038	NYU-1	P14	0.954
cDC1__AML038	AML038	NYU-1	P14	0.945
B Memory-1__AML043	AML043	NYU-1	P8	0.982
CD4 TCM__AML043	AML043	NYU-1	P2	0.948
CD8 TEM__AML043	AML043	NYU-1	P2	0.953
Classical-Mono__AML043	AML043	NYU-1	P8	0.977
ERP-1__AML043	AML043	NYU-1	P8	0.962
ERP-5__AML043	AML043	NYU-1	P8	0.968
ERP-7__AML043	AML043	NYU-1	P8	0.968
ERP-8__AML043	AML043	NYU-1	P8	0.977
Erythroblast-3__AML043	AML043	NYU-1	P8	0.965
Intermediate Mono-1__AML043	AML043	NYU-1	P8	0.976
Intermediate Mono-2__AML043	AML043	NYU-1	P8	0.971
Intermediate Mono-3__AML043	AML043	NYU-1	P8	0.977
LMPP-1-cycling__AML043	AML043	NYU-1	P8	0.951
MAIT__AML043	AML043	NYU-1	P8	0.961
MDP-1__AML043	AML043	NYU-1	P8	0.95
MEP-2__AML043	AML043	NYU-1	P8	0.968
MEP-Eryth-1__AML043	AML043	NYU-1	P8	0.959
MEP-Eryth-2__AML043	AML043	NYU-1	P8	0.963
MPP-1__AML043	AML043	NYU-1	P8	0.948
MPP-MEP__AML043	AML043	NYU-1	P8	0.974
Mono-2__AML043	AML043	NYU-1	P8	0.979
MultiLin-GMP-1__AML043	AML043	NYU-1	P8	0.971
Multilin-1__AML043	AML043	NYU-1	P8	0.955
Myeloid intermediate 3__AML043	AML043	NYU-1	P8	0.948
NK-Mature__AML043	AML043	NYU-1	P8	0.968
Non-Classical Mono-2__AML043	AML043	NYU-1	P8	0.96
T CD4 Naive-1__AML043	AML043	NYU-1	P8	0.977
T CD8 Naive__AML043	AML043	NYU-1	P8	0.948
cDC1__AML043	AML043	NYU-1	P8	0.949
cDC2-1__AML043	AML043	NYU-1	P8	0.97
cDC2-2__AML043	AML043	NYU-1	P8	0.971
cMOP__AML043	AML043	NYU-1	P8	0.948
immNeu-1__AML043	AML043	NYU-1	P8	0.94
pDC__AML043	AML043	NYU-1	P8	0.967
pre-B__AML043	AML043	NYU-1	P8	0.963
preNeu__AML043	AML043	NYU-1	P8	0.959
B Memory-1__AML048	AML048	NYU-1	P2	0.987
B Memory-2__AML048	AML048	NYU-1	P2	0.961
CD4 TCM__AML048	AML048	NYU-1	P2	0.977
CD8 TEM__AML048	AML048	NYU-1	P2	0.953
Erythroblast-3__AML048	AML048	NYU-1	P2	0.961
Intermediate Mono-1__AML048	AML048	NYU-1	P0	0.953
Intermediate Mono-3__AML048	AML048	NYU-1	P8	0.965
MAIT__AML048	AML048	NYU-1	P7	0.972
MEP-Eryth-2__AML048	AML048	NYU-1	P14	0.9
Mono-1__AML048	AML048	NYU-1	P5	0.957
Mono-2__AML048	AML048	NYU-1	P8	0.955
MultiLin-GMP-1__AML048	AML048	NYU-1	P8	0.942
Myeloid intermediate 3__AML048	AML048	NYU-1	P8	0.916
NK-Mature__AML048	AML048	NYU-1	P2	0.975
Plasma Cell__AML048	AML048	NYU-1	P2	0.926
T CD4 Activated__AML048	AML048	NYU-1	P9	0.947
T CD4 Naive-1__AML048	AML048	NYU-1	P8	0.973
T CD8 Naive__AML048	AML048	NYU-1	P2	0.968
B Memory-1__AML051	AML051	NYU-1	P5	0.972
B Memory-2__AML051	AML051	NYU-1	P2	0.918
CD4 TCM__AML051	AML051	NYU-1	P8	0.944
CD8 TEM__AML051	AML051	NYU-1	P2	0.884
Erythroblast-3__AML051	AML051	NYU-1	P8	0.959
Intermediate Mono-3__AML051	AML051	NYU-1	P5	0.928
LMPP-2__AML051	AML051	NYU-1	P8	0.896
MAIT__AML051	AML051	NYU-1	P2	0.88
MEP-2__AML051	AML051	NYU-1	P8	0.936
MPP-MEP__AML051	AML051	NYU-1	P8	0.936
MultiLin-GMP-1__AML051	AML051	NYU-1	P5	0.916
NK-Mature__AML051	AML051	NYU-1	P2	0.947
Non-Classical Mono-2__AML051	AML051	NYU-1	P7	0.873
T CD4 Activated__AML051	AML051	NYU-1	P5	0.957
T CD4 Naive-1__AML051	AML051	NYU-1	P8	0.967
T CD8 Naive__AML051	AML051	NYU-1	P2	0.944
cDC2-1__AML051	AML051	NYU-1	P5	0.902
B Memory-1__AML052	AML052	NYU-1	P2	0.979
B Memory-2__AML052	AML052	NYU-1	P2	0.97
CD8 TEM__AML052	AML052	NYU-1	P2	0.925
Classical-Mono__AML052	AML052	NYU-1	P7	0.959
ERP-1__AML052	AML052	NYU-1	P6	0.893
Erythroblast-2__AML052	AML052	NYU-1	P7	0.885
Erythroblast-3__AML052	AML052	NYU-1	P2	0.938
Intermediate Mono-1__AML052	AML052	NYU-1	P7	0.969
Intermediate Mono-2__AML052	AML052	NYU-1	P2	0.956
Intermediate Mono-3__AML052	AML052	NYU-1	P7	0.976
LMPP-1-cycling__AML052	AML052	NYU-1	P7	0.964
MAIT__AML052	AML052	NYU-1	P2	0.907
MEP-2__AML052	AML052	NYU-1	P7	0.98
MEP-Eryth-2__AML052	AML052	NYU-1	P7	0.907
MKP-early__AML052	AML052	NYU-1	P7	0.985
MKP-late__AML052	AML052	NYU-1	P7	0.975
MPP-MEP__AML052	AML052	NYU-1	P7	0.972
Mono-2__AML052	AML052	NYU-1	P6	0.946
MultiLin-GMP-1__AML052	AML052	NYU-1	P7	0.918
NK-Mature__AML052	AML052	NYU-1	P7	0.947
Non-Classical Mono-2__AML052	AML052	NYU-1	P2	0.958
preNeu__AML052	AML052	NYU-1	P7	0.958
B Memory-1__AML055	AML055	NYU-1	P2	0.976
B Memory-2__AML055	AML055	NYU-1	P2	0.946
CD4 TCM__AML055	AML055	NYU-1	P2	0.974
CD8 TEM__AML055	AML055	NYU-1	P2	0.964
Erythroblast-3__AML055	AML055	NYU-1	P14	0.94
Intermediate Mono-1__AML055	AML055	NYU-1	P8	0.927
Intermediate Mono-3__AML055	AML055	NYU-1	P8	0.945
LMPP-1-cycling__AML055	AML055	NYU-1	P10	0.935
MAIT__AML055	AML055	NYU-1	P7	0.967
MEP-2__AML055	AML055	NYU-1	P10	0.943
MPP-MEP__AML055	AML055	NYU-1	P10	0.949
Mono-1__AML055	AML055	NYU-1	P8	0.939
MultiLin-GMP-1__AML055	AML055	NYU-1	P7	0.917
NK-Mature__AML055	AML055	NYU-1	P2	0.957
T CD4 Activated__AML055	AML055	NYU-1	P2	0.969
T CD4 Naive-1__AML055	AML055	NYU-1	P2	0.977
T CD8 Naive__AML055	AML055	NYU-1	P2	0.969
preNeu__AML055	AML055	NYU-1	P10	0.948
B Memory-1__AML056	AML056	NYU-1	P8	0.982
B Memory-2__AML056	AML056	NYU-1	P8	0.97
CD4 TCM__AML056	AML056	NYU-1	P8	0.963
CD8 TEM__AML056	AML056	NYU-1	P8	0.963
Classical-Mono__AML056	AML056	NYU-1	P8	0.973
ERP-8__AML056	AML056	NYU-1	P8	0.965
Erythroblast-1__AML056	AML056	NYU-1	P8	0.956
Erythroblast-3__AML056	AML056	NYU-1	P8	0.96
Intermediate Mono-1__AML056	AML056	NYU-1	P8	0.979
Intermediate Mono-2__AML056	AML056	NYU-1	P8	0.974
Intermediate Mono-3__AML056	AML056	NYU-1	P8	0.979
LMPP-2__AML056	AML056	NYU-1	P8	0.961
MAIT__AML056	AML056	NYU-1	P8	0.956
MEP-Eryth-2__AML056	AML056	NYU-1	P8	0.957
MPP-MEP__AML056	AML056	NYU-1	P8	0.958
Mono-2__AML056	AML056	NYU-1	P8	0.971
MultiLin-GMP-1__AML056	AML056	NYU-1	P8	0.943
NK-Mature__AML056	AML056	NYU-1	P8	0.974
Non-Classical Mono-2__AML056	AML056	NYU-1	P8	0.97
Pro-B-cycling-1__AML056	AML056	NYU-1	P8	0.955
T CD4 Activated__AML056	AML056	NYU-1	P8	0.933
T CD4 Naive-1__AML056	AML056	NYU-1	P8	0.97
Transitional-B-1__AML056	AML056	NYU-1	P8	0.962
cDC1__AML056	AML056	NYU-1	P8	0.959
cDC2-1__AML056	AML056	NYU-1	P8	0.968
cDC2-2__AML056	AML056	NYU-1	P8	0.97
immNeu-1__AML056	AML056	NYU-1	P2	0.909
pDC__AML056	AML056	NYU-1	P8	0.967
pre-B__AML056	AML056	NYU-1	P8	0.97
pre-DC-2__AML056	AML056	NYU-1	P8	0.967
pre-DC-3__AML056	AML056	NYU-1	P8	0.963
preNeu__AML056	AML056	NYU-1	P8	0.933
B Memory-1__AML0612	AML0612	NYU-1	P7	0.977
CD4 TCM__AML0612	AML0612	NYU-1	P6	0.984
CD8 TEM__AML0612	AML0612	NYU-1	P7	0.979
CLP__AML0612	AML0612	NYU-1	P10	0.922
Erythroblast-1__AML0612	AML0612	NYU-1	P8	0.964
Erythroblast-3__AML0612	AML0612	NYU-1	P6	0.971
Intermediate Mono-3__AML0612	AML0612	NYU-1	P8	0.967
LMPP-1__AML0612	AML0612	NYU-1	P10	0.967
LMPP-1-cycling__AML0612	AML0612	NYU-1	P10	0.969
LMPP-2__AML0612	AML0612	NYU-1	P10	0.961
MAIT__AML0612	AML0612	NYU-1	P7	0.985
MDP-1__AML0612	AML0612	NYU-1	P10	0.945
MEP-1__AML0612	AML0612	NYU-1	P10	0.945
MEP-2__AML0612	AML0612	NYU-1	P10	0.968
MPP-1__AML0612	AML0612	NYU-1	P10	0.963
MPP-2__AML0612	AML0612	NYU-1	P8	0.954
MPP-MEP__AML0612	AML0612	NYU-1	P10	0.968
MultiLin-GMP-1__AML0612	AML0612	NYU-1	P7	0.955
Multilin-1__AML0612	AML0612	NYU-1	P10	0.961
Multilin-2__AML0612	AML0612	NYU-1	P10	0.947
NK-Mature__AML0612	AML0612	NYU-1	P7	0.981
T CD4 Activated__AML0612	AML0612	NYU-1	P6	0.982
T CD4 Naive-1__AML0612	AML0612	NYU-1	P7	0.982
B Memory-1__AML0656	AML0656	NYU-1	P8	0.976
CD4 TCM__AML0656	AML0656	NYU-1	P8	0.976
CD8 TEM__AML0656	AML0656	NYU-1	P8	0.984
Erythroblast-3__AML0656	AML0656	NYU-1	P8	0.882
Intermediate Mono-1__AML0656	AML0656	NYU-1	P8	0.954
Intermediate Mono-3__AML0656	AML0656	NYU-1	P8	0.975
LMPP-2__AML0656	AML0656	NYU-1	P6	0.908
MAIT__AML0656	AML0656	NYU-1	P8	0.985
MPP-1__AML0656	AML0656	NYU-1	P8	0.954
MPP-MEP__AML0656	AML0656	NYU-1	P8	0.965
MultiLin-GMP-1__AML0656	AML0656	NYU-1	P6	0.969
NK-Mature__AML0656	AML0656	NYU-1	P8	0.988
Non-Classical Mono-2__AML0656	AML0656	NYU-1	P8	0.95
T CD4 Activated__AML0656	AML0656	NYU-1	P8	0.943
T CD4 Naive-1__AML0656	AML0656	NYU-1	P8	0.959
B Memory-1__AML0693	AML0693	NYU-1	P8	0.969
B Memory-2__AML0693	AML0693	NYU-1	P8	0.87
CD4 TCM__AML0693	AML0693	NYU-1	P8	0.958
CD8 TEM__AML0693	AML0693	NYU-1	P8	0.961
Classical-Mono__AML0693	AML0693	NYU-1	P8	0.926
ERP-1__AML0693	AML0693	NYU-1	P8	0.945
ERP-5__AML0693	AML0693	NYU-1	P8	0.947
ERP-6__AML0693	AML0693	NYU-1	P8	0.936
ERP-7__AML0693	AML0693	NYU-1	P3	0.958
ERP-8__AML0693	AML0693	NYU-1	P7	0.967
Erythroblast-3__AML0693	AML0693	NYU-1	P8	0.908
Intermediate Mono-1__AML0693	AML0693	NYU-1	P8	0.941
Intermediate Mono-3__AML0693	AML0693	NYU-1	P14	0.943
LMPP-1-cycling__AML0693	AML0693	NYU-1	P3	0.929
MAIT__AML0693	AML0693	NYU-1	P8	0.959
MEP-2__AML0693	AML0693	NYU-1	P8	0.954
MPP-1__AML0693	AML0693	NYU-1	P8	0.948
MPP-MEP__AML0693	AML0693	NYU-1	P8	0.947
Mono-1__AML0693	AML0693	NYU-1	P14	0.936
Mono-2__AML0693	AML0693	NYU-1	P8	0.934
MultiLin-GMP-1__AML0693	AML0693	NYU-1	P8	0.912
NK-Mature__AML0693	AML0693	NYU-1	P8	0.947
Non-Classical Mono-2__AML0693	AML0693	NYU-1	P8	0.942
Plasma Cell__AML0693	AML0693	NYU-1	P8	0.97
T CD4 Activated__AML0693	AML0693	NYU-1	P8	0.96
T CD4 Naive-1__AML0693	AML0693	NYU-1	P8	0.969
cMOP__AML0693	AML0693	NYU-1	P8	0.881
immNeu-1__AML0693	AML0693	NYU-1	P2	0.881
pDC__AML0693	AML0693	NYU-1	P8	0.938
preNeu__AML0693	AML0693	NYU-1	P8	0.933
B Memory-1__AML073	AML073	NYU-1	P2	0.984
B Memory-2__AML073	AML073	NYU-1	P8	0.971
CD4 TCM__AML073	AML073	NYU-1	P6	0.978
CD8 TEM__AML073	AML073	NYU-1	P6	0.973
Classical-Mono__AML073	AML073	NYU-1	P5	0.965
ERP-8__AML073	AML073	NYU-1	P8	0.945
Erythroblast-2__AML073	AML073	NYU-1	P8	0.881
Erythroblast-3__AML073	AML073	NYU-1	P6	0.977
Intermediate Mono-1__AML073	AML073	NYU-1	P2	0.964
Intermediate Mono-2__AML073	AML073	NYU-1	P5	0.967
Intermediate Mono-3__AML073	AML073	NYU-1	P5	0.97
LMPP-1-cycling__AML073	AML073	NYU-1	P6	0.921
MAIT__AML073	AML073	NYU-1	P6	0.98
MEP-2__AML073	AML073	NYU-1	P6	0.885
MEP-Eryth-2__AML073	AML073	NYU-1	P8	0.931
MPP-MEP__AML073	AML073	NYU-1	P6	0.924
Mono-1__AML073	AML073	NYU-1	P0	0.954
MultiLin-GMP-1__AML073	AML073	NYU-1	P6	0.956
MultiLin-GMP-2__AML073	AML073	NYU-1	P6	0.918
Multilin-1__AML073	AML073	NYU-1	P15	0.911
NK-Mature__AML073	AML073	NYU-1	P6	0.981
Non-Classical Mono-2__AML073	AML073	NYU-1	P0	0.935
T CD4 Activated__AML073	AML073	NYU-1	P6	0.939
T CD4 Naive-1__AML073	AML073	NYU-1	P8	0.964
T CD8 Naive__AML073	AML073	NYU-1	P8	0.949
BMCP-1__AML10	AML10	Columbia	P1	0.903
Intermediate Mono-1__AML10	AML10	Columbia	P2	0.885
LMPP-1__AML10	AML10	Columbia	P2	0.965
LMPP-1-cycling__AML10	AML10	Columbia	P2	0.968
LMPP-2__AML10	AML10	Columbia	P2	0.967
MDP-2__AML10	AML10	Columbia	P2	0.957
MEP-1__AML10	AML10	Columbia	P2	0.956
MEP-2__AML10	AML10	Columbia	P10	0.948
MPP-1__AML10	AML10	Columbia	P2	0.97
MPP-2__AML10	AML10	Columbia	P2	0.972
MPP-MEP__AML10	AML10	Columbia	P2	0.96
MultiLin-GMP-1__AML10	AML10	Columbia	P2	0.953
MultiLin-GMP-2__AML10	AML10	Columbia	P2	0.962
MultiLin-GMP-3__AML10	AML10	Columbia	P2	0.957
Multilin-1__AML10	AML10	Columbia	P2	0.961
Multilin-2__AML10	AML10	Columbia	P2	0.95
Myeloid intermediate 1__AML10	AML10	Columbia	P11	0.953
Myeloid intermediate 2__AML10	AML10	Columbia	P7	0.949
Myeloid intermediate 3__AML10	AML10	Columbia	P11	0.952
immNeu-1__AML10	AML10	Columbia	P2	0.947
pre-DC-2__AML10	AML10	Columbia	P7	0.922
preNeu__AML10	AML10	Columbia	P11	0.963
BMCP-1__AML11	AML11	Columbia	P2	0.913
LMPP-1__AML11	AML11	Columbia	P11	0.948
LMPP-1-cycling__AML11	AML11	Columbia	P11	0.937
MDP-2__AML11	AML11	Columbia	P11	0.945
MPP-MEP__AML11	AML11	Columbia	P9	0.937
MultiLin-GMP-1__AML11	AML11	Columbia	P9	0.912
MultiLin-GMP-2__AML11	AML11	Columbia	P10	0.945
MultiLin-GMP-3__AML11	AML11	Columbia	P10	0.943
Multilin-1__AML11	AML11	Columbia	P11	0.948
Myeloid intermediate 2__AML11	AML11	Columbia	P10	0.945
Myeloid intermediate 3__AML11	AML11	Columbia	P11	0.941
cDC1__AML11	AML11	Columbia	P10	0.938
preNeu__AML11	AML11	Columbia	P11	0.95
LMPP-1__AML12	AML12	Columbia	P11	0.965
LMPP-1-cycling__AML12	AML12	Columbia	P11	0.964
LMPP-2__AML12	AML12	Columbia	P11	0.942
MDP-1__AML12	AML12	Columbia	P11	0.881
MDP-2__AML12	AML12	Columbia	P11	0.96
MEP-2__AML12	AML12	Columbia	P11	0.959
MEP-Eryth-2__AML12	AML12	Columbia	P11	0.944
MPP-MEP__AML12	AML12	Columbia	P11	0.967
MultiLin-GMP-1__AML12	AML12	Columbia	P11	0.945
MultiLin-GMP-2__AML12	AML12	Columbia	P11	0.97
MultiLin-GMP-3__AML12	AML12	Columbia	P11	0.953
Multilin-2__AML12	AML12	Columbia	P11	0.963
Myeloid intermediate 1__AML12	AML12	Columbia	P11	0.957
Myeloid intermediate 2__AML12	AML12	Columbia	P11	0.96
Myeloid intermediate 3__AML12	AML12	Columbia	P11	0.955
immNeu-1__AML12	AML12	Columbia	P11	0.962
preNeu__AML12	AML12	Columbia	P11	0.973
B Memory-1__AML1371	AML1371	NYU-1	P7	0.977
B Memory-2__AML1371	AML1371	NYU-1	P6	0.984
CD4 TCM__AML1371	AML1371	NYU-1	P7	0.985
CD8 TEM__AML1371	AML1371	NYU-1	P7	0.987
Classical-Mono__AML1371	AML1371	NYU-1	P7	0.972
Erythroblast-1__AML1371	AML1371	NYU-1	P6	0.941
Erythroblast-3__AML1371	AML1371	NYU-1	P2	0.933
Intermediate Mono-1__AML1371	AML1371	NYU-1	P7	0.967
Intermediate Mono-2__AML1371	AML1371	NYU-1	P7	0.979
Intermediate Mono-3__AML1371	AML1371	NYU-1	P12	0.969
LMPP-2__AML1371	AML1371	NYU-1	P12	0.915
MAIT__AML1371	AML1371	NYU-1	P6	0.984
MDP-1__AML1371	AML1371	NYU-1	P14	0.904
MDP-2__AML1371	AML1371	NYU-1	P12	0.942
MPP-MEP__AML1371	AML1371	NYU-1	P14	0.95
Mono-1__AML1371	AML1371	NYU-1	P10	0.928
Mono-2__AML1371	AML1371	NYU-1	P2	0.961
MultiLin-GMP-1__AML1371	AML1371	NYU-1	P14	0.957
Myeloid intermediate 2__AML1371	AML1371	NYU-1	P7	0.944
NK-Mature__AML1371	AML1371	NYU-1	P7	0.985
Non-Classical Mono-2__AML1371	AML1371	NYU-1	P2	0.983
Plasma Cell__AML1371	AML1371	NYU-1	P6	0.97
T CD4 Naive-1__AML1371	AML1371	NYU-1	P7	0.977
T CD8 Naive__AML1371	AML1371	NYU-1	P7	0.95
cDC1__AML1371	AML1371	NYU-1	P12	0.951
cDC2-1__AML1371	AML1371	NYU-1	P5	0.969
cDC2-2__AML1371	AML1371	NYU-1	P7	0.978
pre-DC-2__AML1371	AML1371	NYU-1	P7	0.926
pre-DC-3__AML1371	AML1371	NYU-1	P2	0.957
ASDC__AML13	AML13	Columbia	P2	0.954
B Memory-1__AML13	AML13	Columbia	P9	0.9
BMCP-1__AML13	AML13	Columbia	P8	0.923
Intermediate Mono-2__AML13	AML13	Columbia	P8	0.959
Intermediate Mono-3__AML13	AML13	Columbia	P9	0.961
LMPP-1-cycling__AML13	AML13	Columbia	P13	0.964
LMPP-2__AML13	AML13	Columbia	P12	0.964
MDP-1__AML13	AML13	Columbia	P2	0.961
MDP-2__AML13	AML13	Columbia	P9	0.967
MDP-3__AML13	AML13	Columbia	P2	0.963
MDP-4__AML13	AML13	Columbia	P2	0.947
MDP-6__AML13	AML13	Columbia	P9	0.938
MEP-1__AML13	AML13	Columbia	P9	0.958
MEP-2__AML13	AML13	Columbia	P9	0.958
MEP-Eryth-2__AML13	AML13	Columbia	P9	0.955
MKP-early__AML13	AML13	Columbia	P8	0.936
MPP-1__AML13	AML13	Columbia	P9	0.958
MPP-2__AML13	AML13	Columbia	P8	0.956
MPP-MEP__AML13	AML13	Columbia	P9	0.966
MultiLin-GMP-1__AML13	AML13	Columbia	P12	0.963
Multilin-1__AML13	AML13	Columbia	P9	0.96
Myeloid intermediate 2__AML13	AML13	Columbia	P2	0.947
NK-Mature__AML13	AML13	Columbia	P2	0.938
cDC1__AML13	AML13	Columbia	P2	0.974
cDC2-1__AML13	AML13	Columbia	P9	0.964
cDC2-2__AML13	AML13	Columbia	P8	0.957
pDC__AML13	AML13	Columbia	P2	0.954
pre-DC-1__AML13	AML13	Columbia	P2	0.963
pre-DC-2__AML13	AML13	Columbia	P2	0.966
pre-DC-3__AML13	AML13	Columbia	P9	0.965
Intermediate Mono-1__AML14	AML14	Columbia	P0	0.941
Intermediate Mono-2__AML14	AML14	Columbia	P0	0.931
Intermediate Mono-3__AML14	AML14	Columbia	P0	0.933
LMPP-1-cycling__AML14	AML14	Columbia	P2	0.955
MPP-MEP__AML14	AML14	Columbia	P2	0.964
MultiLin-GMP-1__AML14	AML14	Columbia	P2	0.954
Multilin-1__AML14	AML14	Columbia	P12	0.951
Non-Classical Mono-2__AML14	AML14	Columbia	P0	0.941
B Memory-1__AML1540	AML1540	NYU-1	P14	0.927
CD4 TCM__AML1540	AML1540	NYU-1	P8	0.948
CD8 TEM__AML1540	AML1540	NYU-1	P8	0.952
Classical-Mono__AML1540	AML1540	NYU-1	P7	0.968
Intermediate Mono-1__AML1540	AML1540	NYU-1	P8	0.965
Intermediate Mono-2__AML1540	AML1540	NYU-1	P5	0.969
Intermediate Mono-3__AML1540	AML1540	NYU-1	P6	0.965
LMPP-1-cycling__AML1540	AML1540	NYU-1	P14	0.94
LMPP-2__AML1540	AML1540	NYU-1	P14	0.908
MDP-1__AML1540	AML1540	NYU-1	P14	0.898
MDP-3__AML1540	AML1540	NYU-1	P14	0.928
MEP-2__AML1540	AML1540	NYU-1	P14	0.935
MPP-1__AML1540	AML1540	NYU-1	P8	0.93
MPP-MEP__AML1540	AML1540	NYU-1	P14	0.955
Mono-1__AML1540	AML1540	NYU-1	P6	0.949
Mono-2__AML1540	AML1540	NYU-1	P7	0.965
Myeloid intermediate 3__AML1540	AML1540	NYU-1	P6	0.949
NK-Mature__AML1540	AML1540	NYU-1	P6	0.967
Non-Classical Mono-2__AML1540	AML1540	NYU-1	P8	0.959
Plasma Cell__AML1540	AML1540	NYU-1	P7	0.984
T CD4 Naive-1__AML1540	AML1540	NYU-1	P8	0.931
cDC1__AML1540	AML1540	NYU-1	P7	0.94
cDC2-1__AML1540	AML1540	NYU-1	P5	0.958
cDC2-2__AML1540	AML1540	NYU-1	P6	0.957
cMOP__AML1540	AML1540	NYU-1	P7	0.931
pDC__AML1540	AML1540	NYU-1	P8	0.957
pre-DC-1__AML1540	AML1540	NYU-1	P7	0.929
pre-DC-3__AML1540	AML1540	NYU-1	P10	0.918
B Memory-1__AML1552	AML1552	NYU-1	P8	0.958
CD4 TCM__AML1552	AML1552	NYU-1	P8	0.978
CD8 TEM__AML1552	AML1552	NYU-1	P6	0.977
Intermediate Mono-3__AML1552	AML1552	NYU-1	P8	0.981
MAIT__AML1552	AML1552	NYU-1	P6	0.973
MultiLin-GMP-1__AML1552	AML1552	NYU-1	P6	0.971
NK-Mature__AML1552	AML1552	NYU-1	P6	0.977
Non-Classical Mono-2__AML1552	AML1552	NYU-1	P8	0.956
T CD4 Activated__AML1552	AML1552	NYU-1	P8	0.963
T CD4 Naive-1__AML1552	AML1552	NYU-1	P8	0.944
B Memory-1__AML1896	AML1896	NYU-2	P8	0.974
CD4 TCM__AML1896	AML1896	NYU-2	P8	0.983
CD8 TEM__AML1896	AML1896	NYU-2	P8	0.982
Classical-Mono__AML1896	AML1896	NYU-2	P8	0.978
Erythroblast-1__AML1896	AML1896	NYU-2	P8	0.96
Erythroblast-3__AML1896	AML1896	NYU-2	P8	0.947
Intermediate Mono-1__AML1896	AML1896	NYU-2	P8	0.975
Intermediate Mono-2__AML1896	AML1896	NYU-2	P8	0.975
Intermediate Mono-3__AML1896	AML1896	NYU-2	P3	0.976
LMPP-1-cycling__AML1896	AML1896	NYU-2	P8	0.978
LMPP-2__AML1896	AML1896	NYU-2	P3	0.943
MAIT__AML1896	AML1896	NYU-2	P8	0.983
MDP-1__AML1896	AML1896	NYU-2	P3	0.947
MEP-2__AML1896	AML1896	NYU-2	P8	0.982
MPP-1__AML1896	AML1896	NYU-2	P8	0.981
MPP-MEP__AML1896	AML1896	NYU-2	P8	0.961
Mono-2__AML1896	AML1896	NYU-2	P3	0.975
MultiLin-GMP-1__AML1896	AML1896	NYU-2	P10	0.96
MultiLin-GMP-2__AML1896	AML1896	NYU-2	P8	0.964
Multilin-1__AML1896	AML1896	NYU-2	P8	0.96
Myeloid intermediate 2__AML1896	AML1896	NYU-2	P8	0.968
Myeloid intermediate 3__AML1896	AML1896	NYU-2	P8	0.96
NK-Mature__AML1896	AML1896	NYU-2	P8	0.98
Non-Classical Mono-2__AML1896	AML1896	NYU-2	P8	0.982
Plasma Cell__AML1896	AML1896	NYU-2	P7	0.976
T CD4 Activated__AML1896	AML1896	NYU-2	P8	0.98
T CD4 Naive-1__AML1896	AML1896	NYU-2	P8	0.978
T CD8 Naive__AML1896	AML1896	NYU-2	P8	0.966
cDC1__AML1896	AML1896	NYU-2	P14	0.941
cDC2-1__AML1896	AML1896	NYU-2	P8	0.971
cDC2-2__AML1896	AML1896	NYU-2	P8	0.969
preNeu__AML1896	AML1896	NYU-2	P8	0.966
B Memory-1__AML1	AML1	Columbia	P7	0.902
HSC-1__AML1	AML1	Columbia	P7	0.964
HSC-2__AML1	AML1	Columbia	P7	0.962
Intermediate Mono-1__AML1	AML1	Columbia	P3	0.889
LMPP-1__AML1	AML1	Columbia	P11	0.967
LMPP-1-cycling__AML1	AML1	Columbia	P11	0.958
LMPP-2__AML1	AML1	Columbia	P12	0.961
MDP-1__AML1	AML1	Columbia	P12	0.929
MDP-2__AML1	AML1	Columbia	P11	0.966
MEP-1__AML1	AML1	Columbia	P7	0.97
MEP-2__AML1	AML1	Columbia	P7	0.975
MEP-Eryth-1__AML1	AML1	Columbia	P7	0.958
MEP-Eryth-2__AML1	AML1	Columbia	P7	0.962
MKP-early__AML1	AML1	Columbia	P7	0.969
MPP-1__AML1	AML1	Columbia	P7	0.971
MPP-2__AML1	AML1	Columbia	P12	0.965
MPP-MEP__AML1	AML1	Columbia	P7	0.958
MultiLin-GMP-1__AML1	AML1	Columbia	P12	0.956
MultiLin-GMP-2__AML1	AML1	Columbia	P11	0.973
MultiLin-GMP-3__AML1	AML1	Columbia	P7	0.972
Multilin-1__AML1	AML1	Columbia	P7	0.971
Multilin-2__AML1	AML1	Columbia	P11	0.956
Myeloid intermediate 2__AML1	AML1	Columbia	P11	0.969
Myeloid intermediate 3__AML1	AML1	Columbia	P11	0.955
immNeu-1__AML1	AML1	Columbia	P6	0.94
pre-DC-2__AML1	AML1	Columbia	P11	0.921
preNeu__AML1	AML1	Columbia	P11	0.974
B Memory-1__AML2123	AML2123	NYU-1	P2	0.988
B Memory-2__AML2123	AML2123	NYU-1	P2	0.973
CD4 TCM__AML2123	AML2123	NYU-1	P6	0.987
CD8 TEM__AML2123	AML2123	NYU-1	P6	0.987
Classical-Mono__AML2123	AML2123	NYU-1	P8	0.976
ERP-1__AML2123	AML2123	NYU-1	P6	0.986
ERP-2__AML2123	AML2123	NYU-1	P6	0.982
ERP-4__AML2123	AML2123	NYU-1	P6	0.981
ERP-5__AML2123	AML2123	NYU-1	P6	0.98
ERP-6__AML2123	AML2123	NYU-1	P6	0.986
ERP-7__AML2123	AML2123	NYU-1	P6	0.986
ERP-8__AML2123	AML2123	NYU-1	P7	0.986
Erythroblast-1__AML2123	AML2123	NYU-1	P7	0.984
Erythroblast-2__AML2123	AML2123	NYU-1	P6	0.968
Erythroblast-3__AML2123	AML2123	NYU-1	P8	0.97
HSC-1__AML2123	AML2123	NYU-1	P3	0.94
HSC-2__AML2123	AML2123	NYU-1	P6	0.977
Intermediate Mono-1__AML2123	AML2123	NYU-1	P2	0.98
Intermediate Mono-2__AML2123	AML2123	NYU-1	P2	0.969
Intermediate Mono-3__AML2123	AML2123	NYU-1	P2	0.98
LMPP-1-cycling__AML2123	AML2123	NYU-1	P3	0.972
LMPP-2__AML2123	AML2123	NYU-1	P3	0.97
MAIT__AML2123	AML2123	NYU-1	P8	0.988
MDP-1__AML2123	AML2123	NYU-1	P3	0.958
MEP-1__AML2123	AML2123	NYU-1	P6	0.973
MEP-2__AML2123	AML2123	NYU-1	P6	0.986
MEP-Eryth-1__AML2123	AML2123	NYU-1	P6	0.972
MEP-Eryth-2__AML2123	AML2123	NYU-1	P6	0.971
MPP-1__AML2123	AML2123	NYU-1	P7	0.982
MPP-MEP__AML2123	AML2123	NYU-1	P3	0.973
MSC Fibroblast-1__AML2123	AML2123	NYU-1	P9	0.925
Mono-2__AML2123	AML2123	NYU-1	P0	0.966
MultiLin-GMP-1__AML2123	AML2123	NYU-1	P3	0.956
MultiLin-GMP-2__AML2123	AML2123	NYU-1	P6	0.96
Multilin-1__AML2123	AML2123	NYU-1	P7	0.974
Myeloid intermediate 1__AML2123	AML2123	NYU-1	P0	0.949
Myeloid intermediate 3__AML2123	AML2123	NYU-1	P14	0.953
NK-Mature__AML2123	AML2123	NYU-1	P2	0.985
Non-Classical Mono-1__AML2123	AML2123	NYU-1	P8	0.857
Non-Classical Mono-2__AML2123	AML2123	NYU-1	P2	0.974
Osteoblast__AML2123	AML2123	NYU-1	P9	0.922
Plasma Cell__AML2123	AML2123	NYU-1	P7	0.986
T CD4 Activated__AML2123	AML2123	NYU-1	P6	0.983
T CD4 Naive-1__AML2123	AML2123	NYU-1	P3	0.983
T CD8 Naive__AML2123	AML2123	NYU-1	P6	0.964
cDC2-1__AML2123	AML2123	NYU-1	P2	0.968
cDC2-2__AML2123	AML2123	NYU-1	P3	0.981
pre-B__AML2123	AML2123	NYU-1	P2	0.932
preNeu__AML2123	AML2123	NYU-1	P1	0.97
B Memory-1__AML22-Decitabine	AML22-Decitabine	NYU-1	P7	0.982
B Memory-2__AML22-Decitabine	AML22-Decitabine	NYU-1	P7	0.979
CD4 TCM__AML22-Decitabine	AML22-Decitabine	NYU-1	P2	0.928
CD8 TEM__AML22-Decitabine	AML22-Decitabine	NYU-1	P2	0.978
Classical-Mono__AML22-Decitabine	AML22-Decitabine	NYU-1	P5	0.977
Erythroblast-1__AML22-Decitabine	AML22-Decitabine	NYU-1	P14	0.878
Erythroblast-3__AML22-Decitabine	AML22-Decitabine	NYU-1	P6	0.944
Intermediate Mono-1__AML22-Decitabine	AML22-Decitabine	NYU-1	P7	0.94
Intermediate Mono-3__AML22-Decitabine	AML22-Decitabine	NYU-1	P5	0.971
LMPP-1-cycling__AML22-Decitabine	AML22-Decitabine	NYU-1	P12	0.961
MAIT__AML22-Decitabine	AML22-Decitabine	NYU-1	P7	0.966
MEP-2__AML22-Decitabine	AML22-Decitabine	NYU-1	P12	0.933
MPP-MEP__AML22-Decitabine	AML22-Decitabine	NYU-1	P12	0.961
Mono-1__AML22-Decitabine	AML22-Decitabine	NYU-1	P14	0.948
Mono-2__AML22-Decitabine	AML22-Decitabine	NYU-1	P5	0.965
NK-Mature__AML22-Decitabine	AML22-Decitabine	NYU-1	P7	0.98
Non-Classical Mono-2__AML22-Decitabine	AML22-Decitabine	NYU-1	P7	0.938
B Memory-1__AML2451	AML2451	NYU-1	P6	0.986
CD4 TCM__AML2451	AML2451	NYU-1	P2	0.976
CD8 TEM__AML2451	AML2451	NYU-1	P7	0.972
Classical-Mono__AML2451	AML2451	NYU-1	P5	0.964
Intermediate Mono-1__AML2451	AML2451	NYU-1	P8	0.967
Intermediate Mono-2__AML2451	AML2451	NYU-1	P5	0.959
Intermediate Mono-3__AML2451	AML2451	NYU-1	P5	0.966
MAIT__AML2451	AML2451	NYU-1	P7	0.973
MEP-2__AML2451	AML2451	NYU-1	P14	0.941
MPP-MEP__AML2451	AML2451	NYU-1	P14	0.94
Mono-2__AML2451	AML2451	NYU-1	P14	0.974
MultiLin-GMP-1__AML2451	AML2451	NYU-1	P5	0.978
NK-Mature__AML2451	AML2451	NYU-1	P5	0.969
Non-Classical Mono-2__AML2451	AML2451	NYU-1	P14	0.941
T CD4 Activated__AML2451	AML2451	NYU-1	P8	0.948
T CD4 Naive-1__AML2451	AML2451	NYU-1	P6	0.943
ASDC__AML2910	AML2910	NYU-1	P14	0.948
B Memory-1__AML2910	AML2910	NYU-1	P8	0.953
CD4 TCM__AML2910	AML2910	NYU-1	P3	0.923
CD8 TEM__AML2910	AML2910	NYU-1	P8	0.931
CLP__AML2910	AML2910	NYU-1	P1	0.957
Classical-Mono__AML2910	AML2910	NYU-1	P1	0.961
ERP-8__AML2910	AML2910	NYU-1	P8	0.974
Erythroblast-1__AML2910	AML2910	NYU-1	P8	0.954
Intermediate Mono-1__AML2910	AML2910	NYU-1	P3	0.964
Intermediate Mono-2__AML2910	AML2910	NYU-1	P1	0.968
Intermediate Mono-3__AML2910	AML2910	NYU-1	P1	0.971
LMPP-1-cycling__AML2910	AML2910	NYU-1	P10	0.962
LMPP-2__AML2910	AML2910	NYU-1	P1	0.966
MDP-1__AML2910	AML2910	NYU-1	P1	0.96
MDP-2__AML2910	AML2910	NYU-1	P1	0.968
MDP-3__AML2910	AML2910	NYU-1	P1	0.965
MDP-4__AML2910	AML2910	NYU-1	P7	0.951
MDP-5__AML2910	AML2910	NYU-1	P7	0.932
MDP-6__AML2910	AML2910	NYU-1	P1	0.959
MEP-2__AML2910	AML2910	NYU-1	P1	0.934
MPP-1__AML2910	AML2910	NYU-1	P10	0.955
MPP-MEP__AML2910	AML2910	NYU-1	P1	0.966
Mono-1__AML2910	AML2910	NYU-1	P0	0.949
Mono-2__AML2910	AML2910	NYU-1	P7	0.964
MultiLin-GMP-1__AML2910	AML2910	NYU-1	P2	0.961
Multilin-1__AML2910	AML2910	NYU-1	P1	0.962
Multilin-2__AML2910	AML2910	NYU-1	P1	0.96
Myeloid intermediate 2__AML2910	AML2910	NYU-1	P1	0.963
NK-Mature__AML2910	AML2910	NYU-1	P3	0.927
Non-Classical Mono-2__AML2910	AML2910	NYU-1	P8	0.958
Plasma Cell__AML2910	AML2910	NYU-1	P1	0.949
Pro-B-Early-cycling__AML2910	AML2910	NYU-1	P1	0.946
Pro-B-cycling-1__AML2910	AML2910	NYU-1	P8	0.914
cDC1__AML2910	AML2910	NYU-1	P1	0.975
cDC2-1__AML2910	AML2910	NYU-1	P8	0.964
cDC2-2__AML2910	AML2910	NYU-1	P8	0.962
cMOP__AML2910	AML2910	NYU-1	P8	0.941
pDC__AML2910	AML2910	NYU-1	P1	0.963
pre-DC-1__AML2910	AML2910	NYU-1	P3	0.963
pre-DC-2__AML2910	AML2910	NYU-1	P3	0.965
pre-DC-3__AML2910	AML2910	NYU-1	P8	0.961
B Memory-1__AML2	AML2	Columbia	P2	0.903
BMCP-1__AML2	AML2	Columbia	P11	0.942
HSC-1__AML2	AML2	Columbia	P2	0.964
HSC-2__AML2	AML2	Columbia	P2	0.965
Intermediate Mono-1__AML2	AML2	Columbia	P2	0.889
LMPP-1__AML2	AML2	Columbia	P2	0.969
LMPP-1-cycling__AML2	AML2	Columbia	P2	0.961
MDP-2__AML2	AML2	Columbia	P11	0.936
MEP-1__AML2	AML2	Columbia	P2	0.956
MEP-2__AML2	AML2	Columbia	P2	0.962
MKP-early__AML2	AML2	Columbia	P7	0.958
MPP-1__AML2	AML2	Columbia	P2	0.961
MPP-2__AML2	AML2	Columbia	P2	0.964
MPP-MEP__AML2	AML2	Columbia	P7	0.961
MultiLin-GMP-1__AML2	AML2	Columbia	P8	0.908
Myeloid intermediate 1__AML2	AML2	Columbia	P11	0.945
Myeloid intermediate 3__AML2	AML2	Columbia	P11	0.934
immNeu-1__AML2	AML2	Columbia	P11	0.928
preNeu__AML2	AML2	Columbia	P11	0.951
B Memory-1__AML3050	AML3050	NYU-1	P2	0.968
B Memory-2__AML3050	AML3050	NYU-1	P2	0.886
CD4 TCM__AML3050	AML3050	NYU-1	P2	0.968
CD8 TEM__AML3050	AML3050	NYU-1	P2	0.962
CLP__AML3050	AML3050	NYU-1	P8	0.856
Classical-Mono__AML3050	AML3050	NYU-1	P8	0.959
ERP-1__AML3050	AML3050	NYU-1	P8	0.953
ERP-5__AML3050	AML3050	NYU-1	P8	0.953
ERP-6__AML3050	AML3050	NYU-1	P6	0.962
ERP-7__AML3050	AML3050	NYU-1	P6	0.971
ERP-8__AML3050	AML3050	NYU-1	P6	0.978
Erythroblast-3__AML3050	AML3050	NYU-1	P8	0.931
Intermediate Mono-1__AML3050	AML3050	NYU-1	P8	0.969
Intermediate Mono-2__AML3050	AML3050	NYU-1	P8	0.961
Intermediate Mono-3__AML3050	AML3050	NYU-1	P8	0.974
LMPP-1-cycling__AML3050	AML3050	NYU-1	P9	0.927
LMPP-2__AML3050	AML3050	NYU-1	P8	0.911
MAIT__AML3050	AML3050	NYU-1	P2	0.959
MEP-2__AML3050	AML3050	NYU-1	P8	0.939
MPP-1__AML3050	AML3050	NYU-1	P5	0.94
MPP-MEP__AML3050	AML3050	NYU-1	P8	0.952
Mono-1__AML3050	AML3050	NYU-1	P8	0.908
Mono-2__AML3050	AML3050	NYU-1	P8	0.935
MultiLin-GMP-1__AML3050	AML3050	NYU-1	P5	0.886
NK-Mature__AML3050	AML3050	NYU-1	P2	0.956
Non-Classical Mono-2__AML3050	AML3050	NYU-1	P2	0.964
Plasma Cell__AML3050	AML3050	NYU-1	P6	0.97
T CD4 Activated__AML3050	AML3050	NYU-1	P8	0.951
T CD4 Naive-1__AML3050	AML3050	NYU-1	P8	0.951
cDC2-1__AML3050	AML3050	NYU-1	P8	0.949
cDC2-2__AML3050	AML3050	NYU-1	P8	0.967
cMOP__AML3050	AML3050	NYU-1	P8	0.896
pDC__AML3050	AML3050	NYU-1	P2	0.934
B Memory-1__AML3133	AML3133	NYU-1	P7	0.983
CD4 TCM__AML3133	AML3133	NYU-1	P7	0.983
CD8 TEM__AML3133	AML3133	NYU-1	P2	0.976
Classical-Mono__AML3133	AML3133	NYU-1	P3	0.95
ERP-8__AML3133	AML3133	NYU-1	P6	0.962
Erythroblast-1__AML3133	AML3133	NYU-1	P8	0.968
Erythroblast-3__AML3133	AML3133	NYU-1	P7	0.96
HSC-2__AML3133	AML3133	NYU-1	P7	0.944
Intermediate Mono-1__AML3133	AML3133	NYU-1	P3	0.968
Intermediate Mono-2__AML3133	AML3133	NYU-1	P3	0.967
Intermediate Mono-3__AML3133	AML3133	NYU-1	P3	0.975
LMPP-1__AML3133	AML3133	NYU-1	P14	0.961
LMPP-1-cycling__AML3133	AML3133	NYU-1	P10	0.971
LMPP-2__AML3133	AML3133	NYU-1	P10	0.974
MAIT__AML3133	AML3133	NYU-1	P2	0.973
MEP-1__AML3133	AML3133	NYU-1	P7	0.959
MEP-2__AML3133	AML3133	NYU-1	P10	0.963
MPP-1__AML3133	AML3133	NYU-1	P10	0.957
MPP-MEP__AML3133	AML3133	NYU-1	P10	0.979
Mono-1__AML3133	AML3133	NYU-1	P14	0.945
Mono-2__AML3133	AML3133	NYU-1	P14	0.963
MultiLin-GMP-1__AML3133	AML3133	NYU-1	P7	0.981
MultiLin-GMP-2__AML3133	AML3133	NYU-1	P3	0.965
MultiLin-GMP-3__AML3133	AML3133	NYU-1	P3	0.955
Multilin-1__AML3133	AML3133	NYU-1	P7	0.97
Myeloid intermediate 3__AML3133	AML3133	NYU-1	P8	0.948
NK-Mature__AML3133	AML3133	NYU-1	P7	0.976
Non-Classical Mono-2__AML3133	AML3133	NYU-1	P3	0.973
Plasma Cell__AML3133	AML3133	NYU-1	P6	0.972
T CD4 Activated__AML3133	AML3133	NYU-1	P3	0.977
T CD4 Naive-1__AML3133	AML3133	NYU-1	P7	0.974
cDC1__AML3133	AML3133	NYU-1	P8	0.952
pre-DC-2__AML3133	AML3133	NYU-1	P3	0.949
preNeu__AML3133	AML3133	NYU-1	P8	0.967
B Memory-1__AML3730	AML3730	NYU-1	P7	0.973
CD4 TCM__AML3730	AML3730	NYU-1	P7	0.931
CD8 TEM__AML3730	AML3730	NYU-1	P7	0.95
Classical-Mono__AML3730	AML3730	NYU-1	P7	0.96
Intermediate Mono-1__AML3730	AML3730	NYU-1	P8	0.953
Intermediate Mono-2__AML3730	AML3730	NYU-1	P7	0.956
Intermediate Mono-3__AML3730	AML3730	NYU-1	P3	0.96
LMPP-1-cycling__AML3730	AML3730	NYU-1	P10	0.938
LMPP-2__AML3730	AML3730	NYU-1	P10	0.956
MDP-1__AML3730	AML3730	NYU-1	P8	0.939
MDP-2__AML3730	AML3730	NYU-1	P10	0.963
MDP-3__AML3730	AML3730	NYU-1	P8	0.922
MPP-MEP__AML3730	AML3730	NYU-1	P8	0.92
MSC Fibroblast-1__AML3730	AML3730	NYU-1	P7	0.915
Mono-1__AML3730	AML3730	NYU-1	P7	0.953
Mono-2__AML3730	AML3730	NYU-1	P7	0.958
MultiLin-GMP-1__AML3730	AML3730	NYU-1	P10	0.957
Multilin-1__AML3730	AML3730	NYU-1	P7	0.947
Multilin-2__AML3730	AML3730	NYU-1	P7	0.941
Myeloid intermediate 2__AML3730	AML3730	NYU-1	P7	0.954
NK-Mature__AML3730	AML3730	NYU-1	P7	0.964
Non-Classical Mono-2__AML3730	AML3730	NYU-1	P5	0.952
T CD4 Activated__AML3730	AML3730	NYU-1	P6	0.968
T CD4 Naive-1__AML3730	AML3730	NYU-1	P6	0.951
cDC1__AML3730	AML3730	NYU-1	P7	0.955
cDC2-1__AML3730	AML3730	NYU-1	P7	0.95
cDC2-2__AML3730	AML3730	NYU-1	P7	0.946
pre-DC-1__AML3730	AML3730	NYU-1	P7	0.943
pre-DC-2__AML3730	AML3730	NYU-1	P7	0.953
pre-DC-3__AML3730	AML3730	NYU-1	P7	0.933
B Memory-1__AML3762	AML3762	NYU-1	P2	0.97
CD4 TCM__AML3762	AML3762	NYU-1	P2	0.985
CD8 TEM__AML3762	AML3762	NYU-1	P2	0.982
Classical-Mono__AML3762	AML3762	NYU-1	P3	0.911
ERP-1__AML3762	AML3762	NYU-1	P10	0.952
ERP-2__AML3762	AML3762	NYU-1	P6	0.957
ERP-4__AML3762	AML3762	NYU-1	P6	0.951
ERP-5__AML3762	AML3762	NYU-1	P6	0.962
ERP-6__AML3762	AML3762	NYU-1	P3	0.96
ERP-7__AML3762	AML3762	NYU-1	P6	0.954
ERP-8__AML3762	AML3762	NYU-1	P6	0.97
Erythroblast-1__AML3762	AML3762	NYU-1	P8	0.967
Erythroblast-3__AML3762	AML3762	NYU-1	P6	0.971
Intermediate Mono-1__AML3762	AML3762	NYU-1	P3	0.962
Intermediate Mono-3__AML3762	AML3762	NYU-1	P3	0.975
LMPP-1__AML3762	AML3762	NYU-1	P7	0.966
LMPP-1-cycling__AML3762	AML3762	NYU-1	P10	0.981
LMPP-2__AML3762	AML3762	NYU-1	P8	0.965
MAIT__AML3762	AML3762	NYU-1	P2	0.974
MDP-1__AML3762	AML3762	NYU-1	P10	0.947
MEP-1__AML3762	AML3762	NYU-1	P3	0.968
MEP-2__AML3762	AML3762	NYU-1	P10	0.96
MEP-Eryth-1__AML3762	AML3762	NYU-1	P3	0.964
MEP-Eryth-2__AML3762	AML3762	NYU-1	P3	0.974
MPP-1__AML3762	AML3762	NYU-1	P10	0.974
MPP-2__AML3762	AML3762	NYU-1	P10	0.976
MPP-MEP__AML3762	AML3762	NYU-1	P10	0.976
Mono-1__AML3762	AML3762	NYU-1	P3	0.942
Mono-2__AML3762	AML3762	NYU-1	P3	0.947
MultiLin-GMP-1__AML3762	AML3762	NYU-1	P8	0.971
MultiLin-GMP-3__AML3762	AML3762	NYU-1	P7	0.957
Multilin-1__AML3762	AML3762	NYU-1	P3	0.973
Myeloid intermediate 2__AML3762	AML3762	NYU-1	P3	0.955
Myeloid intermediate 3__AML3762	AML3762	NYU-1	P8	0.939
NK-Mature__AML3762	AML3762	NYU-1	P2	0.974
Plasma Cell__AML3762	AML3762	NYU-1	P6	0.961
T CD4 Activated__AML3762	AML3762	NYU-1	P3	0.971
T CD4 Naive-1__AML3762	AML3762	NYU-1	P3	0.976
cDC2-1__AML3762	AML3762	NYU-1	P3	0.922
cDC2-2__AML3762	AML3762	NYU-1	P3	0.945
cMOP__AML3762	AML3762	NYU-1	P3	0.936
B Memory-1__AML3948	AML3948	NYU-1	P2	0.974
B Memory-2__AML3948	AML3948	NYU-1	P2	0.947
BMCP-1__AML3948	AML3948	NYU-1	P10	0.936
CD4 TCM__AML3948	AML3948	NYU-1	P2	0.963
CD8 TEM__AML3948	AML3948	NYU-1	P2	0.973
Classical-Mono__AML3948	AML3948	NYU-1	P14	0.935
Erythroblast-3__AML3948	AML3948	NYU-1	P8	0.92
HSC-2__AML3948	AML3948	NYU-1	P7	0.941
Intermediate Mono-1__AML3948	AML3948	NYU-1	P14	0.959
Intermediate Mono-2__AML3948	AML3948	NYU-1	P3	0.963
Intermediate Mono-3__AML3948	AML3948	NYU-1	P0	0.963
LMPP-1__AML3948	AML3948	NYU-1	P10	0.962
LMPP-1-cycling__AML3948	AML3948	NYU-1	P9	0.965
MAIT__AML3948	AML3948	NYU-1	P2	0.964
MDP-1__AML3948	AML3948	NYU-1	P7	0.932
MDP-2__AML3948	AML3948	NYU-1	P1	0.962
MEP-1__AML3948	AML3948	NYU-1	P7	0.962
MEP-Eryth-2__AML3948	AML3948	NYU-1	P10	0.957
MPP-1__AML3948	AML3948	NYU-1	P7	0.959
MPP-MEP__AML3948	AML3948	NYU-1	P9	0.962
Mono-1__AML3948	AML3948	NYU-1	P14	0.959
Mono-2__AML3948	AML3948	NYU-1	P14	0.959
MultiLin-GMP-1__AML3948	AML3948	NYU-1	P7	0.957
MultiLin-GMP-2__AML3948	AML3948	NYU-1	P7	0.965
MultiLin-GMP-3__AML3948	AML3948	NYU-1	P7	0.965
Multilin-1__AML3948	AML3948	NYU-1	P10	0.964
Myeloid intermediate 1__AML3948	AML3948	NYU-1	P14	0.962
Myeloid intermediate 2__AML3948	AML3948	NYU-1	P1	0.965
Myeloid intermediate 3__AML3948	AML3948	NYU-1	P1	0.961
NK-Mature__AML3948	AML3948	NYU-1	P7	0.965
Non-Classical Mono-2__AML3948	AML3948	NYU-1	P3	0.963
Plasma Cell__AML3948	AML3948	NYU-1	P7	0.96
T CD4 Activated__AML3948	AML3948	NYU-1	P6	0.895
cDC1__AML3948	AML3948	NYU-1	P1	0.953
cDC2-1__AML3948	AML3948	NYU-1	P1	0.929
cDC2-2__AML3948	AML3948	NYU-1	P1	0.956
cMOP__AML3948	AML3948	NYU-1	P14	0.956
immNeu-1__AML3948	AML3948	NYU-1	P0	0.947
immNeu-2__AML3948	AML3948	NYU-1	P10	0.942
pDC__AML3948	AML3948	NYU-1	P7	0.961
pre-DC-2__AML3948	AML3948	NYU-1	P1	0.96
preNeu__AML3948	AML3948	NYU-1	P10	0.965
B Memory-1__AML3	AML3	Columbia	P7	0.897
BMCP-1__AML3	AML3	Columbia	P7	0.935
HSC-1__AML3	AML3	Columbia	P7	0.966
HSC-2__AML3	AML3	Columbia	P7	0.963
Intermediate Mono-1__AML3	AML3	Columbia	P7	0.905
LMPP-1__AML3	AML3	Columbia	P7	0.966
LMPP-1-cycling__AML3	AML3	Columbia	P12	0.962
LMPP-2__AML3	AML3	Columbia	P12	0.961
MDP-1__AML3	AML3	Columbia	P14	0.917
MEP-1__AML3	AML3	Columbia	P7	0.96
MEP-2__AML3	AML3	Columbia	P7	0.96
MPP-1__AML3	AML3	Columbia	P7	0.974
MPP-2__AML3	AML3	Columbia	P7	0.963
MPP-MEP__AML3	AML3	Columbia	P7	0.967
MultiLin-GMP-1__AML3	AML3	Columbia	P8	0.947
MultiLin-GMP-2__AML3	AML3	Columbia	P11	0.976
MultiLin-GMP-3__AML3	AML3	Columbia	P7	0.967
Multilin-1__AML3	AML3	Columbia	P7	0.969
Myeloid intermediate 1__AML3	AML3	Columbia	P11	0.951
Myeloid intermediate 3__AML3	AML3	Columbia	P5	0.949
immNeu-1__AML3	AML3	Columbia	P6	0.957
pre-DC-2__AML3	AML3	Columbia	P7	0.932
preNeu__AML3	AML3	Columbia	P6	0.968
ASDC__AML4340	AML4340	NYU-1	P9	0.94
B Memory-1__AML4340	AML4340	NYU-1	P2	0.968
B Memory-2__AML4340	AML4340	NYU-1	P2	0.954
CD4 TCM__AML4340	AML4340	NYU-1	P8	0.969
CD8 TEM__AML4340	AML4340	NYU-1	P8	0.964
Classical-Mono__AML4340	AML4340	NYU-1	P2	0.977
Erythroblast-3__AML4340	AML4340	NYU-1	P6	0.942
Intermediate Mono-1__AML4340	AML4340	NYU-1	P3	0.96
Intermediate Mono-2__AML4340	AML4340	NYU-1	P2	0.974
Intermediate Mono-3__AML4340	AML4340	NYU-1	P7	0.966
LMPP-1__AML4340	AML4340	NYU-1	P6	0.974
LMPP-1-cycling__AML4340	AML4340	NYU-1	P14	0.973
LMPP-2__AML4340	AML4340	NYU-1	P8	0.961
MAIT__AML4340	AML4340	NYU-1	P8	0.972
MEP-2__AML4340	AML4340	NYU-1	P6	0.972
MPP-1__AML4340	AML4340	NYU-1	P3	0.956
MPP-2__AML4340	AML4340	NYU-1	P8	0.957
MPP-MEP__AML4340	AML4340	NYU-1	P8	0.973
Mono-1__AML4340	AML4340	NYU-1	P0	0.968
Mono-2__AML4340	AML4340	NYU-1	P7	0.97
MultiLin-GMP-1__AML4340	AML4340	NYU-1	P14	0.971
MultiLin-GMP-2__AML4340	AML4340	NYU-1	P6	0.976
Myeloid intermediate 1__AML4340	AML4340	NYU-1	P14	0.968
Myeloid intermediate 2__AML4340	AML4340	NYU-1	P14	0.971
Myeloid intermediate 3__AML4340	AML4340	NYU-1	P14	0.975
NK-Mature__AML4340	AML4340	NYU-1	P8	0.976
Non-Classical Mono-2__AML4340	AML4340	NYU-1	P2	0.968
Plasma Cell__AML4340	AML4340	NYU-1	P2	0.985
T CD4 Activated__AML4340	AML4340	NYU-1	P6	0.962
T CD4 Naive-1__AML4340	AML4340	NYU-1	P2	0.969
T CD8 Naive__AML4340	AML4340	NYU-1	P8	0.956
cDC1__AML4340	AML4340	NYU-1	P8	0.96
cDC2-1__AML4340	AML4340	NYU-1	P10	0.964
cDC2-2__AML4340	AML4340	NYU-1	P7	0.971
cMOP__AML4340	AML4340	NYU-1	P3	0.937
pDC__AML4340	AML4340	NYU-1	P6	0.963
pre-DC-2__AML4340	AML4340	NYU-1	P0	0.963
pre-DC-3__AML4340	AML4340	NYU-1	P2	0.951
preNeu__AML4340	AML4340	NYU-1	P14	0.969
MEP-1__AML4897	AML4897	NYU-1	P8	0.909
MEP-2__AML4897	AML4897	NYU-1	P8	0.932
MKP-early__AML4897	AML4897	NYU-1	P8	0.904
MPP-MEP__AML4897	AML4897	NYU-1	P8	0.928
MultiLin-GMP-1__AML4897	AML4897	NYU-1	P8	0.896
Multilin-1__AML4897	AML4897	NYU-1	P8	0.911
B Memory-1__AML4	AML4	Columbia	P7	0.937
B Memory-2__AML4	AML4	Columbia	P7	0.948
BMCP-1__AML4	AML4	Columbia	P10	0.9
CD4 TCM__AML4	AML4	Columbia	P7	0.967
CD8 TEM__AML4	AML4	Columbia	P7	0.964
Classical-Mono__AML4	AML4	Columbia	P7	0.929
Intermediate Mono-1__AML4	AML4	Columbia	P2	0.891
Intermediate Mono-2__AML4	AML4	Columbia	P7	0.946
LMPP-1__AML4	AML4	Columbia	P10	0.953
LMPP-1-cycling__AML4	AML4	Columbia	P9	0.913
LMPP-2__AML4	AML4	Columbia	P9	0.901
MAIT__AML4	AML4	Columbia	P7	0.954
MDP-1__AML4	AML4	Columbia	P7	0.916
MDP-2__AML4	AML4	Columbia	P10	0.947
MEP-2__AML4	AML4	Columbia	P2	0.933
MPP-2__AML4	AML4	Columbia	P9	0.906
MPP-MEP__AML4	AML4	Columbia	P9	0.939
Mono-2__AML4	AML4	Columbia	P7	0.886
MultiLin-GMP-1__AML4	AML4	Columbia	P9	0.932
MultiLin-GMP-2__AML4	AML4	Columbia	P10	0.952
MultiLin-GMP-3__AML4	AML4	Columbia	P7	0.95
Multilin-1__AML4	AML4	Columbia	P7	0.944
Multilin-2__AML4	AML4	Columbia	P10	0.922
Myeloid intermediate 2__AML4	AML4	Columbia	P11	0.969
Myeloid intermediate 3__AML4	AML4	Columbia	P11	0.959
NK-Mature__AML4	AML4	Columbia	P7	0.964
Plasma Cell__AML4	AML4	Columbia	P6	0.959
T CD4 Naive-1__AML4	AML4	Columbia	P7	0.959
pre-DC-2__AML4	AML4	Columbia	P11	0.926
preNeu__AML4	AML4	Columbia	P10	0.948
B Memory-1__AML52-Azacitidine	AML52-Azacitidine	NYU-1	P2	0.964
B Memory-2__AML52-Azacitidine	AML52-Azacitidine	NYU-1	P8	0.933
Classical-Mono__AML52-Azacitidine	AML52-Azacitidine	NYU-1	P2	0.958
Erythroblast-2__AML52-Azacitidine	AML52-Azacitidine	NYU-1	P7	0.874
Erythroblast-3__AML52-Azacitidine	AML52-Azacitidine	NYU-1	P2	0.921
Intermediate Mono-3__AML52-Azacitidine	AML52-Azacitidine	NYU-1	P2	0.971
LMPP-1__AML52-Azacitidine	AML52-Azacitidine	NYU-1	P7	0.952
MEP-2__AML52-Azacitidine	AML52-Azacitidine	NYU-1	P2	0.983
MEP-Eryth-2__AML52-Azacitidine	AML52-Azacitidine	NYU-1	P2	0.917
MKP-early__AML52-Azacitidine	AML52-Azacitidine	NYU-1	P7	0.985
MKP-late__AML52-Azacitidine	AML52-Azacitidine	NYU-1	P7	0.975
MPP-MEP__AML52-Azacitidine	AML52-Azacitidine	NYU-1	P7	0.968
MultiLin-GMP-1__AML52-Azacitidine	AML52-Azacitidine	NYU-1	P7	0.932
NK-Mature__AML52-Azacitidine	AML52-Azacitidine	NYU-1	P2	0.93
preNeu__AML52-Azacitidine	AML52-Azacitidine	NYU-1	P7	0.942
CD4 TCM__AML5292	AML5292	NYU-1	P6	0.971
CD8 TEM__AML5292	AML5292	NYU-1	P6	0.927
Classical-Mono__AML5292	AML5292	NYU-1	P7	0.963
Intermediate Mono-1__AML5292	AML5292	NYU-1	P3	0.953
Intermediate Mono-2__AML5292	AML5292	NYU-1	P7	0.966
Intermediate Mono-3__AML5292	AML5292	NYU-1	P3	0.977
LMPP-1-cycling__AML5292	AML5292	NYU-1	P3	0.978
MAIT__AML5292	AML5292	NYU-1	P6	0.936
MDP-2__AML5292	AML5292	NYU-1	P6	0.98
MEP-2__AML5292	AML5292	NYU-1	P1	0.942
MPP-MEP__AML5292	AML5292	NYU-1	P6	0.984
Mono-1__AML5292	AML5292	NYU-1	P8	0.913
Mono-2__AML5292	AML5292	NYU-1	P6	0.956
MultiLin-GMP-1__AML5292	AML5292	NYU-1	P0	0.981
MultiLin-GMP-2__AML5292	AML5292	NYU-1	P7	0.992
MultiLin-GMP-3__AML5292	AML5292	NYU-1	P6	0.982
Multilin-1__AML5292	AML5292	NYU-1	P3	0.958
Myeloid intermediate 2__AML5292	AML5292	NYU-1	P7	0.986
Myeloid intermediate 3__AML5292	AML5292	NYU-1	P5	0.929
NK-Mature__AML5292	AML5292	NYU-1	P6	0.936
Non-Classical Mono-2__AML5292	AML5292	NYU-1	P3	0.95
cDC1__AML5292	AML5292	NYU-1	P10	0.954
cDC2-1__AML5292	AML5292	NYU-1	P6	0.968
cDC2-2__AML5292	AML5292	NYU-1	P6	0.962
pre-DC-3__AML5292	AML5292	NYU-1	P7	0.942
preNeu__AML5292	AML5292	NYU-1	P10	0.959
B Memory-1__AML5	AML5	Columbia	P7	0.943
B Memory-2__AML5	AML5	Columbia	P7	0.945
BMCP-1__AML5	AML5	Columbia	P11	0.96
CD4 TCM__AML5	AML5	Columbia	P7	0.967
CD8 TEM__AML5	AML5	Columbia	P7	0.956
LMPP-1-cycling__AML5	AML5	Columbia	P11	0.948
MAIT__AML5	AML5	Columbia	P7	0.947
MDP-1__AML5	AML5	Columbia	P11	0.906
MDP-2__AML5	AML5	Columbia	P11	0.949
MEP-1__AML5	AML5	Columbia	P11	0.958
MEP-2__AML5	AML5	Columbia	P11	0.94
MPP-MEP__AML5	AML5	Columbia	P11	0.969
MultiLin-GMP-1__AML5	AML5	Columbia	P11	0.965
Myeloid intermediate 1__AML5	AML5	Columbia	P11	0.957
Myeloid intermediate 3__AML5	AML5	Columbia	P11	0.929
NK-Mature__AML5	AML5	Columbia	P7	0.968
T CD4 Naive-1__AML5	AML5	Columbia	P7	0.95
immNeu-1__AML5	AML5	Columbia	P11	0.965
preNeu__AML5	AML5	Columbia	P11	0.979
B Memory-1__AML6	AML6	Columbia	P7	0.94
B Memory-2__AML6	AML6	Columbia	P7	0.939
BMCP-1__AML6	AML6	Columbia	P11	0.958
CD4 TCM__AML6	AML6	Columbia	P7	0.962
CD8 TEM__AML6	AML6	Columbia	P7	0.961
Classical-Mono__AML6	AML6	Columbia	P7	0.924
Intermediate Mono-1__AML6	AML6	Columbia	P7	0.893
Intermediate Mono-2__AML6	AML6	Columbia	P7	0.926
LMPP-1__AML6	AML6	Columbia	P11	0.974
MAIT__AML6	AML6	Columbia	P7	0.949
MDP-1__AML6	AML6	Columbia	P11	0.938
MDP-2__AML6	AML6	Columbia	P11	0.958
MPP-MEP__AML6	AML6	Columbia	P11	0.968
Mono-2__AML6	AML6	Columbia	P7	0.881
MultiLin-GMP-1__AML6	AML6	Columbia	P11	0.967
MultiLin-GMP-2__AML6	AML6	Columbia	P11	0.983
MultiLin-GMP-3__AML6	AML6	Columbia	P11	0.979
Multilin-1__AML6	AML6	Columbia	P11	0.971
Myeloid intermediate 1__AML6	AML6	Columbia	P11	0.973
Myeloid intermediate 2__AML6	AML6	Columbia	P11	0.97
Myeloid intermediate 3__AML6	AML6	Columbia	P11	0.963
NK-Mature__AML6	AML6	Columbia	P7	0.96
Plasma Cell__AML6	AML6	Columbia	P7	0.971
T CD4 Naive-1__AML6	AML6	Columbia	P7	0.953
immNeu-1__AML6	AML6	Columbia	P11	0.974
pre-DC-2__AML6	AML6	Columbia	P11	0.916
preNeu__AML6	AML6	Columbia	P11	0.984
CD4 TCM__AML7	AML7	Columbia	P7	0.959
CD8 TEM__AML7	AML7	Columbia	P7	0.945
Classical-Mono__AML7	AML7	Columbia	P7	0.919
Intermediate Mono-1__AML7	AML7	Columbia	P7	0.892
Intermediate Mono-2__AML7	AML7	Columbia	P7	0.926
MAIT__AML7	AML7	Columbia	P7	0.919
Mono-2__AML7	AML7	Columbia	P7	0.876
MultiLin-GMP-1__AML7	AML7	Columbia	P0	0.895
NK-Mature__AML7	AML7	Columbia	P7	0.937
Plasma Cell__AML7	AML7	Columbia	P6	0.938
B Memory-1__AML9	AML9	Columbia	P7	0.902
HSC-2__AML9	AML9	Columbia	P2	0.965
Intermediate Mono-1__AML9	AML9	Columbia	P2	0.888
LMPP-1__AML9	AML9	Columbia	P2	0.951
LMPP-1-cycling__AML9	AML9	Columbia	P2	0.954
LMPP-2__AML9	AML9	Columbia	P13	0.927
MDP-1__AML9	AML9	Columbia	P2	0.922
MDP-2__AML9	AML9	Columbia	P1	0.96
MEP-1__AML9	AML9	Columbia	P2	0.948
MEP-2__AML9	AML9	Columbia	P2	0.937
MPP-MEP__AML9	AML9	Columbia	P2	0.955
MultiLin-GMP-1__AML9	AML9	Columbia	P2	0.955
MultiLin-GMP-2__AML9	AML9	Columbia	P2	0.963
MultiLin-GMP-3__AML9	AML9	Columbia	P2	0.961
Multilin-1__AML9	AML9	Columbia	P2	0.957
Myeloid intermediate 1__AML9	AML9	Columbia	P2	0.957
Myeloid intermediate 2__AML9	AML9	Columbia	P2	0.959
Myeloid intermediate 3__AML9	AML9	Columbia	P2	0.955
immNeu-1__AML9	AML9	Columbia	P2	0.95
pre-DC-2__AML9	AML9	Columbia	P7	0.922
preNeu__AML9	AML9	Columbia	P2	0.957
B Memory-1__ETP9153	ETP9153	NYU-1	P7	0.964
B Memory-2__ETP9153	ETP9153	NYU-1	P7	0.947
CD4 TCM__ETP9153	ETP9153	NYU-1	P6	0.94
CD8 TEM__ETP9153	ETP9153	NYU-1	P2	0.949
Classical-Mono__ETP9153	ETP9153	NYU-1	P9	0.946
ERP-8__ETP9153	ETP9153	NYU-1	P6	0.974
Erythroblast-3__ETP9153	ETP9153	NYU-1	P2	0.941
Intermediate Mono-1__ETP9153	ETP9153	NYU-1	P8	0.921
Intermediate Mono-2__ETP9153	ETP9153	NYU-1	P2	0.946
Intermediate Mono-3__ETP9153	ETP9153	NYU-1	P2	0.96
MAIT__ETP9153	ETP9153	NYU-1	P7	0.947
MEP-2__ETP9153	ETP9153	NYU-1	P9	0.918
MPP-MEP__ETP9153	ETP9153	NYU-1	P9	0.927
MultiLin-GMP-1__ETP9153	ETP9153	NYU-1	P7	0.92
NK-Mature__ETP9153	ETP9153	NYU-1	P7	0.963
Non-Classical Mono-2__ETP9153	ETP9153	NYU-1	P7	0.968
T CD4 Activated__ETP9153	ETP9153	NYU-1	P8	0.912
T CD4 Naive-1__ETP9153	ETP9153	NYU-1	P8	0.948
B Memory-1__HTO2-SRR16208954	HTO2-SRR16208954	NYU-1	P2	0.983
B Memory-2__HTO2-SRR16208954	HTO2-SRR16208954	NYU-1	P2	0.973
CD4 TCM__HTO2-SRR16208954	HTO2-SRR16208954	NYU-1	P2	0.991
CD8 TEM__HTO2-SRR16208954	HTO2-SRR16208954	NYU-1	P2	0.988
Classical-Mono__HTO2-SRR16208954	HTO2-SRR16208954	NYU-1	P2	0.985
Intermediate Mono-1__HTO2-SRR16208954	HTO2-SRR16208954	NYU-1	P6	0.984
Intermediate Mono-2__HTO2-SRR16208954	HTO2-SRR16208954	NYU-1	P2	0.986
Intermediate Mono-3__HTO2-SRR16208954	HTO2-SRR16208954	NYU-1	P6	0.975
LMPP-1-cycling__HTO2-SRR16208954	HTO2-SRR16208954	NYU-1	P6	0.96
MAIT__HTO2-SRR16208954	HTO2-SRR16208954	NYU-1	P2	0.988
MPP-MEP__HTO2-SRR16208954	HTO2-SRR16208954	NYU-1	P6	0.969
Mono-2__HTO2-SRR16208954	HTO2-SRR16208954	NYU-1	P2	0.972
Myeloid intermediate 3__HTO2-SRR16208954	HTO2-SRR16208954	NYU-1	P7	0.955
NK-Mature__HTO2-SRR16208954	HTO2-SRR16208954	NYU-1	P2	0.99
Non-Classical Mono-2__HTO2-SRR16208954	HTO2-SRR16208954	NYU-1	P0	0.981
T CD4 Naive-1__HTO2-SRR16208954	HTO2-SRR16208954	NYU-1	P2	0.978
T CD8 Naive__HTO2-SRR16208954	HTO2-SRR16208954	NYU-1	P2	0.956
cDC2-1__HTO2-SRR16208954	HTO2-SRR16208954	NYU-1	P6	0.978
cDC2-2__HTO2-SRR16208954	HTO2-SRR16208954	NYU-1	P6	0.98
B Memory-1__HTO2-SRR16208955	HTO2-SRR16208955	NYU-1	P2	0.981
B Memory-2__HTO2-SRR16208955	HTO2-SRR16208955	NYU-1	P2	0.975
CD4 TCM__HTO2-SRR16208955	HTO2-SRR16208955	NYU-1	P2	0.991
CD8 TEM__HTO2-SRR16208955	HTO2-SRR16208955	NYU-1	P2	0.99
Classical-Mono__HTO2-SRR16208955	HTO2-SRR16208955	NYU-1	P2	0.984
Intermediate Mono-1__HTO2-SRR16208955	HTO2-SRR16208955	NYU-1	P2	0.986
Intermediate Mono-2__HTO2-SRR16208955	HTO2-SRR16208955	NYU-1	P2	0.986
Intermediate Mono-3__HTO2-SRR16208955	HTO2-SRR16208955	NYU-1	P6	0.978
LMPP-1__HTO2-SRR16208955	HTO2-SRR16208955	NYU-1	P6	0.947
LMPP-1-cycling__HTO2-SRR16208955	HTO2-SRR16208955	NYU-1	P6	0.968
MAIT__HTO2-SRR16208955	HTO2-SRR16208955	NYU-1	P2	0.987
MPP-MEP__HTO2-SRR16208955	HTO2-SRR16208955	NYU-1	P6	0.968
Mono-1__HTO2-SRR16208955	HTO2-SRR16208955	NYU-1	P2	0.958
Mono-2__HTO2-SRR16208955	HTO2-SRR16208955	NYU-1	P2	0.973
MultiLin-GMP-1__HTO2-SRR16208955	HTO2-SRR16208955	NYU-1	P6	0.97
Myeloid intermediate 3__HTO2-SRR16208955	HTO2-SRR16208955	NYU-1	P10	0.953
NK-Mature__HTO2-SRR16208955	HTO2-SRR16208955	NYU-1	P2	0.991
Non-Classical Mono-2__HTO2-SRR16208955	HTO2-SRR16208955	NYU-1	P6	0.986
T CD4 Naive-1__HTO2-SRR16208955	HTO2-SRR16208955	NYU-1	P2	0.977
T CD8 Naive__HTO2-SRR16208955	HTO2-SRR16208955	NYU-1	P2	0.957
cDC2-1__HTO2-SRR16208955	HTO2-SRR16208955	NYU-1	P10	0.978
cDC2-2__HTO2-SRR16208955	HTO2-SRR16208955	NYU-1	P2	0.98
ASDC__HTO2-SRR16208956	HTO2-SRR16208956	NYU-1	P7	0.969
CD4 TCM__HTO2-SRR16208956	HTO2-SRR16208956	NYU-1	P7	0.97
CD8 TEM__HTO2-SRR16208956	HTO2-SRR16208956	NYU-1	P7	0.97
Classical-Mono__HTO2-SRR16208956	HTO2-SRR16208956	NYU-1	P7	0.962
ERP-1__HTO2-SRR16208956	HTO2-SRR16208956	NYU-1	P7	0.974
ERP-2__HTO2-SRR16208956	HTO2-SRR16208956	NYU-1	P7	0.972
ERP-4__HTO2-SRR16208956	HTO2-SRR16208956	NYU-1	P7	0.971
ERP-5__HTO2-SRR16208956	HTO2-SRR16208956	NYU-1	P7	0.972
ERP-6__HTO2-SRR16208956	HTO2-SRR16208956	NYU-1	P7	0.976
ERP-7__HTO2-SRR16208956	HTO2-SRR16208956	NYU-1	P7	0.97
ERP-8__HTO2-SRR16208956	HTO2-SRR16208956	NYU-1	P7	0.974
Erythroblast-1__HTO2-SRR16208956	HTO2-SRR16208956	NYU-1	P7	0.97
Erythroblast-2__HTO2-SRR16208956	HTO2-SRR16208956	NYU-1	P3	0.937
Erythroblast-3__HTO2-SRR16208956	HTO2-SRR16208956	NYU-1	P3	0.948
Intermediate Mono-1__HTO2-SRR16208956	HTO2-SRR16208956	NYU-1	P3	0.945
Intermediate Mono-2__HTO2-SRR16208956	HTO2-SRR16208956	NYU-1	P7	0.937
Intermediate Mono-3__HTO2-SRR16208956	HTO2-SRR16208956	NYU-1	P7	0.969
MAIT__HTO2-SRR16208956	HTO2-SRR16208956	NYU-1	P3	0.963
MEP-2__HTO2-SRR16208956	HTO2-SRR16208956	NYU-1	P7	0.968
MPP-MEP__HTO2-SRR16208956	HTO2-SRR16208956	NYU-1	P7	0.951
Mono-1__HTO2-SRR16208956	HTO2-SRR16208956	NYU-1	P7	0.941
Mono-2__HTO2-SRR16208956	HTO2-SRR16208956	NYU-1	P3	0.964
MultiLin-GMP-1__HTO2-SRR16208956	HTO2-SRR16208956	NYU-1	P8	0.941
Myeloid intermediate 3__HTO2-SRR16208956	HTO2-SRR16208956	NYU-1	P7	0.954
NK-Mature__HTO2-SRR16208956	HTO2-SRR16208956	NYU-1	P7	0.971
Non-Classical Mono-2__HTO2-SRR16208956	HTO2-SRR16208956	NYU-1	P3	0.919
T CD4 Activated__HTO2-SRR16208956	HTO2-SRR16208956	NYU-1	P7	0.965
T CD4 Naive-1__HTO2-SRR16208956	HTO2-SRR16208956	NYU-1	P7	0.96
cDC2-1__HTO2-SRR16208956	HTO2-SRR16208956	NYU-1	P7	0.966
cDC2-2__HTO2-SRR16208956	HTO2-SRR16208956	NYU-1	P7	0.962
cMOP__HTO2-SRR16208956	HTO2-SRR16208956	NYU-1	P7	0.948
pDC__HTO2-SRR16208956	HTO2-SRR16208956	NYU-1	P7	0.959
pre-DC-1__HTO2-SRR16208956	HTO2-SRR16208956	NYU-1	P7	0.966
pre-DC-3__HTO2-SRR16208956	HTO2-SRR16208956	NYU-1	P7	0.972
B Memory-1__HTO3-SRR16208954	HTO3-SRR16208954	NYU-1	P2	0.965
B Memory-2__HTO3-SRR16208954	HTO3-SRR16208954	NYU-1	P7	0.948
CD4 TCM__HTO3-SRR16208954	HTO3-SRR16208954	NYU-1	P6	0.97
CD8 TEM__HTO3-SRR16208954	HTO3-SRR16208954	NYU-1	P6	0.97
Classical-Mono__HTO3-SRR16208954	HTO3-SRR16208954	NYU-1	P3	0.927
Intermediate Mono-1__HTO3-SRR16208954	HTO3-SRR16208954	NYU-1	P3	0.94
Intermediate Mono-2__HTO3-SRR16208954	HTO3-SRR16208954	NYU-1	P3	0.937
Intermediate Mono-3__HTO3-SRR16208954	HTO3-SRR16208954	NYU-1	P6	0.953
MAIT__HTO3-SRR16208954	HTO3-SRR16208954	NYU-1	P6	0.973
MultiLin-GMP-1__HTO3-SRR16208954	HTO3-SRR16208954	NYU-1	P6	0.952
NK-Mature__HTO3-SRR16208954	HTO3-SRR16208954	NYU-1	P6	0.972
Non-Classical Mono-2__HTO3-SRR16208954	HTO3-SRR16208954	NYU-1	P3	0.949
T CD4 Activated__HTO3-SRR16208954	HTO3-SRR16208954	NYU-1	P6	0.965
T CD4 Naive-1__HTO3-SRR16208954	HTO3-SRR16208954	NYU-1	P3	0.948
cDC2-2__HTO3-SRR16208954	HTO3-SRR16208954	NYU-1	P7	0.954
B Memory-1__HTO3-SRR16208955	HTO3-SRR16208955	NYU-1	P2	0.965
B Memory-2__HTO3-SRR16208955	HTO3-SRR16208955	NYU-1	P7	0.941
CD4 TCM__HTO3-SRR16208955	HTO3-SRR16208955	NYU-1	P6	0.97
CD8 TEM__HTO3-SRR16208955	HTO3-SRR16208955	NYU-1	P2	0.97
Intermediate Mono-1__HTO3-SRR16208955	HTO3-SRR16208955	NYU-1	P3	0.943
Intermediate Mono-2__HTO3-SRR16208955	HTO3-SRR16208955	NYU-1	P7	0.939
Intermediate Mono-3__HTO3-SRR16208955	HTO3-SRR16208955	NYU-1	P6	0.954
MAIT__HTO3-SRR16208955	HTO3-SRR16208955	NYU-1	P6	0.975
NK-Mature__HTO3-SRR16208955	HTO3-SRR16208955	NYU-1	P9	0.97
Non-Classical Mono-2__HTO3-SRR16208955	HTO3-SRR16208955	NYU-1	P3	0.96
T CD4 Activated__HTO3-SRR16208955	HTO3-SRR16208955	NYU-1	P6	0.967
T CD4 Naive-1__HTO3-SRR16208955	HTO3-SRR16208955	NYU-1	P3	0.953
cDC2-2__HTO3-SRR16208955	HTO3-SRR16208955	NYU-1	P7	0.964
B Memory-1__HTO5-SRR16208954	HTO5-SRR16208954	NYU-1	P7	0.977
B Memory-2__HTO5-SRR16208954	HTO5-SRR16208954	NYU-1	P7	0.973
CD4 TCM__HTO5-SRR16208954	HTO5-SRR16208954	NYU-1	P6	0.984
CD8 TEM__HTO5-SRR16208954	HTO5-SRR16208954	NYU-1	P7	0.985
Intermediate Mono-1__HTO5-SRR16208954	HTO5-SRR16208954	NYU-1	P7	0.969
Intermediate Mono-3__HTO5-SRR16208954	HTO5-SRR16208954	NYU-1	P7	0.961
MAIT__HTO5-SRR16208954	HTO5-SRR16208954	NYU-1	P6	0.982
NK-Mature__HTO5-SRR16208954	HTO5-SRR16208954	NYU-1	P7	0.984
Non-Classical Mono-2__HTO5-SRR16208954	HTO5-SRR16208954	NYU-1	P7	0.968
Plasma Cell__HTO5-SRR16208954	HTO5-SRR16208954	NYU-1	P6	0.966
T CD4 Activated__HTO5-SRR16208954	HTO5-SRR16208954	NYU-1	P8	0.961
T CD4 Naive-1__HTO5-SRR16208954	HTO5-SRR16208954	NYU-1	P7	0.976
cDC2-2__HTO5-SRR16208954	HTO5-SRR16208954	NYU-1	P2	0.976
B Memory-1__HTO5-SRR16208955	HTO5-SRR16208955	NYU-1	P7	0.978
B Memory-2__HTO5-SRR16208955	HTO5-SRR16208955	NYU-1	P6	0.975
CD4 TCM__HTO5-SRR16208955	HTO5-SRR16208955	NYU-1	P7	0.985
CD8 TEM__HTO5-SRR16208955	HTO5-SRR16208955	NYU-1	P7	0.985
Intermediate Mono-1__HTO5-SRR16208955	HTO5-SRR16208955	NYU-1	P7	0.97
Intermediate Mono-2__HTO5-SRR16208955	HTO5-SRR16208955	NYU-1	P7	0.966
Intermediate Mono-3__HTO5-SRR16208955	HTO5-SRR16208955	NYU-1	P7	0.966
MAIT__HTO5-SRR16208955	HTO5-SRR16208955	NYU-1	P6	0.981
NK-Mature__HTO5-SRR16208955	HTO5-SRR16208955	NYU-1	P7	0.985
Plasma Cell__HTO5-SRR16208955	HTO5-SRR16208955	NYU-1	P6	0.96
T CD4 Activated__HTO5-SRR16208955	HTO5-SRR16208955	NYU-1	P8	0.963
T CD4 Naive-1__HTO5-SRR16208955	HTO5-SRR16208955	NYU-1	P7	0.976
cDC2-2__HTO5-SRR16208955	HTO5-SRR16208955	NYU-1	P7	0.976
B Memory-1__HTO6-SRR16208954	HTO6-SRR16208954	NYU-1	P7	0.97
B Memory-2__HTO6-SRR16208954	HTO6-SRR16208954	NYU-1	P7	0.953
CD4 TCM__HTO6-SRR16208954	HTO6-SRR16208954	NYU-1	P6	0.985
CD8 TEM__HTO6-SRR16208954	HTO6-SRR16208954	NYU-1	P7	0.982
Classical-Mono__HTO6-SRR16208954	HTO6-SRR16208954	NYU-1	P7	0.958
Intermediate Mono-1__HTO6-SRR16208954	HTO6-SRR16208954	NYU-1	P7	0.977
Intermediate Mono-2__HTO6-SRR16208954	HTO6-SRR16208954	NYU-1	P7	0.975
Intermediate Mono-3__HTO6-SRR16208954	HTO6-SRR16208954	NYU-1	P7	0.969
MAIT__HTO6-SRR16208954	HTO6-SRR16208954	NYU-1	P6	0.98
NK-Mature__HTO6-SRR16208954	HTO6-SRR16208954	NYU-1	P7	0.982
Non-Classical Mono-2__HTO6-SRR16208954	HTO6-SRR16208954	NYU-1	P7	0.975
Plasma Cell__HTO6-SRR16208954	HTO6-SRR16208954	NYU-1	P6	0.973
T CD4 Activated__HTO6-SRR16208954	HTO6-SRR16208954	NYU-1	P8	0.951
T CD4 Naive-1__HTO6-SRR16208954	HTO6-SRR16208954	NYU-1	P2	0.965
cDC2-2__HTO6-SRR16208954	HTO6-SRR16208954	NYU-1	P7	0.975
pDC__HTO6-SRR16208954	HTO6-SRR16208954	NYU-1	P7	0.959
ASDC__HTO6-SRR16208955	HTO6-SRR16208955	NYU-1	P6	0.952
B Memory-1__HTO6-SRR16208955	HTO6-SRR16208955	NYU-1	P7	0.973
B Memory-2__HTO6-SRR16208955	HTO6-SRR16208955	NYU-1	P7	0.961
CD4 TCM__HTO6-SRR16208955	HTO6-SRR16208955	NYU-1	P6	0.985
CD8 TEM__HTO6-SRR16208955	HTO6-SRR16208955	NYU-1	P7	0.983
Classical-Mono__HTO6-SRR16208955	HTO6-SRR16208955	NYU-1	P7	0.964
ERP-8__HTO6-SRR16208955	HTO6-SRR16208955	NYU-1	P7	0.98
Intermediate Mono-1__HTO6-SRR16208955	HTO6-SRR16208955	NYU-1	P7	0.976
Intermediate Mono-2__HTO6-SRR16208955	HTO6-SRR16208955	NYU-1	P7	0.978
Intermediate Mono-3__HTO6-SRR16208955	HTO6-SRR16208955	NYU-1	P7	0.974
MAIT__HTO6-SRR16208955	HTO6-SRR16208955	NYU-1	P6	0.982
NK-Mature__HTO6-SRR16208955	HTO6-SRR16208955	NYU-1	P7	0.983
Non-Classical Mono-2__HTO6-SRR16208955	HTO6-SRR16208955	NYU-1	P7	0.978
Plasma Cell__HTO6-SRR16208955	HTO6-SRR16208955	NYU-1	P6	0.966
T CD4 Activated__HTO6-SRR16208955	HTO6-SRR16208955	NYU-1	P8	0.952
T CD4 Naive-1__HTO6-SRR16208955	HTO6-SRR16208955	NYU-1	P6	0.96
cDC2-1__HTO6-SRR16208955	HTO6-SRR16208955	NYU-1	P2	0.973
cDC2-2__HTO6-SRR16208955	HTO6-SRR16208955	NYU-1	P7	0.978
B Memory-1__MDS1123	MDS1123	NYU-1	P8	0.954
CD4 TCM__MDS1123	MDS1123	NYU-1	P8	0.974
CD8 TEM__MDS1123	MDS1123	NYU-1	P8	0.981
Classical-Mono__MDS1123	MDS1123	NYU-1	P2	0.969
ERP-7__MDS1123	MDS1123	NYU-1	P7	0.974
ERP-8__MDS1123	MDS1123	NYU-1	P7	0.981
Intermediate Mono-1__MDS1123	MDS1123	NYU-1	P8	0.978
Intermediate Mono-2__MDS1123	MDS1123	NYU-1	P2	0.98
Intermediate Mono-3__MDS1123	MDS1123	NYU-1	P7	0.98
LMPP-1__MDS1123	MDS1123	NYU-1	P3	0.936
LMPP-1-cycling__MDS1123	MDS1123	NYU-1	P3	0.96
MAIT__MDS1123	MDS1123	NYU-1	P6	0.952
MDP-2__MDS1123	MDS1123	NYU-1	P7	0.965
MEP-2__MDS1123	MDS1123	NYU-1	P3	0.917
MPP-1__MDS1123	MDS1123	NYU-1	P10	0.939
MPP-MEP__MDS1123	MDS1123	NYU-1	P8	0.971
Mono-1__MDS1123	MDS1123	NYU-1	P13	0.946
Mono-2__MDS1123	MDS1123	NYU-1	P6	0.973
MultiLin-GMP-1__MDS1123	MDS1123	NYU-1	P3	0.969
MultiLin-GMP-2__MDS1123	MDS1123	NYU-1	P7	0.975
MultiLin-GMP-3__MDS1123	MDS1123	NYU-1	P7	0.965
Multilin-1__MDS1123	MDS1123	NYU-1	P13	0.955
Myeloid intermediate 2__MDS1123	MDS1123	NYU-1	P7	0.976
NK-Mature__MDS1123	MDS1123	NYU-1	P2	0.985
Non-Classical Mono-2__MDS1123	MDS1123	NYU-1	P8	0.955
Plasma Cell__MDS1123	MDS1123	NYU-1	P6	0.959
T CD4 Naive-1__MDS1123	MDS1123	NYU-1	P6	0.953
cDC1__MDS1123	MDS1123	NYU-1	P7	0.94
cDC2-1__MDS1123	MDS1123	NYU-1	P7	0.968
cDC2-2__MDS1123	MDS1123	NYU-1	P3	0.948
pDC__MDS1123	MDS1123	NYU-1	P8	0.964
preNeu__MDS1123	MDS1123	NYU-1	P13	0.963
B Memory-1__MDS585	MDS585	NYU-1	P3	0.958
CD4 TCM__MDS585	MDS585	NYU-1	P6	0.982
CD8 TEM__MDS585	MDS585	NYU-1	P3	0.976
Classical-Mono__MDS585	MDS585	NYU-1	P7	0.979
ERP-1__MDS585	MDS585	NYU-1	P3	0.964
ERP-8__MDS585	MDS585	NYU-1	P7	0.976
Erythroblast-1__MDS585	MDS585	NYU-1	P7	0.965
Intermediate Mono-1__MDS585	MDS585	NYU-1	P3	0.979
Intermediate Mono-2__MDS585	MDS585	NYU-1	P0	0.982
Intermediate Mono-3__MDS585	MDS585	NYU-1	P6	0.984
LMPP-1__MDS585	MDS585	NYU-1	P8	0.942
LMPP-1-cycling__MDS585	MDS585	NYU-1	P3	0.967
MAIT__MDS585	MDS585	NYU-1	P3	0.971
MDP-1__MDS585	MDS585	NYU-1	P6	0.904
MDP-2__MDS585	MDS585	NYU-1	P13	0.965
MEP-2__MDS585	MDS585	NYU-1	P3	0.967
MEP-Eryth-1__MDS585	MDS585	NYU-1	P6	0.925
MEP-Eryth-2__MDS585	MDS585	NYU-1	P7	0.941
MPP-1__MDS585	MDS585	NYU-1	P3	0.958
MPP-MEP__MDS585	MDS585	NYU-1	P8	0.974
Mono-1__MDS585	MDS585	NYU-1	P6	0.946
Mono-2__MDS585	MDS585	NYU-1	P7	0.975
MultiLin-GMP-1__MDS585	MDS585	NYU-1	P3	0.975
MultiLin-GMP-2__MDS585	MDS585	NYU-1	P7	0.977
MultiLin-GMP-3__MDS585	MDS585	NYU-1	P7	0.971
Multilin-1__MDS585	MDS585	NYU-1	P3	0.953
Multilin-2__MDS585	MDS585	NYU-1	P10	0.925
Myeloid intermediate 2__MDS585	MDS585	NYU-1	P7	0.985
NK-Mature__MDS585	MDS585	NYU-1	P8	0.986
Non-Classical Mono-2__MDS585	MDS585	NYU-1	P8	0.969
Plasma Cell__MDS585	MDS585	NYU-1	P7	0.964
T CD4 Activated__MDS585	MDS585	NYU-1	P8	0.942
T CD4 Naive-1__MDS585	MDS585	NYU-1	P8	0.959
cDC1__MDS585	MDS585	NYU-1	P10	0.96
cDC2-1__MDS585	MDS585	NYU-1	P7	0.969
cDC2-2__MDS585	MDS585	NYU-1	P3	0.973
pDC__MDS585	MDS585	NYU-1	P3	0.925
pre-DC-3__MDS585	MDS585	NYU-1	P7	0.955
preNeu__MDS585	MDS585	NYU-1	P13	0.961
B Memory-1__NA-SRR16208928	NA-SRR16208928	NYU-1	P2	0.943
CD4 TCM__NA-SRR16208928	NA-SRR16208928	NYU-1	P7	0.981
CD8 TEM__NA-SRR16208928	NA-SRR16208928	NYU-1	P7	0.978
Classical-Mono__NA-SRR16208928	NA-SRR16208928	NYU-1	P8	0.968
ERP-8__NA-SRR16208928	NA-SRR16208928	NYU-1	P6	0.972
Erythroblast-1__NA-SRR16208928	NA-SRR16208928	NYU-1	P6	0.949
Erythroblast-3__NA-SRR16208928	NA-SRR16208928	NYU-1	P8	0.892
Intermediate Mono-1__NA-SRR16208928	NA-SRR16208928	NYU-1	P8	0.973
Intermediate Mono-2__NA-SRR16208928	NA-SRR16208928	NYU-1	P8	0.976
Intermediate Mono-3__NA-SRR16208928	NA-SRR16208928	NYU-1	P8	0.966
LMPP-1-cycling__NA-SRR16208928	NA-SRR16208928	NYU-1	P10	0.973
LMPP-2__NA-SRR16208928	NA-SRR16208928	NYU-1	P7	0.925
MAIT__NA-SRR16208928	NA-SRR16208928	NYU-1	P7	0.981
MDP-1__NA-SRR16208928	NA-SRR16208928	NYU-1	P12	0.92
MDP-2__NA-SRR16208928	NA-SRR16208928	NYU-1	P10	0.936
MPP-1__NA-SRR16208928	NA-SRR16208928	NYU-1	P13	0.945
MPP-MEP__NA-SRR16208928	NA-SRR16208928	NYU-1	P10	0.968
Mono-1__NA-SRR16208928	NA-SRR16208928	NYU-1	P0	0.945
Mono-2__NA-SRR16208928	NA-SRR16208928	NYU-1	P8	0.965
MultiLin-GMP-1__NA-SRR16208928	NA-SRR16208928	NYU-1	P8	0.95
Multilin-1__NA-SRR16208928	NA-SRR16208928	NYU-1	P10	0.96
NK-Mature__NA-SRR16208928	NA-SRR16208928	NYU-1	P7	0.981
Non-Classical Mono-2__NA-SRR16208928	NA-SRR16208928	NYU-1	P8	0.964
Plasma Cell__NA-SRR16208928	NA-SRR16208928	NYU-1	P7	0.955
T CD4 Naive-1__NA-SRR16208928	NA-SRR16208928	NYU-1	P6	0.962
cDC1__NA-SRR16208928	NA-SRR16208928	NYU-1	P10	0.966
cDC2-1__NA-SRR16208928	NA-SRR16208928	NYU-1	P8	0.975
cDC2-2__NA-SRR16208928	NA-SRR16208928	NYU-1	P8	0.971
pre-DC-1__NA-SRR16208928	NA-SRR16208928	NYU-1	P8	0.954
pre-DC-2__NA-SRR16208928	NA-SRR16208928	NYU-1	P10	0.963
pre-DC-3__NA-SRR16208928	NA-SRR16208928	NYU-1	P8	0.963
B Memory-1__NA-SRR16208929	NA-SRR16208929	NYU-1	P6	0.914
CD4 TCM__NA-SRR16208929	NA-SRR16208929	NYU-1	P7	0.979
CD8 TEM__NA-SRR16208929	NA-SRR16208929	NYU-1	P7	0.974
Classical-Mono__NA-SRR16208929	NA-SRR16208929	NYU-1	P5	0.959
ERP-8__NA-SRR16208929	NA-SRR16208929	NYU-1	P6	0.962
Intermediate Mono-1__NA-SRR16208929	NA-SRR16208929	NYU-1	P8	0.966
Intermediate Mono-2__NA-SRR16208929	NA-SRR16208929	NYU-1	P5	0.969
Intermediate Mono-3__NA-SRR16208929	NA-SRR16208929	NYU-1	P10	0.965
LMPP-1-cycling__NA-SRR16208929	NA-SRR16208929	NYU-1	P10	0.968
LMPP-2__NA-SRR16208929	NA-SRR16208929	NYU-1	P7	0.924
MAIT__NA-SRR16208929	NA-SRR16208929	NYU-1	P7	0.975
MDP-1__NA-SRR16208929	NA-SRR16208929	NYU-1	P6	0.899
MDP-2__NA-SRR16208929	NA-SRR16208929	NYU-1	P10	0.934
MPP-1__NA-SRR16208929	NA-SRR16208929	NYU-1	P13	0.945
MPP-MEP__NA-SRR16208929	NA-SRR16208929	NYU-1	P10	0.962
Mono-1__NA-SRR16208929	NA-SRR16208929	NYU-1	P10	0.923
Mono-2__NA-SRR16208929	NA-SRR16208929	NYU-1	P6	0.957
MultiLin-GMP-1__NA-SRR16208929	NA-SRR16208929	NYU-1	P10	0.954
Multilin-1__NA-SRR16208929	NA-SRR16208929	NYU-1	P10	0.949
NK-Mature__NA-SRR16208929	NA-SRR16208929	NYU-1	P7	0.977
Non-Classical Mono-2__NA-SRR16208929	NA-SRR16208929	NYU-1	P8	0.958
Plasma Cell__NA-SRR16208929	NA-SRR16208929	NYU-1	P7	0.953
T CD4 Naive-1__NA-SRR16208929	NA-SRR16208929	NYU-1	P7	0.974
cDC1__NA-SRR16208929	NA-SRR16208929	NYU-1	P10	0.964
cDC2-1__NA-SRR16208929	NA-SRR16208929	NYU-1	P10	0.971
cDC2-2__NA-SRR16208929	NA-SRR16208929	NYU-1	P6	0.96
pDC__NA-SRR16208929	NA-SRR16208929	NYU-1	P1	0.933
pre-DC-1__NA-SRR16208929	NA-SRR16208929	NYU-1	P10	0.943
pre-DC-2__NA-SRR16208929	NA-SRR16208929	NYU-1	P10	0.959
pre-DC-3__NA-SRR16208929	NA-SRR16208929	NYU-1	P10	0.962
B Memory-1__NA-SRR16208930	NA-SRR16208930	NYU-1	P5	0.948
BMCP-1__NA-SRR16208930	NA-SRR16208930	NYU-1	P0	0.93
CD4 TCM__NA-SRR16208930	NA-SRR16208930	NYU-1	P2	0.95
CD8 TEM__NA-SRR16208930	NA-SRR16208930	NYU-1	P2	0.951
CLP__NA-SRR16208930	NA-SRR16208930	NYU-1	P2	0.966
Classical-Mono__NA-SRR16208930	NA-SRR16208930	NYU-1	P5	0.96
ERP-4__NA-SRR16208930	NA-SRR16208930	NYU-1	P6	0.95
ERP-5__NA-SRR16208930	NA-SRR16208930	NYU-1	P6	0.974
ERP-6__NA-SRR16208930	NA-SRR16208930	NYU-1	P8	0.964
ERP-7__NA-SRR16208930	NA-SRR16208930	NYU-1	P6	0.982
ERP-8__NA-SRR16208930	NA-SRR16208930	NYU-1	P6	0.983
Erythroblast-1__NA-SRR16208930	NA-SRR16208930	NYU-1	P6	0.976
Erythroblast-2__NA-SRR16208930	NA-SRR16208930	NYU-1	P8	0.913
Erythroblast-3__NA-SRR16208930	NA-SRR16208930	NYU-1	P6	0.966
Intermediate Mono-1__NA-SRR16208930	NA-SRR16208930	NYU-1	P6	0.971
Intermediate Mono-2__NA-SRR16208930	NA-SRR16208930	NYU-1	P6	0.962
Intermediate Mono-3__NA-SRR16208930	NA-SRR16208930	NYU-1	P5	0.976
LMPP-1__NA-SRR16208930	NA-SRR16208930	NYU-1	P15	0.963
LMPP-1-cycling__NA-SRR16208930	NA-SRR16208930	NYU-1	P15	0.978
LMPP-2__NA-SRR16208930	NA-SRR16208930	NYU-1	P10	0.963
MAIT__NA-SRR16208930	NA-SRR16208930	NYU-1	P2	0.924
MDP-1__NA-SRR16208930	NA-SRR16208930	NYU-1	P2	0.929
MDP-2__NA-SRR16208930	NA-SRR16208930	NYU-1	P15	0.974
MDP-3__NA-SRR16208930	NA-SRR16208930	NYU-1	P0	0.918
MDP-6__NA-SRR16208930	NA-SRR16208930	NYU-1	P2	0.946
MEP-1__NA-SRR16208930	NA-SRR16208930	NYU-1	P15	0.965
MEP-2__NA-SRR16208930	NA-SRR16208930	NYU-1	P15	0.952
MEP-Eryth-1__NA-SRR16208930	NA-SRR16208930	NYU-1	P6	0.966
MEP-Eryth-2__NA-SRR16208930	NA-SRR16208930	NYU-1	P0	0.948
MKP-early__NA-SRR16208930	NA-SRR16208930	NYU-1	P6	0.948
MPP-1__NA-SRR16208930	NA-SRR16208930	NYU-1	P5	0.937
MPP-MEP__NA-SRR16208930	NA-SRR16208930	NYU-1	P15	0.964
Mono-1__NA-SRR16208930	NA-SRR16208930	NYU-1	P5	0.97
Mono-2__NA-SRR16208930	NA-SRR16208930	NYU-1	P5	0.969
MultiLin-GMP-1__NA-SRR16208930	NA-SRR16208930	NYU-1	P7	0.95
MultiLin-GMP-2__NA-SRR16208930	NA-SRR16208930	NYU-1	P15	0.985
MultiLin-GMP-3__NA-SRR16208930	NA-SRR16208930	NYU-1	P15	0.977
Multilin-1__NA-SRR16208930	NA-SRR16208930	NYU-1	P10	0.972
Multilin-2__NA-SRR16208930	NA-SRR16208930	NYU-1	P15	0.973
Myeloid intermediate 1__NA-SRR16208930	NA-SRR16208930	NYU-1	P15	0.981
Myeloid intermediate 2__NA-SRR16208930	NA-SRR16208930	NYU-1	P15	0.978
Myeloid intermediate 3__NA-SRR16208930	NA-SRR16208930	NYU-1	P15	0.969
NK-Mature__NA-SRR16208930	NA-SRR16208930	NYU-1	P2	0.954
Non-Classical Mono-2__NA-SRR16208930	NA-SRR16208930	NYU-1	P2	0.967
Pro-B-1__NA-SRR16208930	NA-SRR16208930	NYU-1	P2	0.96
Pro-B-3__NA-SRR16208930	NA-SRR16208930	NYU-1	P2	0.955
Pro-B-Early__NA-SRR16208930	NA-SRR16208930	NYU-1	P2	0.959
Pro-B-Early-cycling__NA-SRR16208930	NA-SRR16208930	NYU-1	P2	0.961
Pro-B-cycling-1__NA-SRR16208930	NA-SRR16208930	NYU-1	P2	0.949
Pro-B-cycling-2__NA-SRR16208930	NA-SRR16208930	NYU-1	P2	0.964
T CD4 Activated__NA-SRR16208930	NA-SRR16208930	NYU-1	P2	0.888
T CD4 Naive-1__NA-SRR16208930	NA-SRR16208930	NYU-1	P6	0.942
T CD8 Naive__NA-SRR16208930	NA-SRR16208930	NYU-1	P2	0.898
Transitional-B-1__NA-SRR16208930	NA-SRR16208930	NYU-1	P2	0.961
cDC1__NA-SRR16208930	NA-SRR16208930	NYU-1	P15	0.961
cDC2-1__NA-SRR16208930	NA-SRR16208930	NYU-1	P6	0.965
cDC2-2__NA-SRR16208930	NA-SRR16208930	NYU-1	P0	0.972
cMOP__NA-SRR16208930	NA-SRR16208930	NYU-1	P0	0.959
immNeu-1__NA-SRR16208930	NA-SRR16208930	NYU-1	P15	0.974
pDC__NA-SRR16208930	NA-SRR16208930	NYU-1	P2	0.962
pre-B__NA-SRR16208930	NA-SRR16208930	NYU-1	P6	0.964
pre-DC-1__NA-SRR16208930	NA-SRR16208930	NYU-1	P6	0.963
pre-DC-2__NA-SRR16208930	NA-SRR16208930	NYU-1	P15	0.955
pre-DC-3__NA-SRR16208930	NA-SRR16208930	NYU-1	P6	0.949
preNeu__NA-SRR16208930	NA-SRR16208930	NYU-1	P15	0.978
B Memory-1__NA-SRR16208931	NA-SRR16208931	NYU-1	P2	0.946
BMCP-1__NA-SRR16208931	NA-SRR16208931	NYU-1	P2	0.929
CD4 TCM__NA-SRR16208931	NA-SRR16208931	NYU-1	P5	0.939
CD8 TEM__NA-SRR16208931	NA-SRR16208931	NYU-1	P2	0.942
CLP__NA-SRR16208931	NA-SRR16208931	NYU-1	P2	0.963
Classical-Mono__NA-SRR16208931	NA-SRR16208931	NYU-1	P5	0.961
ERP-5__NA-SRR16208931	NA-SRR16208931	NYU-1	P6	0.974
ERP-6__NA-SRR16208931	NA-SRR16208931	NYU-1	P8	0.964
ERP-7__NA-SRR16208931	NA-SRR16208931	NYU-1	P6	0.982
ERP-8__NA-SRR16208931	NA-SRR16208931	NYU-1	P6	0.983
Erythroblast-1__NA-SRR16208931	NA-SRR16208931	NYU-1	P6	0.977
Erythroblast-2__NA-SRR16208931	NA-SRR16208931	NYU-1	P6	0.924
Erythroblast-3__NA-SRR16208931	NA-SRR16208931	NYU-1	P6	0.969
Intermediate Mono-1__NA-SRR16208931	NA-SRR16208931	NYU-1	P5	0.974
Intermediate Mono-2__NA-SRR16208931	NA-SRR16208931	NYU-1	P6	0.96
Intermediate Mono-3__NA-SRR16208931	NA-SRR16208931	NYU-1	P5	0.975
LMPP-1__NA-SRR16208931	NA-SRR16208931	NYU-1	P15	0.974
LMPP-1-cycling__NA-SRR16208931	NA-SRR16208931	NYU-1	P15	0.976
LMPP-2__NA-SRR16208931	NA-SRR16208931	NYU-1	P15	0.963
MAIT__NA-SRR16208931	NA-SRR16208931	NYU-1	P3	0.916
MDP-1__NA-SRR16208931	NA-SRR16208931	NYU-1	P15	0.944
MDP-2__NA-SRR16208931	NA-SRR16208931	NYU-1	P15	0.974
MDP-3__NA-SRR16208931	NA-SRR16208931	NYU-1	P6	0.935
MDP-6__NA-SRR16208931	NA-SRR16208931	NYU-1	P6	0.953
MEP-1__NA-SRR16208931	NA-SRR16208931	NYU-1	P15	0.965
MEP-2__NA-SRR16208931	NA-SRR16208931	NYU-1	P15	0.964
MEP-Eryth-1__NA-SRR16208931	NA-SRR16208931	NYU-1	P0	0.947
MEP-Eryth-2__NA-SRR16208931	NA-SRR16208931	NYU-1	P8	0.952
MKP-early__NA-SRR16208931	NA-SRR16208931	NYU-1	P6	0.962
MPP-1__NA-SRR16208931	NA-SRR16208931	NYU-1	P6	0.937
MPP-MEP__NA-SRR16208931	NA-SRR16208931	NYU-1	P15	0.965
Mono-1__NA-SRR16208931	NA-SRR16208931	NYU-1	P5	0.965
Mono-2__NA-SRR16208931	NA-SRR16208931	NYU-1	P5	0.969
MultiLin-GMP-1__NA-SRR16208931	NA-SRR16208931	NYU-1	P7	0.95
MultiLin-GMP-2__NA-SRR16208931	NA-SRR16208931	NYU-1	P15	0.983
MultiLin-GMP-3__NA-SRR16208931	NA-SRR16208931	NYU-1	P15	0.978
Multilin-1__NA-SRR16208931	NA-SRR16208931	NYU-1	P15	0.976
Multilin-2__NA-SRR16208931	NA-SRR16208931	NYU-1	P15	0.963
Myeloid intermediate 1__NA-SRR16208931	NA-SRR16208931	NYU-1	P15	0.98
Myeloid intermediate 2__NA-SRR16208931	NA-SRR16208931	NYU-1	P15	0.978
Myeloid intermediate 3__NA-SRR16208931	NA-SRR16208931	NYU-1	P15	0.966
NK-Mature__NA-SRR16208931	NA-SRR16208931	NYU-1	P2	0.953
Non-Classical Mono-2__NA-SRR16208931	NA-SRR16208931	NYU-1	P2	0.968
Pro-B-1__NA-SRR16208931	NA-SRR16208931	NYU-1	P2	0.963
Pro-B-3__NA-SRR16208931	NA-SRR16208931	NYU-1	P2	0.955
Pro-B-Early__NA-SRR16208931	NA-SRR16208931	NYU-1	P2	0.955
Pro-B-Early-cycling__NA-SRR16208931	NA-SRR16208931	NYU-1	P2	0.963
Pro-B-cycling-1__NA-SRR16208931	NA-SRR16208931	NYU-1	P2	0.956
Pro-B-cycling-2__NA-SRR16208931	NA-SRR16208931	NYU-1	P2	0.966
T CD4 Naive-1__NA-SRR16208931	NA-SRR16208931	NYU-1	P5	0.925
Transitional-B-1__NA-SRR16208931	NA-SRR16208931	NYU-1	P2	0.955
cDC1__NA-SRR16208931	NA-SRR16208931	NYU-1	P15	0.969
cDC2-1__NA-SRR16208931	NA-SRR16208931	NYU-1	P6	0.963
cDC2-2__NA-SRR16208931	NA-SRR16208931	NYU-1	P6	0.97
cMOP__NA-SRR16208931	NA-SRR16208931	NYU-1	P0	0.957
immNeu-1__NA-SRR16208931	NA-SRR16208931	NYU-1	P15	0.975
pDC__NA-SRR16208931	NA-SRR16208931	NYU-1	P2	0.962
pre-B__NA-SRR16208931	NA-SRR16208931	NYU-1	P6	0.963
pre-DC-1__NA-SRR16208931	NA-SRR16208931	NYU-1	P6	0.963
pre-DC-2__NA-SRR16208931	NA-SRR16208931	NYU-1	P6	0.953
pre-DC-3__NA-SRR16208931	NA-SRR16208931	NYU-1	P0	0.948
preNeu__NA-SRR16208931	NA-SRR16208931	NYU-1	P15	0.981
B Memory-1__NA-SRR16208932	NA-SRR16208932	NYU-1	P2	0.946
CD4 TCM__NA-SRR16208932	NA-SRR16208932	NYU-1	P2	0.944
CD8 TEM__NA-SRR16208932	NA-SRR16208932	NYU-1	P2	0.94
CLP__NA-SRR16208932	NA-SRR16208932	NYU-1	P2	0.968
Classical-Mono__NA-SRR16208932	NA-SRR16208932	NYU-1	P5	0.961
ERP-4__NA-SRR16208932	NA-SRR16208932	NYU-1	P6	0.95
ERP-5__NA-SRR16208932	NA-SRR16208932	NYU-1	P6	0.976
ERP-6__NA-SRR16208932	NA-SRR16208932	NYU-1	P6	0.967
ERP-7__NA-SRR16208932	NA-SRR16208932	NYU-1	P6	0.982
ERP-8__NA-SRR16208932	NA-SRR16208932	NYU-1	P6	0.983
Erythroblast-1__NA-SRR16208932	NA-SRR16208932	NYU-1	P6	0.977
Erythroblast-3__NA-SRR16208932	NA-SRR16208932	NYU-1	P6	0.969
Intermediate Mono-1__NA-SRR16208932	NA-SRR16208932	NYU-1	P5	0.974
Intermediate Mono-2__NA-SRR16208932	NA-SRR16208932	NYU-1	P5	0.963
Intermediate Mono-3__NA-SRR16208932	NA-SRR16208932	NYU-1	P5	0.974
LMPP-1__NA-SRR16208932	NA-SRR16208932	NYU-1	P15	0.974
LMPP-1-cycling__NA-SRR16208932	NA-SRR16208932	NYU-1	P15	0.977
LMPP-2__NA-SRR16208932	NA-SRR16208932	NYU-1	P5	0.954
MAIT__NA-SRR16208932	NA-SRR16208932	NYU-1	P2	0.892
MDP-1__NA-SRR16208932	NA-SRR16208932	NYU-1	P15	0.945
MDP-2__NA-SRR16208932	NA-SRR16208932	NYU-1	P15	0.971
MDP-3__NA-SRR16208932	NA-SRR16208932	NYU-1	P0	0.935
MDP-6__NA-SRR16208932	NA-SRR16208932	NYU-1	P6	0.942
MEP-1__NA-SRR16208932	NA-SRR16208932	NYU-1	P15	0.968
MEP-2__NA-SRR16208932	NA-SRR16208932	NYU-1	P15	0.953
MEP-Eryth-1__NA-SRR16208932	NA-SRR16208932	NYU-1	P6	0.958
MEP-Eryth-2__NA-SRR16208932	NA-SRR16208932	NYU-1	P8	0.962
MKP-early__NA-SRR16208932	NA-SRR16208932	NYU-1	P6	0.953
MPP-1__NA-SRR16208932	NA-SRR16208932	NYU-1	P0	0.938
MPP-MEP__NA-SRR16208932	NA-SRR16208932	NYU-1	P15	0.965
Mono-1__NA-SRR16208932	NA-SRR16208932	NYU-1	P5	0.97
Mono-2__NA-SRR16208932	NA-SRR16208932	NYU-1	P5	0.97
MultiLin-GMP-1__NA-SRR16208932	NA-SRR16208932	NYU-1	P7	0.952
MultiLin-GMP-2__NA-SRR16208932	NA-SRR16208932	NYU-1	P15	0.984
MultiLin-GMP-3__NA-SRR16208932	NA-SRR16208932	NYU-1	P15	0.977
Multilin-1__NA-SRR16208932	NA-SRR16208932	NYU-1	P10	0.968
Multilin-2__NA-SRR16208932	NA-SRR16208932	NYU-1	P15	0.97
Myeloid intermediate 1__NA-SRR16208932	NA-SRR16208932	NYU-1	P15	0.981
Myeloid intermediate 2__NA-SRR16208932	NA-SRR16208932	NYU-1	P15	0.979
Myeloid intermediate 3__NA-SRR16208932	NA-SRR16208932	NYU-1	P15	0.97
NK-Mature__NA-SRR16208932	NA-SRR16208932	NYU-1	P2	0.958
Non-Classical Mono-2__NA-SRR16208932	NA-SRR16208932	NYU-1	P2	0.968
Pro-B-1__NA-SRR16208932	NA-SRR16208932	NYU-1	P2	0.959
Pro-B-3__NA-SRR16208932	NA-SRR16208932	NYU-1	P2	0.953
Pro-B-Early__NA-SRR16208932	NA-SRR16208932	NYU-1	P0	0.954
Pro-B-Early-cycling__NA-SRR16208932	NA-SRR16208932	NYU-1	P2	0.955
Pro-B-cycling-1__NA-SRR16208932	NA-SRR16208932	NYU-1	P2	0.958
Pro-B-cycling-2__NA-SRR16208932	NA-SRR16208932	NYU-1	P2	0.963
T CD4 Activated__NA-SRR16208932	NA-SRR16208932	NYU-1	P2	0.903
T CD4 Naive-1__NA-SRR16208932	NA-SRR16208932	NYU-1	P3	0.935
Transitional-B-1__NA-SRR16208932	NA-SRR16208932	NYU-1	P2	0.96
cDC1__NA-SRR16208932	NA-SRR16208932	NYU-1	P15	0.957
cDC2-1__NA-SRR16208932	NA-SRR16208932	NYU-1	P6	0.963
cDC2-2__NA-SRR16208932	NA-SRR16208932	NYU-1	P0	0.972
cMOP__NA-SRR16208932	NA-SRR16208932	NYU-1	P0	0.959
immNeu-1__NA-SRR16208932	NA-SRR16208932	NYU-1	P15	0.974
pDC__NA-SRR16208932	NA-SRR16208932	NYU-1	P2	0.961
pre-B__NA-SRR16208932	NA-SRR16208932	NYU-1	P2	0.964
pre-DC-1__NA-SRR16208932	NA-SRR16208932	NYU-1	P6	0.964
pre-DC-2__NA-SRR16208932	NA-SRR16208932	NYU-1	P2	0.941
pre-DC-3__NA-SRR16208932	NA-SRR16208932	NYU-1	P7	0.933
preNeu__NA-SRR16208932	NA-SRR16208932	NYU-1	P15	0.98
BMCP-1__P01__Diagnosis	P01__Diagnosis	EBI	P4	0.912
CD4 TCM__P01__Diagnosis	P01__Diagnosis	EBI	P2	0.977
CD8 TEM__P01__Diagnosis	P01__Diagnosis	EBI	P2	0.966
CLP__P01__Diagnosis	P01__Diagnosis	EBI	P10	0.928
ERP-6__P01__Diagnosis	P01__Diagnosis	EBI	P10	0.872
Erythroblast-1__P01__Diagnosis	P01__Diagnosis	EBI	P10	0.877
Erythroblast-2__P01__Diagnosis	P01__Diagnosis	EBI	P4	0.913
Erythroblast-3__P01__Diagnosis	P01__Diagnosis	EBI	P14	0.879
LMPP-1__P01__Diagnosis	P01__Diagnosis	EBI	P10	0.949
LMPP-1-cycling__P01__Diagnosis	P01__Diagnosis	EBI	P4	0.957
LMPP-2__P01__Diagnosis	P01__Diagnosis	EBI	P4	0.887
MAIT__P01__Diagnosis	P01__Diagnosis	EBI	P2	0.951
MDP-2__P01__Diagnosis	P01__Diagnosis	EBI	P4	0.954
MEP-2__P01__Diagnosis	P01__Diagnosis	EBI	P10	0.929
MPP-MEP__P01__Diagnosis	P01__Diagnosis	EBI	P10	0.958
Mono-1__P01__Diagnosis	P01__Diagnosis	EBI	P10	0.946
MultiLin-GMP-1__P01__Diagnosis	P01__Diagnosis	EBI	P4	0.954
MultiLin-GMP-2__P01__Diagnosis	P01__Diagnosis	EBI	P10	0.969
MultiLin-GMP-3__P01__Diagnosis	P01__Diagnosis	EBI	P4	0.964
Multilin-2__P01__Diagnosis	P01__Diagnosis	EBI	P4	0.955
Myeloid intermediate 1__P01__Diagnosis	P01__Diagnosis	EBI	P4	0.954
Myeloid intermediate 2__P01__Diagnosis	P01__Diagnosis	EBI	P4	0.966
Myeloid intermediate 3__P01__Diagnosis	P01__Diagnosis	EBI	P4	0.961
NK-Mature__P01__Diagnosis	P01__Diagnosis	EBI	P2	0.968
T CD4 Naive-1__P01__Diagnosis	P01__Diagnosis	EBI	P2	0.967
T CD4 Naive-2__P01__Diagnosis	P01__Diagnosis	EBI	P2	0.97
T CD8 Naive__P01__Diagnosis	P01__Diagnosis	EBI	P7	0.946
immNeu-1__P01__Diagnosis	P01__Diagnosis	EBI	P10	0.949
preNeu__P01__Diagnosis	P01__Diagnosis	EBI	P10	0.972
BMCP-1__P01__Relapse	P01__Relapse	EBI	P4	0.922
CD4 TCM__P01__Relapse	P01__Relapse	EBI	P6	0.873
CD8 TEM__P01__Relapse	P01__Relapse	EBI	P6	0.916
Classical-Mono__P01__Relapse	P01__Relapse	EBI	P6	0.929
ERP-5__P01__Relapse	P01__Relapse	EBI	P4	0.949
ERP-6__P01__Relapse	P01__Relapse	EBI	P4	0.95
Erythroblast-1__P01__Relapse	P01__Relapse	EBI	P4	0.947
Erythroblast-2__P01__Relapse	P01__Relapse	EBI	P4	0.936
Erythroblast-3__P01__Relapse	P01__Relapse	EBI	P6	0.964
Intermediate Mono-1__P01__Relapse	P01__Relapse	EBI	P6	0.904
LMPP-1__P01__Relapse	P01__Relapse	EBI	P10	0.941
LMPP-1-cycling__P01__Relapse	P01__Relapse	EBI	P4	0.937
MEP-1__P01__Relapse	P01__Relapse	EBI	P4	0.955
MEP-2__P01__Relapse	P01__Relapse	EBI	P4	0.948
MEP-Eryth-2__P01__Relapse	P01__Relapse	EBI	P4	0.949
MPP-MEP__P01__Relapse	P01__Relapse	EBI	P4	0.958
Mono-2__P01__Relapse	P01__Relapse	EBI	P6	0.892
MultiLin-GMP-1__P01__Relapse	P01__Relapse	EBI	P4	0.96
MultiLin-GMP-2__P01__Relapse	P01__Relapse	EBI	P4	0.97
MultiLin-GMP-3__P01__Relapse	P01__Relapse	EBI	P4	0.97
Multilin-1__P01__Relapse	P01__Relapse	EBI	P4	0.959
Myeloid intermediate 1__P01__Relapse	P01__Relapse	EBI	P4	0.965
Myeloid intermediate 3__P01__Relapse	P01__Relapse	EBI	P4	0.95
NK-Mature__P01__Relapse	P01__Relapse	EBI	P7	0.913
Plasma Cell__P01__Relapse	P01__Relapse	EBI	P6	0.973
immNeu-1__P01__Relapse	P01__Relapse	EBI	P4	0.967
preNeu__P01__Relapse	P01__Relapse	EBI	P4	0.971
B Memory-2__P02__Diagnosis	P02__Diagnosis	EBI	P6	0.927
BMCP-1__P02__Diagnosis	P02__Diagnosis	EBI	P4	0.906
CD4 TCM__P02__Diagnosis	P02__Diagnosis	EBI	P2	0.963
Erythroblast-3__P02__Diagnosis	P02__Diagnosis	EBI	P14	0.906
LMPP-1__P02__Diagnosis	P02__Diagnosis	EBI	P11	0.939
LMPP-1-cycling__P02__Diagnosis	P02__Diagnosis	EBI	P4	0.942
LMPP-2__P02__Diagnosis	P02__Diagnosis	EBI	P4	0.896
MDP-1__P02__Diagnosis	P02__Diagnosis	EBI	P14	0.846
MDP-2__P02__Diagnosis	P02__Diagnosis	EBI	P4	0.949
MEP-1__P02__Diagnosis	P02__Diagnosis	EBI	P4	0.946
MEP-2__P02__Diagnosis	P02__Diagnosis	EBI	P11	0.941
MEP-Eryth-2__P02__Diagnosis	P02__Diagnosis	EBI	P11	0.949
MPP-MEP__P02__Diagnosis	P02__Diagnosis	EBI	P11	0.951
Mono-1__P02__Diagnosis	P02__Diagnosis	EBI	P14	0.89
MultiLin-GMP-1__P02__Diagnosis	P02__Diagnosis	EBI	P4	0.946
MultiLin-GMP-2__P02__Diagnosis	P02__Diagnosis	EBI	P11	0.959
MultiLin-GMP-3__P02__Diagnosis	P02__Diagnosis	EBI	P4	0.937
Multilin-1__P02__Diagnosis	P02__Diagnosis	EBI	P4	0.948
Multilin-2__P02__Diagnosis	P02__Diagnosis	EBI	P4	0.94
Myeloid intermediate 1__P02__Diagnosis	P02__Diagnosis	EBI	P11	0.946
Myeloid intermediate 2__P02__Diagnosis	P02__Diagnosis	EBI	P4	0.949
Myeloid intermediate 3__P02__Diagnosis	P02__Diagnosis	EBI	P4	0.946
NK-Mature__P02__Diagnosis	P02__Diagnosis	EBI	P2	0.943
T CD4 Naive-2__P02__Diagnosis	P02__Diagnosis	EBI	P2	0.97
cDC1__P02__Diagnosis	P02__Diagnosis	EBI	P14	0.889
preNeu__P02__Diagnosis	P02__Diagnosis	EBI	P11	0.962
CD4 TCM__P02__Relapse	P02__Relapse	EBI	P2	0.974
CD8 TEM__P02__Relapse	P02__Relapse	EBI	P2	0.951
Classical-Mono__P02__Relapse	P02__Relapse	EBI	P5	0.969
ERP-5__P02__Relapse	P02__Relapse	EBI	P6	0.917
ERP-8__P02__Relapse	P02__Relapse	EBI	P6	0.961
Erythroblast-1__P02__Relapse	P02__Relapse	EBI	P6	0.971
Erythroblast-2__P02__Relapse	P02__Relapse	EBI	P6	0.943
Erythroblast-3__P02__Relapse	P02__Relapse	EBI	P6	0.942
Intermediate Mono-1__P02__Relapse	P02__Relapse	EBI	P14	0.959
Intermediate Mono-2__P02__Relapse	P02__Relapse	EBI	P5	0.959
Intermediate Mono-3__P02__Relapse	P02__Relapse	EBI	P8	0.954
LMPP-1__P02__Relapse	P02__Relapse	EBI	P6	0.96
MAIT__P02__Relapse	P02__Relapse	EBI	P2	0.961
Mono-1__P02__Relapse	P02__Relapse	EBI	P6	0.969
Mono-2__P02__Relapse	P02__Relapse	EBI	P6	0.974
MultiLin-GMP-2__P02__Relapse	P02__Relapse	EBI	P6	0.967
Myeloid intermediate 1__P02__Relapse	P02__Relapse	EBI	P7	0.953
Myeloid intermediate 2__P02__Relapse	P02__Relapse	EBI	P4	0.962
Myeloid intermediate 3__P02__Relapse	P02__Relapse	EBI	P4	0.962
NK-Mature__P02__Relapse	P02__Relapse	EBI	P2	0.972
T CD4 Naive-1__P02__Relapse	P02__Relapse	EBI	P2	0.942
T CD4 Naive-2__P02__Relapse	P02__Relapse	EBI	P2	0.96
T CD8 Naive__P02__Relapse	P02__Relapse	EBI	P2	0.946
cDC1__P02__Relapse	P02__Relapse	EBI	P4	0.951
cDC2-1__P02__Relapse	P02__Relapse	EBI	P6	0.962
cMOP__P02__Relapse	P02__Relapse	EBI	P2	0.97
immNeu-1__P02__Relapse	P02__Relapse	EBI	P6	0.964
pDC__P02__Relapse	P02__Relapse	EBI	P6	0.964
pre-B__P02__Relapse	P02__Relapse	EBI	P6	0.911
pre-DC-2__P02__Relapse	P02__Relapse	EBI	P4	0.952
preNeu__P02__Relapse	P02__Relapse	EBI	P6	0.964
ASDC__P03__Diagnosis	P03__Diagnosis	EBI	P6	0.917
CD4 TCM__P03__Diagnosis	P03__Diagnosis	EBI	P2	0.979
CD8 TEM__P03__Diagnosis	P03__Diagnosis	EBI	P2	0.966
CLP__P03__Diagnosis	P03__Diagnosis	EBI	P6	0.957
ERP-1__P03__Diagnosis	P03__Diagnosis	EBI	P2	0.955
ERP-2__P03__Diagnosis	P03__Diagnosis	EBI	P6	0.967
ERP-4__P03__Diagnosis	P03__Diagnosis	EBI	P7	0.965
ERP-5__P03__Diagnosis	P03__Diagnosis	EBI	P7	0.967
ERP-7__P03__Diagnosis	P03__Diagnosis	EBI	P7	0.972
ERP-8__P03__Diagnosis	P03__Diagnosis	EBI	P6	0.972
Erythroblast-1__P03__Diagnosis	P03__Diagnosis	EBI	P6	0.979
Erythroblast-2__P03__Diagnosis	P03__Diagnosis	EBI	P6	0.966
Erythroblast-3__P03__Diagnosis	P03__Diagnosis	EBI	P6	0.955
LMPP-1__P03__Diagnosis	P03__Diagnosis	EBI	P1	0.963
LMPP-1-cycling__P03__Diagnosis	P03__Diagnosis	EBI	P4	0.954
LMPP-2__P03__Diagnosis	P03__Diagnosis	EBI	P4	0.897
MAIT__P03__Diagnosis	P03__Diagnosis	EBI	P2	0.973
MDP-1__P03__Diagnosis	P03__Diagnosis	EBI	P4	0.863
MDP-2__P03__Diagnosis	P03__Diagnosis	EBI	P4	0.963
MDP-3__P03__Diagnosis	P03__Diagnosis	EBI	P6	0.897
MEP-2__P03__Diagnosis	P03__Diagnosis	EBI	P6	0.97
MKP-early__P03__Diagnosis	P03__Diagnosis	EBI	P6	0.96
MPP-2__P03__Diagnosis	P03__Diagnosis	EBI	P4	0.955
MPP-MEP__P03__Diagnosis	P03__Diagnosis	EBI	P4	0.95
Multilin-1__P03__Diagnosis	P03__Diagnosis	EBI	P4	0.958
Multilin-2__P03__Diagnosis	P03__Diagnosis	EBI	P4	0.97
NK-Mature__P03__Diagnosis	P03__Diagnosis	EBI	P2	0.977
Pro-B-Early__P03__Diagnosis	P03__Diagnosis	EBI	P4	0.924
Pro-B-Early-cycling__P03__Diagnosis	P03__Diagnosis	EBI	P4	0.929
Pro-B-cycling-1__P03__Diagnosis	P03__Diagnosis	EBI	P2	0.936
T CD4 Naive-1__P03__Diagnosis	P03__Diagnosis	EBI	P2	0.95
T CD4 Naive-2__P03__Diagnosis	P03__Diagnosis	EBI	P2	0.981
T CD8 Naive__P03__Diagnosis	P03__Diagnosis	EBI	P2	0.956
pDC__P03__Diagnosis	P03__Diagnosis	EBI	P2	0.965
pre-DC-1__P03__Diagnosis	P03__Diagnosis	EBI	P6	0.958
pre-DC-3__P03__Diagnosis	P03__Diagnosis	EBI	P6	0.943
CD4 TCM__P03__Relapse	P03__Relapse	EBI	P2	0.937
CD8 TEM__P03__Relapse	P03__Relapse	EBI	P6	0.937
CLP__P03__Relapse	P03__Relapse	EBI	P4	0.942
Erythroblast-3__P03__Relapse	P03__Relapse	EBI	P6	0.928
LMPP-1__P03__Relapse	P03__Relapse	EBI	P4	0.969
LMPP-1-cycling__P03__Relapse	P03__Relapse	EBI	P4	0.967
LMPP-2__P03__Relapse	P03__Relapse	EBI	P4	0.905
MDP-1__P03__Relapse	P03__Relapse	EBI	P4	0.859
MDP-2__P03__Relapse	P03__Relapse	EBI	P4	0.97
MDP-3__P03__Relapse	P03__Relapse	EBI	P6	0.889
MDP-4__P03__Relapse	P03__Relapse	EBI	P6	0.898
MDP-6__P03__Relapse	P03__Relapse	EBI	P6	0.91
MEP-2__P03__Relapse	P03__Relapse	EBI	P4	0.946
MPP-2__P03__Relapse	P03__Relapse	EBI	P4	0.956
MPP-MEP__P03__Relapse	P03__Relapse	EBI	P4	0.974
MultiLin-GMP-1__P03__Relapse	P03__Relapse	EBI	P4	0.961
MultiLin-GMP-2__P03__Relapse	P03__Relapse	EBI	P4	0.978
MultiLin-GMP-3__P03__Relapse	P03__Relapse	EBI	P4	0.97
Multilin-1__P03__Relapse	P03__Relapse	EBI	P4	0.972
Multilin-2__P03__Relapse	P03__Relapse	EBI	P4	0.972
NK-Mature__P03__Relapse	P03__Relapse	EBI	P2	0.964
Plasma Cell__P03__Relapse	P03__Relapse	EBI	P2	0.933
T CD4 Naive-2__P03__Relapse	P03__Relapse	EBI	P6	0.923
pDC__P03__Relapse	P03__Relapse	EBI	P6	0.929
CD4 TCM__P04__Diagnosis	P04__Diagnosis	EBI	P7	0.977
CD8 TEM__P04__Diagnosis	P04__Diagnosis	EBI	P7	0.978
ERP-8__P04__Diagnosis	P04__Diagnosis	EBI	P7	0.97
Erythroblast-3__P04__Diagnosis	P04__Diagnosis	EBI	P7	0.972
MAIT__P04__Diagnosis	P04__Diagnosis	EBI	P7	0.977
MDP-1__P04__Diagnosis	P04__Diagnosis	EBI	P14	0.898
MDP-2__P04__Diagnosis	P04__Diagnosis	EBI	P14	0.949
MPP-MEP__P04__Diagnosis	P04__Diagnosis	EBI	P14	0.934
Mono-1__P04__Diagnosis	P04__Diagnosis	EBI	P14	0.967
Mono-2__P04__Diagnosis	P04__Diagnosis	EBI	P14	0.956
MultiLin-GMP-2__P04__Diagnosis	P04__Diagnosis	EBI	P11	0.959
Myeloid intermediate 1__P04__Diagnosis	P04__Diagnosis	EBI	P14	0.913
Myeloid intermediate 2__P04__Diagnosis	P04__Diagnosis	EBI	P14	0.971
Myeloid intermediate 3__P04__Diagnosis	P04__Diagnosis	EBI	P1	0.947
NK-Mature__P04__Diagnosis	P04__Diagnosis	EBI	P7	0.983
T CD4 Naive-2__P04__Diagnosis	P04__Diagnosis	EBI	P7	0.977
T CD8 Naive__P04__Diagnosis	P04__Diagnosis	EBI	P7	0.98
cDC1__P04__Diagnosis	P04__Diagnosis	EBI	P14	0.942
cDC2-1__P04__Diagnosis	P04__Diagnosis	EBI	P14	0.953
cMOP__P04__Diagnosis	P04__Diagnosis	EBI	P7	0.935
preNeu__P04__Diagnosis	P04__Diagnosis	EBI	P11	0.963
CD4 TCM__P04__Relapse	P04__Relapse	EBI	P7	0.898
CD8 TEM__P04__Relapse	P04__Relapse	EBI	P7	0.896
Erythroblast-3__P04__Relapse	P04__Relapse	EBI	P14	0.944
LMPP-1__P04__Relapse	P04__Relapse	EBI	P11	0.955
LMPP-1-cycling__P04__Relapse	P04__Relapse	EBI	P11	0.958
MDP-1__P04__Relapse	P04__Relapse	EBI	P8	0.855
MDP-2__P04__Relapse	P04__Relapse	EBI	P11	0.944
MEP-2__P04__Relapse	P04__Relapse	EBI	P14	0.939
MPP-MEP__P04__Relapse	P04__Relapse	EBI	P11	0.972
MultiLin-GMP-2__P04__Relapse	P04__Relapse	EBI	P11	0.976
MultiLin-GMP-3__P04__Relapse	P04__Relapse	EBI	P1	0.958
Multilin-1__P04__Relapse	P04__Relapse	EBI	P11	0.969
Multilin-2__P04__Relapse	P04__Relapse	EBI	P11	0.954
Myeloid intermediate 1__P04__Relapse	P04__Relapse	EBI	P14	0.95
Myeloid intermediate 2__P04__Relapse	P04__Relapse	EBI	P11	0.944
Myeloid intermediate 3__P04__Relapse	P04__Relapse	EBI	P11	0.906
NK-Mature__P04__Relapse	P04__Relapse	EBI	P7	0.922
cDC1__P04__Relapse	P04__Relapse	EBI	P11	0.927
immNeu-1__P04__Relapse	P04__Relapse	EBI	P14	0.953
preNeu__P04__Relapse	P04__Relapse	EBI	P1	0.965
CD4 TCM__P05__Diagnosis	P05__Diagnosis	EBI	P7	0.974
CD8 TEM__P05__Diagnosis	P05__Diagnosis	EBI	P7	0.946
Classical-Mono__P05__Diagnosis	P05__Diagnosis	EBI	P2	0.894
ERP-5__P05__Diagnosis	P05__Diagnosis	EBI	P7	0.935
ERP-6__P05__Diagnosis	P05__Diagnosis	EBI	P1	0.919
ERP-8__P05__Diagnosis	P05__Diagnosis	EBI	P6	0.944
Erythroblast-1__P05__Diagnosis	P05__Diagnosis	EBI	P6	0.937
Erythroblast-3__P05__Diagnosis	P05__Diagnosis	EBI	P6	0.982
LMPP-1-cycling__P05__Diagnosis	P05__Diagnosis	EBI	P9	0.948
MAIT__P05__Diagnosis	P05__Diagnosis	EBI	P7	0.953
MDP-1__P05__Diagnosis	P05__Diagnosis	EBI	P12	0.887
MDP-2__P05__Diagnosis	P05__Diagnosis	EBI	P12	0.92
MEP-2__P05__Diagnosis	P05__Diagnosis	EBI	P9	0.932
MKP-early__P05__Diagnosis	P05__Diagnosis	EBI	P9	0.938
MPP-1__P05__Diagnosis	P05__Diagnosis	EBI	P8	0.919
MPP-2__P05__Diagnosis	P05__Diagnosis	EBI	P9	0.955
MPP-MEP__P05__Diagnosis	P05__Diagnosis	EBI	P9	0.95
Multilin-1__P05__Diagnosis	P05__Diagnosis	EBI	P12	0.945
Multilin-2__P05__Diagnosis	P05__Diagnosis	EBI	P12	0.944
NK-Mature__P05__Diagnosis	P05__Diagnosis	EBI	P7	0.964
T CD4 Naive-1__P05__Diagnosis	P05__Diagnosis	EBI	P7	0.927
T CD4 Naive-2__P05__Diagnosis	P05__Diagnosis	EBI	P7	0.973
CD4 TCM__P05__Relapse	P05__Relapse	EBI	P7	0.964
CLP__P05__Relapse	P05__Relapse	EBI	P1	0.944
ERP-1__P05__Relapse	P05__Relapse	EBI	P1	0.934
ERP-3__P05__Relapse	P05__Relapse	EBI	P1	0.952
Erythroblast-3__P05__Relapse	P05__Relapse	EBI	P2	0.949
HSC-2__P05__Relapse	P05__Relapse	EBI	P1	0.937
LMPP-1__P05__Relapse	P05__Relapse	EBI	P1	0.972
LMPP-1-cycling__P05__Relapse	P05__Relapse	EBI	P1	0.968
LMPP-2__P05__Relapse	P05__Relapse	EBI	P1	0.953
MAIT__P05__Relapse	P05__Relapse	EBI	P7	0.954
MDP-1__P05__Relapse	P05__Relapse	EBI	P1	0.937
MDP-2__P05__Relapse	P05__Relapse	EBI	P1	0.962
MEP-1__P05__Relapse	P05__Relapse	EBI	P1	0.955
MEP-2__P05__Relapse	P05__Relapse	EBI	P1	0.966
MEP-Eryth-1__P05__Relapse	P05__Relapse	EBI	P1	0.944
MEP-Eryth-2__P05__Relapse	P05__Relapse	EBI	P1	0.964
MKP-early__P05__Relapse	P05__Relapse	EBI	P1	0.945
MKP-late__P05__Relapse	P05__Relapse	EBI	P1	0.927
MPP-1__P05__Relapse	P05__Relapse	EBI	P1	0.961
MPP-2__P05__Relapse	P05__Relapse	EBI	P1	0.97
MPP-MEP__P05__Relapse	P05__Relapse	EBI	P1	0.971
MultiLin-GMP-1__P05__Relapse	P05__Relapse	EBI	P7	0.922
MultiLin-GMP-2__P05__Relapse	P05__Relapse	EBI	P1	0.948
MultiLin-GMP-3__P05__Relapse	P05__Relapse	EBI	P1	0.957
Multilin-1__P05__Relapse	P05__Relapse	EBI	P7	0.963
Multilin-2__P05__Relapse	P05__Relapse	EBI	P1	0.97
NK-Mature__P05__Relapse	P05__Relapse	EBI	P7	0.969
T CD4 Naive-2__P05__Relapse	P05__Relapse	EBI	P7	0.943
B Memory-2__P06__Diagnosis	P06__Diagnosis	EBI	P7	0.946
CD4 TCM__P06__Diagnosis	P06__Diagnosis	EBI	P7	0.95
CD8 TEM__P06__Diagnosis	P06__Diagnosis	EBI	P5	0.962
MAIT__P06__Diagnosis	P06__Diagnosis	EBI	P7	0.939
MDP-2__P06__Diagnosis	P06__Diagnosis	EBI	P11	0.935
Mono-1__P06__Diagnosis	P06__Diagnosis	EBI	P12	0.945
Mono-2__P06__Diagnosis	P06__Diagnosis	EBI	P12	0.94
MultiLin-GMP-3__P06__Diagnosis	P06__Diagnosis	EBI	P12	0.944
Multilin-1__P06__Diagnosis	P06__Diagnosis	EBI	P12	0.948
Myeloid intermediate 1__P06__Diagnosis	P06__Diagnosis	EBI	P12	0.948
Myeloid intermediate 2__P06__Diagnosis	P06__Diagnosis	EBI	P12	0.955
Myeloid intermediate 3__P06__Diagnosis	P06__Diagnosis	EBI	P12	0.946
NK-Mature__P06__Diagnosis	P06__Diagnosis	EBI	P7	0.985
Non-Classical Mono-2__P06__Diagnosis	P06__Diagnosis	EBI	P14	0.933
cDC1__P06__Diagnosis	P06__Diagnosis	EBI	P11	0.938
cDC2-1__P06__Diagnosis	P06__Diagnosis	EBI	P11	0.939
preNeu__P06__Diagnosis	P06__Diagnosis	EBI	P12	0.961
CD4 TCM__P06__Relapse	P06__Relapse	EBI	P7	0.994
CD8 TEM__P06__Relapse	P06__Relapse	EBI	P7	0.99
Erythroblast-3__P06__Relapse	P06__Relapse	EBI	P6	0.962
MAIT__P06__Relapse	P06__Relapse	EBI	P7	0.986
MDP-1__P06__Relapse	P06__Relapse	EBI	P0	0.903
MDP-2__P06__Relapse	P06__Relapse	EBI	P12	0.945
MEP-2__P06__Relapse	P06__Relapse	EBI	P9	0.941
MPP-MEP__P06__Relapse	P06__Relapse	EBI	P9	0.961
Mono-2__P06__Relapse	P06__Relapse	EBI	P7	0.9
MultiLin-GMP-2__P06__Relapse	P06__Relapse	EBI	P12	0.971
MultiLin-GMP-3__P06__Relapse	P06__Relapse	EBI	P12	0.956
NK-Mature__P06__Relapse	P06__Relapse	EBI	P7	0.993
Plasma Cell__P06__Relapse	P06__Relapse	EBI	P7	0.965
T CD4 Activated__P06__Relapse	P06__Relapse	EBI	P8	0.901
T CD4 Naive-1__P06__Relapse	P06__Relapse	EBI	P7	0.992
T CD4 Naive-2__P06__Relapse	P06__Relapse	EBI	P7	0.994
T CD8 Naive__P06__Relapse	P06__Relapse	EBI	P7	0.991
preNeu__P06__Relapse	P06__Relapse	EBI	P12	0.963
CD4 TCM__P07__Diagnosis	P07__Diagnosis	EBI	P2	0.977
CD8 TEM__P07__Diagnosis	P07__Diagnosis	EBI	P2	0.946
Classical-Mono__P07__Diagnosis	P07__Diagnosis	EBI	P2	0.971
ERP-2__P07__Diagnosis	P07__Diagnosis	EBI	P6	0.971
ERP-4__P07__Diagnosis	P07__Diagnosis	EBI	P7	0.955
ERP-5__P07__Diagnosis	P07__Diagnosis	EBI	P6	0.961
ERP-7__P07__Diagnosis	P07__Diagnosis	EBI	P6	0.973
ERP-8__P07__Diagnosis	P07__Diagnosis	EBI	P6	0.978
Erythroblast-1__P07__Diagnosis	P07__Diagnosis	EBI	P6	0.979
Erythroblast-3__P07__Diagnosis	P07__Diagnosis	EBI	P6	0.953
Intermediate Mono-1__P07__Diagnosis	P07__Diagnosis	EBI	P14	0.958
Intermediate Mono-2__P07__Diagnosis	P07__Diagnosis	EBI	P5	0.971
Intermediate Mono-3__P07__Diagnosis	P07__Diagnosis	EBI	P2	0.963
LMPP-1__P07__Diagnosis	P07__Diagnosis	EBI	P6	0.972
MAIT__P07__Diagnosis	P07__Diagnosis	EBI	P2	0.96
MPP-2__P07__Diagnosis	P07__Diagnosis	EBI	P4	0.957
MPP-MEP__P07__Diagnosis	P07__Diagnosis	EBI	P6	0.963
Mono-1__P07__Diagnosis	P07__Diagnosis	EBI	P2	0.961
Mono-2__P07__Diagnosis	P07__Diagnosis	EBI	P2	0.969
MultiLin-GMP-1__P07__Diagnosis	P07__Diagnosis	EBI	P14	0.897
Myeloid intermediate 2__P07__Diagnosis	P07__Diagnosis	EBI	P4	0.962
NK-Mature__P07__Diagnosis	P07__Diagnosis	EBI	P2	0.966
Non-Classical Mono-2__P07__Diagnosis	P07__Diagnosis	EBI	P14	0.963
T CD4 Naive-1__P07__Diagnosis	P07__Diagnosis	EBI	P2	0.973
T CD4 Naive-2__P07__Diagnosis	P07__Diagnosis	EBI	P2	0.976
T CD8 Naive__P07__Diagnosis	P07__Diagnosis	EBI	P6	0.961
cDC1__P07__Diagnosis	P07__Diagnosis	EBI	P4	0.957
cDC2-1__P07__Diagnosis	P07__Diagnosis	EBI	P14	0.965
pre-DC-1__P07__Diagnosis	P07__Diagnosis	EBI	P5	0.952
pre-DC-2__P07__Diagnosis	P07__Diagnosis	EBI	P4	0.967
preNeu__P07__Diagnosis	P07__Diagnosis	EBI	P6	0.965
BMCP-1__P07__Relapse	P07__Relapse	EBI	P4	0.917
CD4 TCM__P07__Relapse	P07__Relapse	EBI	P2	0.973
CD8 TEM__P07__Relapse	P07__Relapse	EBI	P2	0.965
Classical-Mono__P07__Relapse	P07__Relapse	EBI	P5	0.958
ERP-7__P07__Relapse	P07__Relapse	EBI	P7	0.96
ERP-8__P07__Relapse	P07__Relapse	EBI	P7	0.95
Erythroblast-1__P07__Relapse	P07__Relapse	EBI	P6	0.953
Erythroblast-3__P07__Relapse	P07__Relapse	EBI	P6	0.937
Intermediate Mono-1__P07__Relapse	P07__Relapse	EBI	P5	0.955
Intermediate Mono-2__P07__Relapse	P07__Relapse	EBI	P5	0.962
Intermediate Mono-3__P07__Relapse	P07__Relapse	EBI	P2	0.955
LMPP-1__P07__Relapse	P07__Relapse	EBI	P6	0.973
LMPP-1-cycling__P07__Relapse	P07__Relapse	EBI	P4	0.972
MAIT__P07__Relapse	P07__Relapse	EBI	P2	0.957
MDP-2__P07__Relapse	P07__Relapse	EBI	P4	0.956
MEP-1__P07__Relapse	P07__Relapse	EBI	P4	0.969
MEP-2__P07__Relapse	P07__Relapse	EBI	P4	0.959
MEP-Eryth-1__P07__Relapse	P07__Relapse	EBI	P4	0.955
MEP-Eryth-2__P07__Relapse	P07__Relapse	EBI	P4	0.965
MPP-2__P07__Relapse	P07__Relapse	EBI	P4	0.968
MPP-MEP__P07__Relapse	P07__Relapse	EBI	P4	0.968
Mono-1__P07__Relapse	P07__Relapse	EBI	P6	0.955
Mono-2__P07__Relapse	P07__Relapse	EBI	P6	0.963
MultiLin-GMP-1__P07__Relapse	P07__Relapse	EBI	P4	0.955
MultiLin-GMP-2__P07__Relapse	P07__Relapse	EBI	P6	0.965
MultiLin-GMP-3__P07__Relapse	P07__Relapse	EBI	P4	0.974
Multilin-1__P07__Relapse	P07__Relapse	EBI	P4	0.977
Multilin-2__P07__Relapse	P07__Relapse	EBI	P4	0.967
Myeloid intermediate 1__P07__Relapse	P07__Relapse	EBI	P4	0.96
Myeloid intermediate 2__P07__Relapse	P07__Relapse	EBI	P4	0.968
Myeloid intermediate 3__P07__Relapse	P07__Relapse	EBI	P4	0.965
NK-Mature__P07__Relapse	P07__Relapse	EBI	P2	0.968
Non-Classical Mono-1__P07__Relapse	P07__Relapse	EBI	P8	0.846
Non-Classical Mono-2__P07__Relapse	P07__Relapse	EBI	P14	0.918
T CD4 Naive-1__P07__Relapse	P07__Relapse	EBI	P7	0.959
T CD4 Naive-2__P07__Relapse	P07__Relapse	EBI	P2	0.972
T CD8 Naive__P07__Relapse	P07__Relapse	EBI	P7	0.945
cDC2-1__P07__Relapse	P07__Relapse	EBI	P6	0.952
cDC2-2__P07__Relapse	P07__Relapse	EBI	P6	0.965
cMOP__P07__Relapse	P07__Relapse	EBI	P2	0.955
immNeu-1__P07__Relapse	P07__Relapse	EBI	P4	0.956
immNeu-2__P07__Relapse	P07__Relapse	EBI	P7	0.836
pre-DC-2__P07__Relapse	P07__Relapse	EBI	P4	0.962
preNeu__P07__Relapse	P07__Relapse	EBI	P7	0.955
BMCP-1__P08__Diagnosis	P08__Diagnosis	EBI	P4	0.923
CD4 TCM__P08__Diagnosis	P08__Diagnosis	EBI	P2	0.98
CD8 TEM__P08__Diagnosis	P08__Diagnosis	EBI	P2	0.966
Classical-Mono__P08__Diagnosis	P08__Diagnosis	EBI	P14	0.973
ERP-6__P08__Diagnosis	P08__Diagnosis	EBI	P6	0.956
ERP-7__P08__Diagnosis	P08__Diagnosis	EBI	P6	0.967
ERP-8__P08__Diagnosis	P08__Diagnosis	EBI	P6	0.973
Erythroblast-1__P08__Diagnosis	P08__Diagnosis	EBI	P6	0.974
Erythroblast-2__P08__Diagnosis	P08__Diagnosis	EBI	P6	0.956
Erythroblast-3__P08__Diagnosis	P08__Diagnosis	EBI	P6	0.957
HSC-2__P08__Diagnosis	P08__Diagnosis	EBI	P4	0.936
Intermediate Mono-1__P08__Diagnosis	P08__Diagnosis	EBI	P14	0.956
Intermediate Mono-2__P08__Diagnosis	P08__Diagnosis	EBI	P1	0.97
Intermediate Mono-3__P08__Diagnosis	P08__Diagnosis	EBI	P1	0.966
LMPP-1__P08__Diagnosis	P08__Diagnosis	EBI	P1	0.971
LMPP-1-cycling__P08__Diagnosis	P08__Diagnosis	EBI	P4	0.965
LMPP-2__P08__Diagnosis	P08__Diagnosis	EBI	P4	0.897
MAIT__P08__Diagnosis	P08__Diagnosis	EBI	P2	0.972
MDP-2__P08__Diagnosis	P08__Diagnosis	EBI	P4	0.965
MEP-1__P08__Diagnosis	P08__Diagnosis	EBI	P4	0.959
MEP-2__P08__Diagnosis	P08__Diagnosis	EBI	P1	0.959
MEP-Eryth-2__P08__Diagnosis	P08__Diagnosis	EBI	P1	0.941
MPP-2__P08__Diagnosis	P08__Diagnosis	EBI	P4	0.958
MPP-MEP__P08__Diagnosis	P08__Diagnosis	EBI	P1	0.965
Mono-1__P08__Diagnosis	P08__Diagnosis	EBI	P14	0.972
Mono-2__P08__Diagnosis	P08__Diagnosis	EBI	P14	0.976
MultiLin-GMP-1__P08__Diagnosis	P08__Diagnosis	EBI	P4	0.965
MultiLin-GMP-2__P08__Diagnosis	P08__Diagnosis	EBI	P1	0.973
MultiLin-GMP-3__P08__Diagnosis	P08__Diagnosis	EBI	P4	0.969
Multilin-1__P08__Diagnosis	P08__Diagnosis	EBI	P4	0.968
Multilin-2__P08__Diagnosis	P08__Diagnosis	EBI	P4	0.964
Myeloid intermediate 1__P08__Diagnosis	P08__Diagnosis	EBI	P1	0.948
Myeloid intermediate 2__P08__Diagnosis	P08__Diagnosis	EBI	P4	0.973
Myeloid intermediate 3__P08__Diagnosis	P08__Diagnosis	EBI	P4	0.97
NK-Mature__P08__Diagnosis	P08__Diagnosis	EBI	P7	0.971
Non-Classical Mono-2__P08__Diagnosis	P08__Diagnosis	EBI	P14	0.96
Plasma Cell__P08__Diagnosis	P08__Diagnosis	EBI	P7	0.957
T CD4 Naive-1__P08__Diagnosis	P08__Diagnosis	EBI	P7	0.965
T CD4 Naive-2__P08__Diagnosis	P08__Diagnosis	EBI	P7	0.959
T CD8 Naive__P08__Diagnosis	P08__Diagnosis	EBI	P7	0.965
cDC1__P08__Diagnosis	P08__Diagnosis	EBI	P4	0.959
cDC2-1__P08__Diagnosis	P08__Diagnosis	EBI	P14	0.972
cDC2-2__P08__Diagnosis	P08__Diagnosis	EBI	P14	0.96
cMOP__P08__Diagnosis	P08__Diagnosis	EBI	P14	0.966
immNeu-1__P08__Diagnosis	P08__Diagnosis	EBI	P1	0.951
pre-DC-1__P08__Diagnosis	P08__Diagnosis	EBI	P14	0.967
pre-DC-2__P08__Diagnosis	P08__Diagnosis	EBI	P4	0.97
pre-DC-3__P08__Diagnosis	P08__Diagnosis	EBI	P6	0.947
preNeu__P08__Diagnosis	P08__Diagnosis	EBI	P1	0.967
CD4 TCM__P08__Relapse	P08__Relapse	EBI	P7	0.942
CD8 TEM__P08__Relapse	P08__Relapse	EBI	P7	0.916
ERP-5__P08__Relapse	P08__Relapse	EBI	P7	0.944
ERP-7__P08__Relapse	P08__Relapse	EBI	P7	0.965
ERP-8__P08__Relapse	P08__Relapse	EBI	P7	0.957
Erythroblast-1__P08__Relapse	P08__Relapse	EBI	P7	0.95
MAIT__P08__Relapse	P08__Relapse	EBI	P7	0.919
NK-Mature__P08__Relapse	P08__Relapse	EBI	P7	0.942
CD4 TCM__P09__Diagnosis	P09__Diagnosis	EBI	P2	0.946
CD8 TEM__P09__Diagnosis	P09__Diagnosis	EBI	P2	0.934
ERP-4__P09__Diagnosis	P09__Diagnosis	EBI	P7	0.933
ERP-8__P09__Diagnosis	P09__Diagnosis	EBI	P7	0.945
Erythroblast-1__P09__Diagnosis	P09__Diagnosis	EBI	P6	0.937
MEP-2__P09__Diagnosis	P09__Diagnosis	EBI	P14	0.882
MEP-Eryth-2__P09__Diagnosis	P09__Diagnosis	EBI	P11	0.923
MPP-MEP__P09__Diagnosis	P09__Diagnosis	EBI	P14	0.91
Mono-1__P09__Diagnosis	P09__Diagnosis	EBI	P7	0.915
Myeloid intermediate 1__P09__Diagnosis	P09__Diagnosis	EBI	P14	0.916
NK-Mature__P09__Diagnosis	P09__Diagnosis	EBI	P2	0.939
Plasma Cell__P09__Diagnosis	P09__Diagnosis	EBI	P7	0.952
T CD4 Naive-1__P09__Diagnosis	P09__Diagnosis	EBI	P2	0.926
T CD4 Naive-2__P09__Diagnosis	P09__Diagnosis	EBI	P2	0.939
immNeu-1__P09__Diagnosis	P09__Diagnosis	EBI	P14	0.934
preNeu__P09__Diagnosis	P09__Diagnosis	EBI	P14	0.938
CD4 TCM__P09__Relapse	P09__Relapse	EBI	P2	0.937
CD8 TEM__P09__Relapse	P09__Relapse	EBI	P2	0.919
NK-Mature__P09__Relapse	P09__Relapse	EBI	P2	0.902
T CD4 Naive-2__P09__Relapse	P09__Relapse	EBI	P2	0.935
immNeu-1__P09__Relapse	P09__Relapse	EBI	P14	0.912
pDC__P09__Relapse	P09__Relapse	EBI	P7	0.925
preNeu__P09__Relapse	P09__Relapse	EBI	P14	0.923
BMCP-1__P10__Diagnosis	P10__Diagnosis	EBI	P6	0.919
Classical-Mono__P10__Diagnosis	P10__Diagnosis	EBI	P6	0.913
Intermediate Mono-3__P10__Diagnosis	P10__Diagnosis	EBI	P6	0.899
LMPP-1__P10__Diagnosis	P10__Diagnosis	EBI	P10	0.974
LMPP-1-cycling__P10__Diagnosis	P10__Diagnosis	EBI	P10	0.971
LMPP-2__P10__Diagnosis	P10__Diagnosis	EBI	P10	0.956
MDP-1__P10__Diagnosis	P10__Diagnosis	EBI	P14	0.92
MDP-2__P10__Diagnosis	P10__Diagnosis	EBI	P1	0.963
MDP-3__P10__Diagnosis	P10__Diagnosis	EBI	P14	0.921
MEP-1__P10__Diagnosis	P10__Diagnosis	EBI	P14	0.96
MEP-2__P10__Diagnosis	P10__Diagnosis	EBI	P1	0.968
MEP-Eryth-2__P10__Diagnosis	P10__Diagnosis	EBI	P4	0.943
MKP-early__P10__Diagnosis	P10__Diagnosis	EBI	P6	0.963
MKP-late__P10__Diagnosis	P10__Diagnosis	EBI	P14	0.927
MPP-2__P10__Diagnosis	P10__Diagnosis	EBI	P10	0.963
MPP-MEP__P10__Diagnosis	P10__Diagnosis	EBI	P10	0.97
Mono-1__P10__Diagnosis	P10__Diagnosis	EBI	P14	0.96
Mono-2__P10__Diagnosis	P10__Diagnosis	EBI	P10	0.944
MultiLin-GMP-1__P10__Diagnosis	P10__Diagnosis	EBI	P7	0.952
MultiLin-GMP-2__P10__Diagnosis	P10__Diagnosis	EBI	P10	0.977
MultiLin-GMP-3__P10__Diagnosis	P10__Diagnosis	EBI	P14	0.968
Multilin-1__P10__Diagnosis	P10__Diagnosis	EBI	P12	0.973
Multilin-2__P10__Diagnosis	P10__Diagnosis	EBI	P10	0.969
Myeloid intermediate 1__P10__Diagnosis	P10__Diagnosis	EBI	P14	0.973
Myeloid intermediate 2__P10__Diagnosis	P10__Diagnosis	EBI	P12	0.979
Myeloid intermediate 3__P10__Diagnosis	P10__Diagnosis	EBI	P14	0.973
cDC1__P10__Diagnosis	P10__Diagnosis	EBI	P10	0.952
cDC2-1__P10__Diagnosis	P10__Diagnosis	EBI	P14	0.921
cMOP__P10__Diagnosis	P10__Diagnosis	EBI	P5	0.954
immNeu-1__P10__Diagnosis	P10__Diagnosis	EBI	P14	0.969
pDC__P10__Diagnosis	P10__Diagnosis	EBI	P6	0.94
pre-DC-2__P10__Diagnosis	P10__Diagnosis	EBI	P14	0.961
preNeu__P10__Diagnosis	P10__Diagnosis	EBI	P1	0.976
LMPP-1-cycling__P10__Relapse	P10__Relapse	EBI	P14	0.963
MDP-2__P10__Relapse	P10__Relapse	EBI	P14	0.963
MPP-MEP__P10__Relapse	P10__Relapse	EBI	P14	0.964
Mono-1__P10__Relapse	P10__Relapse	EBI	P14	0.966
Mono-2__P10__Relapse	P10__Relapse	EBI	P14	0.961
MultiLin-GMP-1__P10__Relapse	P10__Relapse	EBI	P2	0.934
MultiLin-GMP-2__P10__Relapse	P10__Relapse	EBI	P14	0.975
Multilin-1__P10__Relapse	P10__Relapse	EBI	P8	0.971
Multilin-2__P10__Relapse	P10__Relapse	EBI	P14	0.972
Myeloid intermediate 1__P10__Relapse	P10__Relapse	EBI	P14	0.95
Myeloid intermediate 2__P10__Relapse	P10__Relapse	EBI	P14	0.977
Myeloid intermediate 3__P10__Relapse	P10__Relapse	EBI	P14	0.969
cDC1__P10__Relapse	P10__Relapse	EBI	P14	0.967
cMOP__P10__Relapse	P10__Relapse	EBI	P14	0.945
pDC__P10__Relapse	P10__Relapse	EBI	P6	0.93
pre-DC-2__P10__Relapse	P10__Relapse	EBI	P14	0.956
CD4 TCM__P11__Diagnosis	P11__Diagnosis	EBI	P7	0.97
CD8 TEM__P11__Diagnosis	P11__Diagnosis	EBI	P7	0.97
Classical-Mono__P11__Diagnosis	P11__Diagnosis	EBI	P1	0.887
ERP-4__P11__Diagnosis	P11__Diagnosis	EBI	P1	0.947
ERP-6__P11__Diagnosis	P11__Diagnosis	EBI	P1	0.948
ERP-7__P11__Diagnosis	P11__Diagnosis	EBI	P1	0.951
ERP-8__P11__Diagnosis	P11__Diagnosis	EBI	P7	0.936
Erythroblast-1__P11__Diagnosis	P11__Diagnosis	EBI	P1	0.955
Erythroblast-2__P11__Diagnosis	P11__Diagnosis	EBI	P1	0.943
Erythroblast-3__P11__Diagnosis	P11__Diagnosis	EBI	P7	0.953
LMPP-1__P11__Diagnosis	P11__Diagnosis	EBI	P1	0.947
LMPP-1-cycling__P11__Diagnosis	P11__Diagnosis	EBI	P1	0.945
MAIT__P11__Diagnosis	P11__Diagnosis	EBI	P7	0.96
MEP-2__P11__Diagnosis	P11__Diagnosis	EBI	P1	0.948
MPP-2__P11__Diagnosis	P11__Diagnosis	EBI	P1	0.954
MPP-MEP__P11__Diagnosis	P11__Diagnosis	EBI	P1	0.962
Mono-1__P11__Diagnosis	P11__Diagnosis	EBI	P1	0.931
Mono-2__P11__Diagnosis	P11__Diagnosis	EBI	P7	0.926
MultiLin-GMP-2__P11__Diagnosis	P11__Diagnosis	EBI	P1	0.964
MultiLin-GMP-3__P11__Diagnosis	P11__Diagnosis	EBI	P1	0.95
Multilin-1__P11__Diagnosis	P11__Diagnosis	EBI	P7	0.94
Myeloid intermediate 1__P11__Diagnosis	P11__Diagnosis	EBI	P1	0.96
Myeloid intermediate 3__P11__Diagnosis	P11__Diagnosis	EBI	P1	0.904
NK-Mature__P11__Diagnosis	P11__Diagnosis	EBI	P7	0.959
Plasma Cell__P11__Diagnosis	P11__Diagnosis	EBI	P7	0.967
T CD4 Naive-1__P11__Diagnosis	P11__Diagnosis	EBI	P7	0.938
T CD4 Naive-2__P11__Diagnosis	P11__Diagnosis	EBI	P7	0.967
cMOP__P11__Diagnosis	P11__Diagnosis	EBI	P1	0.963
immNeu-1__P11__Diagnosis	P11__Diagnosis	EBI	P1	0.964
preNeu__P11__Diagnosis	P11__Diagnosis	EBI	P1	0.967
CD4 TCM__P11__Relapse	P11__Relapse	EBI	P7	0.974
CD8 TEM__P11__Relapse	P11__Relapse	EBI	P7	0.979
Classical-Mono__P11__Relapse	P11__Relapse	EBI	P2	0.89
ERP-7__P11__Relapse	P11__Relapse	EBI	P7	0.966
Erythroblast-1__P11__Relapse	P11__Relapse	EBI	P2	0.945
Erythroblast-2__P11__Relapse	P11__Relapse	EBI	P9	0.943
Erythroblast-3__P11__Relapse	P11__Relapse	EBI	P7	0.968
MAIT__P11__Relapse	P11__Relapse	EBI	P7	0.943
Mono-1__P11__Relapse	P11__Relapse	EBI	P12	0.945
Mono-2__P11__Relapse	P11__Relapse	EBI	P7	0.933
MultiLin-GMP-3__P11__Relapse	P11__Relapse	EBI	P9	0.924
Myeloid intermediate 1__P11__Relapse	P11__Relapse	EBI	P8	0.953
Myeloid intermediate 2__P11__Relapse	P11__Relapse	EBI	P1	0.926
Myeloid intermediate 3__P11__Relapse	P11__Relapse	EBI	P1	0.944
NK-Mature__P11__Relapse	P11__Relapse	EBI	P7	0.941
T CD4 Naive-2__P11__Relapse	P11__Relapse	EBI	P7	0.974
cMOP__P11__Relapse	P11__Relapse	EBI	P7	0.952
immNeu-1__P11__Relapse	P11__Relapse	EBI	P1	0.961
preNeu__P11__Relapse	P11__Relapse	EBI	P1	0.958
CD4 TCM__P12__Diagnosis	P12__Diagnosis	EBI	P7	0.983
CD8 TEM__P12__Diagnosis	P12__Diagnosis	EBI	P7	0.974
Erythroblast-3__P12__Diagnosis	P12__Diagnosis	EBI	P6	0.979
LMPP-1__P12__Diagnosis	P12__Diagnosis	EBI	P7	0.954
LMPP-1-cycling__P12__Diagnosis	P12__Diagnosis	EBI	P1	0.959
MAIT__P12__Diagnosis	P12__Diagnosis	EBI	P7	0.969
MPP-2__P12__Diagnosis	P12__Diagnosis	EBI	P1	0.972
MPP-MEP__P12__Diagnosis	P12__Diagnosis	EBI	P1	0.974
Multilin-1__P12__Diagnosis	P12__Diagnosis	EBI	P1	0.973
NK-Mature__P12__Diagnosis	P12__Diagnosis	EBI	P6	0.977
T CD4 Activated__P12__Diagnosis	P12__Diagnosis	EBI	P6	0.908
T CD4 Naive-1__P12__Diagnosis	P12__Diagnosis	EBI	P7	0.975
T CD4 Naive-2__P12__Diagnosis	P12__Diagnosis	EBI	P7	0.986
T CD8 Naive__P12__Diagnosis	P12__Diagnosis	EBI	P7	0.973
CD4 TCM__P12__Relapse	P12__Relapse	EBI	P7	0.978
CD8 TEM__P12__Relapse	P12__Relapse	EBI	P7	0.979
Classical-Mono__P12__Relapse	P12__Relapse	EBI	P14	0.908
Erythroblast-3__P12__Relapse	P12__Relapse	EBI	P6	0.956
LMPP-1__P12__Relapse	P12__Relapse	EBI	P14	0.967
LMPP-1-cycling__P12__Relapse	P12__Relapse	EBI	P14	0.961
MEP-2__P12__Relapse	P12__Relapse	EBI	P14	0.947
MPP-2__P12__Relapse	P12__Relapse	EBI	P14	0.961
MPP-MEP__P12__Relapse	P12__Relapse	EBI	P6	0.973
Mono-2__P12__Relapse	P12__Relapse	EBI	P14	0.877
MultiLin-GMP-1__P12__Relapse	P12__Relapse	EBI	P7	0.942
MultiLin-GMP-2__P12__Relapse	P12__Relapse	EBI	P6	0.977
MultiLin-GMP-3__P12__Relapse	P12__Relapse	EBI	P14	0.962
Multilin-1__P12__Relapse	P12__Relapse	EBI	P6	0.966
Myeloid intermediate 1__P12__Relapse	P12__Relapse	EBI	P14	0.966
NK-Mature__P12__Relapse	P12__Relapse	EBI	P6	0.977
Non-Classical Mono-1__P12__Relapse	P12__Relapse	EBI	P14	0.911
cMOP__P12__Relapse	P12__Relapse	EBI	P14	0.93
immNeu-1__P12__Relapse	P12__Relapse	EBI	P6	0.957
preNeu__P12__Relapse	P12__Relapse	EBI	P1	0.972
B Memory-2__P13__Diagnosis	P13__Diagnosis	EBI	P2	0.959
BMCP-1__P13__Diagnosis	P13__Diagnosis	EBI	P4	0.932
CD4 TCM__P13__Diagnosis	P13__Diagnosis	EBI	P2	0.982
CD8 TEM__P13__Diagnosis	P13__Diagnosis	EBI	P2	0.978
Classical-Mono__P13__Diagnosis	P13__Diagnosis	EBI	P5	0.972
ERP-1__P13__Diagnosis	P13__Diagnosis	EBI	P6	0.951
ERP-2__P13__Diagnosis	P13__Diagnosis	EBI	P6	0.967
ERP-4__P13__Diagnosis	P13__Diagnosis	EBI	P2	0.967
ERP-5__P13__Diagnosis	P13__Diagnosis	EBI	P7	0.97
ERP-6__P13__Diagnosis	P13__Diagnosis	EBI	P6	0.952
ERP-7__P13__Diagnosis	P13__Diagnosis	EBI	P7	0.972
ERP-8__P13__Diagnosis	P13__Diagnosis	EBI	P6	0.978
Erythroblast-1__P13__Diagnosis	P13__Diagnosis	EBI	P6	0.967
Erythroblast-2__P13__Diagnosis	P13__Diagnosis	EBI	P6	0.951
Erythroblast-3__P13__Diagnosis	P13__Diagnosis	EBI	P6	0.956
Intermediate Mono-1__P13__Diagnosis	P13__Diagnosis	EBI	P2	0.959
Intermediate Mono-2__P13__Diagnosis	P13__Diagnosis	EBI	P2	0.963
Intermediate Mono-3__P13__Diagnosis	P13__Diagnosis	EBI	P2	0.962
LMPP-1__P13__Diagnosis	P13__Diagnosis	EBI	P6	0.977
LMPP-1-cycling__P13__Diagnosis	P13__Diagnosis	EBI	P4	0.973
LMPP-2__P13__Diagnosis	P13__Diagnosis	EBI	P4	0.899
MAIT__P13__Diagnosis	P13__Diagnosis	EBI	P2	0.977
MDP-1__P13__Diagnosis	P13__Diagnosis	EBI	P4	0.879
MDP-2__P13__Diagnosis	P13__Diagnosis	EBI	P4	0.97
MEP-1__P13__Diagnosis	P13__Diagnosis	EBI	P4	0.964
MEP-2__P13__Diagnosis	P13__Diagnosis	EBI	P6	0.947
MEP-Eryth-1__P13__Diagnosis	P13__Diagnosis	EBI	P4	0.96
MPP-1__P13__Diagnosis	P13__Diagnosis	EBI	P6	0.937
MPP-2__P13__Diagnosis	P13__Diagnosis	EBI	P4	0.96
MPP-MEP__P13__Diagnosis	P13__Diagnosis	EBI	P6	0.962
Mono-1__P13__Diagnosis	P13__Diagnosis	EBI	P6	0.969
Mono-2__P13__Diagnosis	P13__Diagnosis	EBI	P6	0.977
MultiLin-GMP-1__P13__Diagnosis	P13__Diagnosis	EBI	P4	0.939
MultiLin-GMP-2__P13__Diagnosis	P13__Diagnosis	EBI	P6	0.973
MultiLin-GMP-3__P13__Diagnosis	P13__Diagnosis	EBI	P4	0.983
Multilin-1__P13__Diagnosis	P13__Diagnosis	EBI	P4	0.982
Multilin-2__P13__Diagnosis	P13__Diagnosis	EBI	P4	0.975
Myeloid intermediate 1__P13__Diagnosis	P13__Diagnosis	EBI	P4	0.97
Myeloid intermediate 2__P13__Diagnosis	P13__Diagnosis	EBI	P4	0.969
Myeloid intermediate 3__P13__Diagnosis	P13__Diagnosis	EBI	P4	0.973
NK-Mature__P13__Diagnosis	P13__Diagnosis	EBI	P2	0.976
Plasma Cell__P13__Diagnosis	P13__Diagnosis	EBI	P2	0.963
T CD4 Activated__P13__Diagnosis	P13__Diagnosis	EBI	P2	0.891
T CD4 Naive-1__P13__Diagnosis	P13__Diagnosis	EBI	P2	0.978
T CD4 Naive-2__P13__Diagnosis	P13__Diagnosis	EBI	P2	0.984
T CD8 Naive__P13__Diagnosis	P13__Diagnosis	EBI	P2	0.974
cDC2-1__P13__Diagnosis	P13__Diagnosis	EBI	P2	0.952
cMOP__P13__Diagnosis	P13__Diagnosis	EBI	P6	0.972
immNeu-1__P13__Diagnosis	P13__Diagnosis	EBI	P6	0.966
immNeu-2__P13__Diagnosis	P13__Diagnosis	EBI	P7	0.799
pre-DC-2__P13__Diagnosis	P13__Diagnosis	EBI	P4	0.959
preNeu__P13__Diagnosis	P13__Diagnosis	EBI	P2	0.971
BMCP-1__P13__Relapse	P13__Relapse	EBI	P4	0.926
CD4 TCM__P13__Relapse	P13__Relapse	EBI	P2	0.932
CD8 TEM__P13__Relapse	P13__Relapse	EBI	P2	0.964
Classical-Mono__P13__Relapse	P13__Relapse	EBI	P6	0.979
ERP-7__P13__Relapse	P13__Relapse	EBI	P7	0.956
ERP-8__P13__Relapse	P13__Relapse	EBI	P6	0.955
Erythroblast-2__P13__Relapse	P13__Relapse	EBI	P4	0.934
Erythroblast-3__P13__Relapse	P13__Relapse	EBI	P6	0.924
Intermediate Mono-1__P13__Relapse	P13__Relapse	EBI	P2	0.964
Intermediate Mono-2__P13__Relapse	P13__Relapse	EBI	P6	0.977
Intermediate Mono-3__P13__Relapse	P13__Relapse	EBI	P6	0.963
LMPP-1__P13__Relapse	P13__Relapse	EBI	P4	0.978
LMPP-1-cycling__P13__Relapse	P13__Relapse	EBI	P4	0.974
LMPP-2__P13__Relapse	P13__Relapse	EBI	P4	0.9
MAIT__P13__Relapse	P13__Relapse	EBI	P2	0.928
MDP-1__P13__Relapse	P13__Relapse	EBI	P4	0.87
MDP-2__P13__Relapse	P13__Relapse	EBI	P4	0.977
MPP-2__P13__Relapse	P13__Relapse	EBI	P4	0.965
MPP-MEP__P13__Relapse	P13__Relapse	EBI	P10	0.962
Mono-1__P13__Relapse	P13__Relapse	EBI	P6	0.963
Mono-2__P13__Relapse	P13__Relapse	EBI	P6	0.979
MultiLin-GMP-1__P13__Relapse	P13__Relapse	EBI	P4	0.959
MultiLin-GMP-2__P13__Relapse	P13__Relapse	EBI	P4	0.985
MultiLin-GMP-3__P13__Relapse	P13__Relapse	EBI	P4	0.985
Multilin-1__P13__Relapse	P13__Relapse	EBI	P4	0.985
Multilin-2__P13__Relapse	P13__Relapse	EBI	P4	0.979
Myeloid intermediate 1__P13__Relapse	P13__Relapse	EBI	P4	0.968
Myeloid intermediate 2__P13__Relapse	P13__Relapse	EBI	P4	0.978
Myeloid intermediate 3__P13__Relapse	P13__Relapse	EBI	P4	0.974
NK-Mature__P13__Relapse	P13__Relapse	EBI	P2	0.965
Non-Classical Mono-1__P13__Relapse	P13__Relapse	EBI	P0	0.79
Non-Classical Mono-2__P13__Relapse	P13__Relapse	EBI	P2	0.936
T CD4 Naive-2__P13__Relapse	P13__Relapse	EBI	P2	0.948
cDC1__P13__Relapse	P13__Relapse	EBI	P4	0.944
cDC2-1__P13__Relapse	P13__Relapse	EBI	P6	0.952
cMOP__P13__Relapse	P13__Relapse	EBI	P6	0.956
immNeu-1__P13__Relapse	P13__Relapse	EBI	P6	0.954
pDC__P13__Relapse	P13__Relapse	EBI	P6	0.927
pre-DC-2__P13__Relapse	P13__Relapse	EBI	P4	0.956
preNeu__P13__Relapse	P13__Relapse	EBI	P6	0.968
CD4 TCM__P14__Diagnosis	P14__Diagnosis	EBI	P2	0.943
CD8 TEM__P14__Diagnosis	P14__Diagnosis	EBI	P2	0.956
CLP__P14__Diagnosis	P14__Diagnosis	EBI	P4	0.943
Erythroblast-3__P14__Diagnosis	P14__Diagnosis	EBI	P6	0.941
LMPP-1__P14__Diagnosis	P14__Diagnosis	EBI	P2	0.959
LMPP-1-cycling__P14__Diagnosis	P14__Diagnosis	EBI	P4	0.963
LMPP-2__P14__Diagnosis	P14__Diagnosis	EBI	P4	0.906
MAIT__P14__Diagnosis	P14__Diagnosis	EBI	P2	0.93
MDP-1__P14__Diagnosis	P14__Diagnosis	EBI	P4	0.858
MDP-2__P14__Diagnosis	P14__Diagnosis	EBI	P4	0.969
MDP-3__P14__Diagnosis	P14__Diagnosis	EBI	P14	0.886
MPP-2__P14__Diagnosis	P14__Diagnosis	EBI	P4	0.959
MPP-MEP__P14__Diagnosis	P14__Diagnosis	EBI	P4	0.958
MultiLin-GMP-1__P14__Diagnosis	P14__Diagnosis	EBI	P4	0.958
MultiLin-GMP-2__P14__Diagnosis	P14__Diagnosis	EBI	P2	0.95
MultiLin-GMP-3__P14__Diagnosis	P14__Diagnosis	EBI	P4	0.955
Multilin-1__P14__Diagnosis	P14__Diagnosis	EBI	P4	0.964
Multilin-2__P14__Diagnosis	P14__Diagnosis	EBI	P4	0.97
Myeloid intermediate 2__P14__Diagnosis	P14__Diagnosis	EBI	P4	0.966
NK-Mature__P14__Diagnosis	P14__Diagnosis	EBI	P2	0.957
Pro-B-Early-cycling__P14__Diagnosis	P14__Diagnosis	EBI	P4	0.928
Pro-B-cycling-1__P14__Diagnosis	P14__Diagnosis	EBI	P14	0.905
T CD4 Naive-1__P14__Diagnosis	P14__Diagnosis	EBI	P2	0.921
T CD4 Naive-2__P14__Diagnosis	P14__Diagnosis	EBI	P2	0.937
cDC1__P14__Diagnosis	P14__Diagnosis	EBI	P4	0.958
cDC2-1__P14__Diagnosis	P14__Diagnosis	EBI	P14	0.952
pDC__P14__Diagnosis	P14__Diagnosis	EBI	P6	0.927
pre-DC-2__P14__Diagnosis	P14__Diagnosis	EBI	P4	0.962
pre-DC-3__P14__Diagnosis	P14__Diagnosis	EBI	P6	0.93
CD4 TCM__P14__Relapse	P14__Relapse	EBI	P6	0.958
CD8 TEM__P14__Relapse	P14__Relapse	EBI	P6	0.957
CLP__P14__Relapse	P14__Relapse	EBI	P4	0.944
ERP-5__P14__Relapse	P14__Relapse	EBI	P4	0.955
ERP-7__P14__Relapse	P14__Relapse	EBI	P4	0.943
ERP-8__P14__Relapse	P14__Relapse	EBI	P7	0.902
Erythroblast-1__P14__Relapse	P14__Relapse	EBI	P14	0.938
Erythroblast-2__P14__Relapse	P14__Relapse	EBI	P14	0.945
Erythroblast-3__P14__Relapse	P14__Relapse	EBI	P14	0.952
LMPP-1__P14__Relapse	P14__Relapse	EBI	P4	0.962
LMPP-1-cycling__P14__Relapse	P14__Relapse	EBI	P4	0.961
LMPP-2__P14__Relapse	P14__Relapse	EBI	P4	0.904
MAIT__P14__Relapse	P14__Relapse	EBI	P6	0.956
MDP-1__P14__Relapse	P14__Relapse	EBI	P4	0.868
MDP-2__P14__Relapse	P14__Relapse	EBI	P4	0.973
MDP-3__P14__Relapse	P14__Relapse	EBI	P14	0.885
MEP-2__P14__Relapse	P14__Relapse	EBI	P4	0.944
MPP-1__P14__Relapse	P14__Relapse	EBI	P10	0.914
MPP-2__P14__Relapse	P14__Relapse	EBI	P4	0.953
MPP-MEP__P14__Relapse	P14__Relapse	EBI	P4	0.963
Mono-1__P14__Relapse	P14__Relapse	EBI	P6	0.942
Mono-2__P14__Relapse	P14__Relapse	EBI	P14	0.958
MultiLin-GMP-1__P14__Relapse	P14__Relapse	EBI	P4	0.959
MultiLin-GMP-2__P14__Relapse	P14__Relapse	EBI	P4	0.972
Multilin-1__P14__Relapse	P14__Relapse	EBI	P4	0.958
Multilin-2__P14__Relapse	P14__Relapse	EBI	P4	0.969
Myeloid intermediate 2__P14__Relapse	P14__Relapse	EBI	P4	0.972
Myeloid intermediate 3__P14__Relapse	P14__Relapse	EBI	P4	0.961
NK-Mature__P14__Relapse	P14__Relapse	EBI	P6	0.965
Pro-B-Early-cycling__P14__Relapse	P14__Relapse	EBI	P14	0.893
T CD4 Naive-1__P14__Relapse	P14__Relapse	EBI	P6	0.942
T CD4 Naive-2__P14__Relapse	P14__Relapse	EBI	P6	0.969
T CD8 Naive__P14__Relapse	P14__Relapse	EBI	P6	0.958
cDC1__P14__Relapse	P14__Relapse	EBI	P14	0.945
cDC2-1__P14__Relapse	P14__Relapse	EBI	P14	0.956
pDC__P14__Relapse	P14__Relapse	EBI	P14	0.938
pre-DC-2__P14__Relapse	P14__Relapse	EBI	P4	0.972
pre-DC-3__P14__Relapse	P14__Relapse	EBI	P14	0.943
ASDC__P15__Diagnosis	P15__Diagnosis	EBI	P10	0.959
B Memory-2__P15__Diagnosis	P15__Diagnosis	EBI	P7	0.965
CD4 TCM__P15__Diagnosis	P15__Diagnosis	EBI	P7	0.98
CD8 TEM__P15__Diagnosis	P15__Diagnosis	EBI	P2	0.97
Classical-Mono__P15__Diagnosis	P15__Diagnosis	EBI	P7	0.976
Erythroblast-3__P15__Diagnosis	P15__Diagnosis	EBI	P6	0.971
Intermediate Mono-1__P15__Diagnosis	P15__Diagnosis	EBI	P7	0.968
Intermediate Mono-2__P15__Diagnosis	P15__Diagnosis	EBI	P7	0.977
Intermediate Mono-3__P15__Diagnosis	P15__Diagnosis	EBI	P7	0.972
LMPP-1__P15__Diagnosis	P15__Diagnosis	EBI	P10	0.975
LMPP-1-cycling__P15__Diagnosis	P15__Diagnosis	EBI	P10	0.97
LMPP-2__P15__Diagnosis	P15__Diagnosis	EBI	P14	0.927
MAIT__P15__Diagnosis	P15__Diagnosis	EBI	P7	0.968
MDP-2__P15__Diagnosis	P15__Diagnosis	EBI	P10	0.976
MEP-2__P15__Diagnosis	P15__Diagnosis	EBI	P1	0.937
MPP-1__P15__Diagnosis	P15__Diagnosis	EBI	P9	0.954
MPP-2__P15__Diagnosis	P15__Diagnosis	EBI	P10	0.971
MPP-MEP__P15__Diagnosis	P15__Diagnosis	EBI	P9	0.975
Mono-1__P15__Diagnosis	P15__Diagnosis	EBI	P10	0.978
Mono-2__P15__Diagnosis	P15__Diagnosis	EBI	P7	0.977
MultiLin-GMP-1__P15__Diagnosis	P15__Diagnosis	EBI	P7	0.935
MultiLin-GMP-2__P15__Diagnosis	P15__Diagnosis	EBI	P9	0.979
MultiLin-GMP-3__P15__Diagnosis	P15__Diagnosis	EBI	P9	0.965
Multilin-1__P15__Diagnosis	P15__Diagnosis	EBI	P9	0.977
Multilin-2__P15__Diagnosis	P15__Diagnosis	EBI	P10	0.972
Myeloid intermediate 1__P15__Diagnosis	P15__Diagnosis	EBI	P8	0.956
Myeloid intermediate 2__P15__Diagnosis	P15__Diagnosis	EBI	P7	0.98
Myeloid intermediate 3__P15__Diagnosis	P15__Diagnosis	EBI	P6	0.973
NK-Mature__P15__Diagnosis	P15__Diagnosis	EBI	P7	0.988
Non-Classical Mono-2__P15__Diagnosis	P15__Diagnosis	EBI	P6	0.971
T CD4 Naive-1__P15__Diagnosis	P15__Diagnosis	EBI	P7	0.955
T CD4 Naive-2__P15__Diagnosis	P15__Diagnosis	EBI	P7	0.987
cDC1__P15__Diagnosis	P15__Diagnosis	EBI	P10	0.978
cDC2-1__P15__Diagnosis	P15__Diagnosis	EBI	P10	0.981
cDC2-2__P15__Diagnosis	P15__Diagnosis	EBI	P7	0.973
cMOP__P15__Diagnosis	P15__Diagnosis	EBI	P6	0.972
pDC__P15__Diagnosis	P15__Diagnosis	EBI	P6	0.965
pre-DC-1__P15__Diagnosis	P15__Diagnosis	EBI	P6	0.972
pre-DC-2__P15__Diagnosis	P15__Diagnosis	EBI	P0	0.965
pre-DC-3__P15__Diagnosis	P15__Diagnosis	EBI	P10	0.973
preNeu__P15__Diagnosis	P15__Diagnosis	EBI	P10	0.955
CD4 TCM__P15__Relapse	P15__Relapse	EBI	P7	0.965
CD8 TEM__P15__Relapse	P15__Relapse	EBI	P7	0.976
Classical-Mono__P15__Relapse	P15__Relapse	EBI	P6	0.976
Erythroblast-2__P15__Relapse	P15__Relapse	EBI	P10	0.952
Erythroblast-3__P15__Relapse	P15__Relapse	EBI	P6	0.979
Intermediate Mono-1__P15__Relapse	P15__Relapse	EBI	P7	0.964
Intermediate Mono-2__P15__Relapse	P15__Relapse	EBI	P6	0.976
Intermediate Mono-3__P15__Relapse	P15__Relapse	EBI	P7	0.971
LMPP-1__P15__Relapse	P15__Relapse	EBI	P10	0.969
LMPP-1-cycling__P15__Relapse	P15__Relapse	EBI	P10	0.96
MAIT__P15__Relapse	P15__Relapse	EBI	P7	0.949
MDP-2__P15__Relapse	P15__Relapse	EBI	P7	0.971
MEP-1__P15__Relapse	P15__Relapse	EBI	P6	0.951
MEP-Eryth-1__P15__Relapse	P15__Relapse	EBI	P7	0.931
Mono-1__P15__Relapse	P15__Relapse	EBI	P10	0.98
Mono-2__P15__Relapse	P15__Relapse	EBI	P7	0.977
MultiLin-GMP-1__P15__Relapse	P15__Relapse	EBI	P7	0.948
MultiLin-GMP-2__P15__Relapse	P15__Relapse	EBI	P9	0.979
MultiLin-GMP-3__P15__Relapse	P15__Relapse	EBI	P9	0.969
Multilin-1__P15__Relapse	P15__Relapse	EBI	P7	0.974
Multilin-2__P15__Relapse	P15__Relapse	EBI	P10	0.971
Myeloid intermediate 1__P15__Relapse	P15__Relapse	EBI	P10	0.975
Myeloid intermediate 2__P15__Relapse	P15__Relapse	EBI	P7	0.98
Myeloid intermediate 3__P15__Relapse	P15__Relapse	EBI	P10	0.98
NK-Mature__P15__Relapse	P15__Relapse	EBI	P7	0.982
Non-Classical Mono-2__P15__Relapse	P15__Relapse	EBI	P7	0.964
Plasma Cell__P15__Relapse	P15__Relapse	EBI	P7	0.966
T CD4 Naive-2__P15__Relapse	P15__Relapse	EBI	P7	0.943
cDC1__P15__Relapse	P15__Relapse	EBI	P6	0.977
cDC2-1__P15__Relapse	P15__Relapse	EBI	P6	0.979
cDC2-2__P15__Relapse	P15__Relapse	EBI	P7	0.956
cMOP__P15__Relapse	P15__Relapse	EBI	P6	0.976
pDC__P15__Relapse	P15__Relapse	EBI	P7	0.951
pre-DC-1__P15__Relapse	P15__Relapse	EBI	P6	0.97
pre-DC-2__P15__Relapse	P15__Relapse	EBI	P6	0.973
pre-DC-3__P15__Relapse	P15__Relapse	EBI	P14	0.967
preNeu__P15__Relapse	P15__Relapse	EBI	P10	0.964
CD4 TCM__P16__Diagnosis	P16__Diagnosis	EBI	P2	0.966
CD8 TEM__P16__Diagnosis	P16__Diagnosis	EBI	P2	0.947
ERP-5__P16__Diagnosis	P16__Diagnosis	EBI	P7	0.943
ERP-6__P16__Diagnosis	P16__Diagnosis	EBI	P7	0.916
ERP-7__P16__Diagnosis	P16__Diagnosis	EBI	P7	0.951
ERP-8__P16__Diagnosis	P16__Diagnosis	EBI	P7	0.947
Erythroblast-1__P16__Diagnosis	P16__Diagnosis	EBI	P6	0.929
LMPP-1__P16__Diagnosis	P16__Diagnosis	EBI	P2	0.946
MAIT__P16__Diagnosis	P16__Diagnosis	EBI	P2	0.953
MPP-MEP__P16__Diagnosis	P16__Diagnosis	EBI	P2	0.94
Mono-1__P16__Diagnosis	P16__Diagnosis	EBI	P2	0.922
MultiLin-GMP-2__P16__Diagnosis	P16__Diagnosis	EBI	P1	0.94
Myeloid intermediate 1__P16__Diagnosis	P16__Diagnosis	EBI	P2	0.912
NK-Mature__P16__Diagnosis	P16__Diagnosis	EBI	P2	0.946
Plasma Cell__P16__Diagnosis	P16__Diagnosis	EBI	P7	0.961
T CD4 Naive-1__P16__Diagnosis	P16__Diagnosis	EBI	P2	0.937
T CD4 Naive-2__P16__Diagnosis	P16__Diagnosis	EBI	P2	0.971
T CD8 Naive__P16__Diagnosis	P16__Diagnosis	EBI	P2	0.96
immNeu-1__P16__Diagnosis	P16__Diagnosis	EBI	P2	0.921
preNeu__P16__Diagnosis	P16__Diagnosis	EBI	P2	0.942
B Memory-2__P16__Relapse	P16__Relapse	EBI	P2	0.935
CD4 TCM__P16__Relapse	P16__Relapse	EBI	P2	0.983
CD8 TEM__P16__Relapse	P16__Relapse	EBI	P2	0.974
ERP-6__P16__Relapse	P16__Relapse	EBI	P4	0.939
ERP-7__P16__Relapse	P16__Relapse	EBI	P6	0.943
ERP-8__P16__Relapse	P16__Relapse	EBI	P6	0.961
Erythroblast-1__P16__Relapse	P16__Relapse	EBI	P6	0.966
Erythroblast-2__P16__Relapse	P16__Relapse	EBI	P6	0.952
Erythroblast-3__P16__Relapse	P16__Relapse	EBI	P14	0.933
LMPP-1__P16__Relapse	P16__Relapse	EBI	P14	0.965
LMPP-1-cycling__P16__Relapse	P16__Relapse	EBI	P4	0.967
LMPP-2__P16__Relapse	P16__Relapse	EBI	P4	0.905
MAIT__P16__Relapse	P16__Relapse	EBI	P2	0.974
MPP-2__P16__Relapse	P16__Relapse	EBI	P14	0.949
MPP-MEP__P16__Relapse	P16__Relapse	EBI	P14	0.958
MultiLin-GMP-1__P16__Relapse	P16__Relapse	EBI	P4	0.963
MultiLin-GMP-2__P16__Relapse	P16__Relapse	EBI	P1	0.962
Multilin-2__P16__Relapse	P16__Relapse	EBI	P4	0.965
Myeloid intermediate 1__P16__Relapse	P16__Relapse	EBI	P1	0.935
NK-Mature__P16__Relapse	P16__Relapse	EBI	P2	0.97
T CD4 Naive-1__P16__Relapse	P16__Relapse	EBI	P2	0.976
T CD4 Naive-2__P16__Relapse	P16__Relapse	EBI	P2	0.984
T CD8 Naive__P16__Relapse	P16__Relapse	EBI	P2	0.98
preNeu__P16__Relapse	P16__Relapse	EBI	P1	0.959
CD4 TCM__P17__Diagnosis	P17__Diagnosis	EBI	P2	0.973
CD8 TEM__P17__Diagnosis	P17__Diagnosis	EBI	P2	0.957
LMPP-1__P17__Diagnosis	P17__Diagnosis	EBI	P2	0.945
MAIT__P17__Diagnosis	P17__Diagnosis	EBI	P2	0.96
MEP-2__P17__Diagnosis	P17__Diagnosis	EBI	P6	0.934
MPP-MEP__P17__Diagnosis	P17__Diagnosis	EBI	P2	0.942
Mono-1__P17__Diagnosis	P17__Diagnosis	EBI	P14	0.935
Mono-2__P17__Diagnosis	P17__Diagnosis	EBI	P14	0.943
MultiLin-GMP-2__P17__Diagnosis	P17__Diagnosis	EBI	P7	0.945
NK-Mature__P17__Diagnosis	P17__Diagnosis	EBI	P2	0.962
Non-Classical Mono-2__P17__Diagnosis	P17__Diagnosis	EBI	P2	0.915
T CD4 Naive-1__P17__Diagnosis	P17__Diagnosis	EBI	P2	0.971
T CD4 Naive-2__P17__Diagnosis	P17__Diagnosis	EBI	P2	0.972
T CD8 Naive__P17__Diagnosis	P17__Diagnosis	EBI	P2	0.95
cDC2-1__P17__Diagnosis	P17__Diagnosis	EBI	P14	0.936
cMOP__P17__Diagnosis	P17__Diagnosis	EBI	P0	0.939
immNeu-1__P17__Diagnosis	P17__Diagnosis	EBI	P2	0.939
preNeu__P17__Diagnosis	P17__Diagnosis	EBI	P2	0.949
CD4 TCM__P17__Relapse	P17__Relapse	EBI	P2	0.953
CD8 TEM__P17__Relapse	P17__Relapse	EBI	P2	0.957
ERP-7__P17__Relapse	P17__Relapse	EBI	P6	0.942
Erythroblast-1__P17__Relapse	P17__Relapse	EBI	P6	0.905
MAIT__P17__Relapse	P17__Relapse	EBI	P2	0.914
Mono-1__P17__Relapse	P17__Relapse	EBI	P14	0.936
Mono-2__P17__Relapse	P17__Relapse	EBI	P14	0.937
NK-Mature__P17__Relapse	P17__Relapse	EBI	P2	0.939
T CD4 Naive-2__P17__Relapse	P17__Relapse	EBI	P2	0.935
cMOP__P17__Relapse	P17__Relapse	EBI	P0	0.939
immNeu-1__P17__Relapse	P17__Relapse	EBI	P2	0.924
pre-DC-1__P17__Relapse	P17__Relapse	EBI	P7	0.88
B Memory-1__P18__Diagnosis	P18__Diagnosis	EBI	P7	0.956
B Memory-2__P18__Diagnosis	P18__Diagnosis	EBI	P7	0.945
CD4 TCM__P18__Diagnosis	P18__Diagnosis	EBI	P7	0.985
CD8 TEM__P18__Diagnosis	P18__Diagnosis	EBI	P7	0.97
CLP__P18__Diagnosis	P18__Diagnosis	EBI	P1	0.928
Erythroblast-3__P18__Diagnosis	P18__Diagnosis	EBI	P6	0.953
LMPP-1__P18__Diagnosis	P18__Diagnosis	EBI	P1	0.956
LMPP-1-cycling__P18__Diagnosis	P18__Diagnosis	EBI	P1	0.954
MAIT__P18__Diagnosis	P18__Diagnosis	EBI	P7	0.958
MDP-1__P18__Diagnosis	P18__Diagnosis	EBI	P1	0.906
MDP-2__P18__Diagnosis	P18__Diagnosis	EBI	P1	0.948
MEP-2__P18__Diagnosis	P18__Diagnosis	EBI	P1	0.946
MPP-2__P18__Diagnosis	P18__Diagnosis	EBI	P1	0.956
MPP-MEP__P18__Diagnosis	P18__Diagnosis	EBI	P1	0.959
MultiLin-GMP-2__P18__Diagnosis	P18__Diagnosis	EBI	P1	0.974
MultiLin-GMP-3__P18__Diagnosis	P18__Diagnosis	EBI	P1	0.955
Multilin-1__P18__Diagnosis	P18__Diagnosis	EBI	P1	0.966
Multilin-2__P18__Diagnosis	P18__Diagnosis	EBI	P1	0.957
Myeloid intermediate 1__P18__Diagnosis	P18__Diagnosis	EBI	P1	0.969
Myeloid intermediate 2__P18__Diagnosis	P18__Diagnosis	EBI	P1	0.966
Myeloid intermediate 3__P18__Diagnosis	P18__Diagnosis	EBI	P7	0.94
NK-Mature__P18__Diagnosis	P18__Diagnosis	EBI	P7	0.981
Pro-B-2__P18__Diagnosis	P18__Diagnosis	EBI	P1	0.894
T CD4 Naive-1__P18__Diagnosis	P18__Diagnosis	EBI	P7	0.974
T CD4 Naive-2__P18__Diagnosis	P18__Diagnosis	EBI	P7	0.983
T CD8 Naive__P18__Diagnosis	P18__Diagnosis	EBI	P7	0.979
cMOP__P18__Diagnosis	P18__Diagnosis	EBI	P1	0.962
immNeu-1__P18__Diagnosis	P18__Diagnosis	EBI	P1	0.955
preNeu__P18__Diagnosis	P18__Diagnosis	EBI	P1	0.961
B Memory-1__P18__Relapse	P18__Relapse	EBI	P7	0.976
B Memory-2__P18__Relapse	P18__Relapse	EBI	P7	0.981
CD4 TCM__P18__Relapse	P18__Relapse	EBI	P7	0.99
CD8 TEM__P18__Relapse	P18__Relapse	EBI	P7	0.988
Erythroblast-3__P18__Relapse	P18__Relapse	EBI	P10	0.971
LMPP-1-cycling__P18__Relapse	P18__Relapse	EBI	P1	0.93
MAIT__P18__Relapse	P18__Relapse	EBI	P7	0.982
MEP-2__P18__Relapse	P18__Relapse	EBI	P1	0.905
MPP-1__P18__Relapse	P18__Relapse	EBI	P1	0.902
MPP-2__P18__Relapse	P18__Relapse	EBI	P1	0.927
MPP-MEP__P18__Relapse	P18__Relapse	EBI	P1	0.926
MultiLin-GMP-2__P18__Relapse	P18__Relapse	EBI	P1	0.943
NK-Mature__P18__Relapse	P18__Relapse	EBI	P7	0.99
T CD4 Naive-1__P18__Relapse	P18__Relapse	EBI	P2	0.954
T CD4 Naive-2__P18__Relapse	P18__Relapse	EBI	P7	0.985
T CD8 Naive__P18__Relapse	P18__Relapse	EBI	P7	0.985
pre-B__P18__Relapse	P18__Relapse	EBI	P7	0.934
B Memory-1__P19__Diagnosis	P19__Diagnosis	EBI	P7	0.932
B Memory-2__P19__Diagnosis	P19__Diagnosis	EBI	P7	0.957
CD4 TCM__P19__Diagnosis	P19__Diagnosis	EBI	P7	0.974
CD8 TEM__P19__Diagnosis	P19__Diagnosis	EBI	P7	0.96
Classical-Mono__P19__Diagnosis	P19__Diagnosis	EBI	P5	0.909
LMPP-1-cycling__P19__Diagnosis	P19__Diagnosis	EBI	P12	0.941
MAIT__P19__Diagnosis	P19__Diagnosis	EBI	P7	0.955
MDP-2__P19__Diagnosis	P19__Diagnosis	EBI	P12	0.946
MEP-2__P19__Diagnosis	P19__Diagnosis	EBI	P14	0.938
MPP-MEP__P19__Diagnosis	P19__Diagnosis	EBI	P14	0.965
Mono-1__P19__Diagnosis	P19__Diagnosis	EBI	P5	0.96
Mono-2__P19__Diagnosis	P19__Diagnosis	EBI	P5	0.962
Multilin-2__P19__Diagnosis	P19__Diagnosis	EBI	P12	0.94
Myeloid intermediate 1__P19__Diagnosis	P19__Diagnosis	EBI	P11	0.937
Myeloid intermediate 2__P19__Diagnosis	P19__Diagnosis	EBI	P14	0.958
Myeloid intermediate 3__P19__Diagnosis	P19__Diagnosis	EBI	P12	0.935
NK-Mature__P19__Diagnosis	P19__Diagnosis	EBI	P7	0.972
Non-Classical Mono-2__P19__Diagnosis	P19__Diagnosis	EBI	P14	0.941
T CD4 Naive-1__P19__Diagnosis	P19__Diagnosis	EBI	P2	0.961
T CD4 Naive-2__P19__Diagnosis	P19__Diagnosis	EBI	P7	0.978
T CD8 Naive__P19__Diagnosis	P19__Diagnosis	EBI	P7	0.978
cDC1__P19__Diagnosis	P19__Diagnosis	EBI	P14	0.935
cDC2-1__P19__Diagnosis	P19__Diagnosis	EBI	P14	0.96
cMOP__P19__Diagnosis	P19__Diagnosis	EBI	P5	0.95
immNeu-1__P19__Diagnosis	P19__Diagnosis	EBI	P11	0.915
preNeu__P19__Diagnosis	P19__Diagnosis	EBI	P12	0.949
B Memory-1__P19__Relapse	P19__Relapse	EBI	P6	0.941
CD4 TCM__P19__Relapse	P19__Relapse	EBI	P7	0.991
CD8 TEM__P19__Relapse	P19__Relapse	EBI	P7	0.986
Erythroblast-3__P19__Relapse	P19__Relapse	EBI	P8	0.95
LMPP-1__P19__Relapse	P19__Relapse	EBI	P11	0.948
LMPP-1-cycling__P19__Relapse	P19__Relapse	EBI	P11	0.948
MAIT__P19__Relapse	P19__Relapse	EBI	P7	0.983
MDP-1__P19__Relapse	P19__Relapse	EBI	P14	0.916
MDP-2__P19__Relapse	P19__Relapse	EBI	P11	0.95
MEP-2__P19__Relapse	P19__Relapse	EBI	P14	0.945
MPP-MEP__P19__Relapse	P19__Relapse	EBI	P14	0.964
MultiLin-GMP-2__P19__Relapse	P19__Relapse	EBI	P11	0.962
Multilin-2__P19__Relapse	P19__Relapse	EBI	P11	0.937
Myeloid intermediate 1__P19__Relapse	P19__Relapse	EBI	P14	0.941
NK-Mature__P19__Relapse	P19__Relapse	EBI	P7	0.989
T CD4 Activated__P19__Relapse	P19__Relapse	EBI	P8	0.836
T CD4 Naive-1__P19__Relapse	P19__Relapse	EBI	P7	0.989
T CD4 Naive-2__P19__Relapse	P19__Relapse	EBI	P7	0.99
T CD8 Naive__P19__Relapse	P19__Relapse	EBI	P7	0.99
immNeu-1__P19__Relapse	P19__Relapse	EBI	P7	0.924
preNeu__P19__Relapse	P19__Relapse	EBI	P7	0.943
CD4 TCM__P20__Diagnosis	P20__Diagnosis	EBI	P7	0.958
Classical-Mono__P20__Diagnosis	P20__Diagnosis	EBI	P5	0.939
Intermediate Mono-1__P20__Diagnosis	P20__Diagnosis	EBI	P5	0.911
Intermediate Mono-2__P20__Diagnosis	P20__Diagnosis	EBI	P5	0.965
Intermediate Mono-3__P20__Diagnosis	P20__Diagnosis	EBI	P5	0.961
LMPP-1__P20__Diagnosis	P20__Diagnosis	EBI	P12	0.98
LMPP-1-cycling__P20__Diagnosis	P20__Diagnosis	EBI	P12	0.977
LMPP-2__P20__Diagnosis	P20__Diagnosis	EBI	P14	0.915
MDP-2__P20__Diagnosis	P20__Diagnosis	EBI	P11	0.971
MEP-1__P20__Diagnosis	P20__Diagnosis	EBI	P14	0.935
MEP-2__P20__Diagnosis	P20__Diagnosis	EBI	P14	0.959
MEP-Eryth-2__P20__Diagnosis	P20__Diagnosis	EBI	P11	0.939
MKP-early__P20__Diagnosis	P20__Diagnosis	EBI	P14	0.951
MKP-late__P20__Diagnosis	P20__Diagnosis	EBI	P14	0.939
MPP-MEP__P20__Diagnosis	P20__Diagnosis	EBI	P12	0.982
Mono-1__P20__Diagnosis	P20__Diagnosis	EBI	P12	0.965
Mono-2__P20__Diagnosis	P20__Diagnosis	EBI	P12	0.968
MultiLin-GMP-1__P20__Diagnosis	P20__Diagnosis	EBI	P7	0.938
MultiLin-GMP-2__P20__Diagnosis	P20__Diagnosis	EBI	P12	0.985
MultiLin-GMP-3__P20__Diagnosis	P20__Diagnosis	EBI	P12	0.969
Multilin-1__P20__Diagnosis	P20__Diagnosis	EBI	P12	0.967
Multilin-2__P20__Diagnosis	P20__Diagnosis	EBI	P12	0.97
Myeloid intermediate 1__P20__Diagnosis	P20__Diagnosis	EBI	P11	0.951
Myeloid intermediate 2__P20__Diagnosis	P20__Diagnosis	EBI	P12	0.977
Myeloid intermediate 3__P20__Diagnosis	P20__Diagnosis	EBI	P11	0.968
NK-Mature__P20__Diagnosis	P20__Diagnosis	EBI	P6	0.961
Non-Classical Mono-2__P20__Diagnosis	P20__Diagnosis	EBI	P5	0.941
Plasma Cell__P20__Diagnosis	P20__Diagnosis	EBI	P7	0.974
T CD4 Naive-2__P20__Diagnosis	P20__Diagnosis	EBI	P2	0.971
cDC1__P20__Diagnosis	P20__Diagnosis	EBI	P14	0.97
cDC2-1__P20__Diagnosis	P20__Diagnosis	EBI	P14	0.969
cMOP__P20__Diagnosis	P20__Diagnosis	EBI	P5	0.892
immNeu-1__P20__Diagnosis	P20__Diagnosis	EBI	P14	0.947
pre-DC-2__P20__Diagnosis	P20__Diagnosis	EBI	P14	0.949
pre-DC-3__P20__Diagnosis	P20__Diagnosis	EBI	P14	0.944
preNeu__P20__Diagnosis	P20__Diagnosis	EBI	P12	0.983
CD4 TCM__P20__Relapse	P20__Relapse	EBI	P7	0.966
CD8 TEM__P20__Relapse	P20__Relapse	EBI	P7	0.955
ERP-5__P20__Relapse	P20__Relapse	EBI	P7	0.953
ERP-6__P20__Relapse	P20__Relapse	EBI	P6	0.951
ERP-7__P20__Relapse	P20__Relapse	EBI	P6	0.965
ERP-8__P20__Relapse	P20__Relapse	EBI	P6	0.962
Erythroblast-3__P20__Relapse	P20__Relapse	EBI	P6	0.964
LMPP-1__P20__Relapse	P20__Relapse	EBI	P12	0.95
LMPP-1-cycling__P20__Relapse	P20__Relapse	EBI	P12	0.956
MDP-2__P20__Relapse	P20__Relapse	EBI	P11	0.947
MEP-2__P20__Relapse	P20__Relapse	EBI	P8	0.942
MPP-MEP__P20__Relapse	P20__Relapse	EBI	P14	0.967
Mono-1__P20__Relapse	P20__Relapse	EBI	P14	0.949
MultiLin-GMP-2__P20__Relapse	P20__Relapse	EBI	P12	0.978
MultiLin-GMP-3__P20__Relapse	P20__Relapse	EBI	P12	0.961
Multilin-1__P20__Relapse	P20__Relapse	EBI	P12	0.962
Myeloid intermediate 1__P20__Relapse	P20__Relapse	EBI	P14	0.958
Myeloid intermediate 2__P20__Relapse	P20__Relapse	EBI	P11	0.966
Myeloid intermediate 3__P20__Relapse	P20__Relapse	EBI	P11	0.948
NK-Mature__P20__Relapse	P20__Relapse	EBI	P7	0.981
T CD4 Naive-2__P20__Relapse	P20__Relapse	EBI	P7	0.952
cDC1__P20__Relapse	P20__Relapse	EBI	P14	0.937
immNeu-1__P20__Relapse	P20__Relapse	EBI	P14	0.955
preNeu__P20__Relapse	P20__Relapse	EBI	P1	0.971
CD4 TCM__P21__Diagnosis	P21__Diagnosis	EBI	P7	0.958
Erythroblast-3__P21__Diagnosis	P21__Diagnosis	EBI	P7	0.952
MDP-2__P21__Diagnosis	P21__Diagnosis	EBI	P11	0.955
MPP-MEP__P21__Diagnosis	P21__Diagnosis	EBI	P11	0.953
Mono-1__P21__Diagnosis	P21__Diagnosis	EBI	P14	0.941
MultiLin-GMP-2__P21__Diagnosis	P21__Diagnosis	EBI	P11	0.965
Multilin-1__P21__Diagnosis	P21__Diagnosis	EBI	P11	0.94
Myeloid intermediate 1__P21__Diagnosis	P21__Diagnosis	EBI	P11	0.92
Myeloid intermediate 2__P21__Diagnosis	P21__Diagnosis	EBI	P11	0.954
NK-Mature__P21__Diagnosis	P21__Diagnosis	EBI	P7	0.965
T CD4 Naive-2__P21__Diagnosis	P21__Diagnosis	EBI	P7	0.962
preNeu__P21__Diagnosis	P21__Diagnosis	EBI	P11	0.961
CD8 TEM__P21__Relapse	P21__Relapse	EBI	P7	0.927
Erythroblast-3__P21__Relapse	P21__Relapse	EBI	P7	0.955
LMPP-1__P21__Relapse	P21__Relapse	EBI	P11	0.927
LMPP-1-cycling__P21__Relapse	P21__Relapse	EBI	P11	0.927
MDP-1__P21__Relapse	P21__Relapse	EBI	P14	0.882
MDP-2__P21__Relapse	P21__Relapse	EBI	P11	0.954
MPP-MEP__P21__Relapse	P21__Relapse	EBI	P11	0.929
Mono-1__P21__Relapse	P21__Relapse	EBI	P1	0.958
Mono-2__P21__Relapse	P21__Relapse	EBI	P7	0.933
MultiLin-GMP-2__P21__Relapse	P21__Relapse	EBI	P11	0.974
MultiLin-GMP-3__P21__Relapse	P21__Relapse	EBI	P1	0.949
Multilin-1__P21__Relapse	P21__Relapse	EBI	P1	0.956
Multilin-2__P21__Relapse	P21__Relapse	EBI	P11	0.953
Myeloid intermediate 1__P21__Relapse	P21__Relapse	EBI	P1	0.963
Myeloid intermediate 2__P21__Relapse	P21__Relapse	EBI	P1	0.971
Myeloid intermediate 3__P21__Relapse	P21__Relapse	EBI	P1	0.959
NK-Mature__P21__Relapse	P21__Relapse	EBI	P7	0.926
cDC1__P21__Relapse	P21__Relapse	EBI	P11	0.938
immNeu-1__P21__Relapse	P21__Relapse	EBI	P14	0.94
preNeu__P21__Relapse	P21__Relapse	EBI	P1	0.968
B Memory-1__P22__Diagnosis	P22__Diagnosis	EBI	P7	0.917
B Memory-2__P22__Diagnosis	P22__Diagnosis	EBI	P7	0.944
CD4 TCM__P22__Diagnosis	P22__Diagnosis	EBI	P7	0.982
CD8 TEM__P22__Diagnosis	P22__Diagnosis	EBI	P7	0.974
CLP__P22__Diagnosis	P22__Diagnosis	EBI	P10	0.917
ERP-8__P22__Diagnosis	P22__Diagnosis	EBI	P7	0.958
Erythroblast-1__P22__Diagnosis	P22__Diagnosis	EBI	P7	0.954
Erythroblast-2__P22__Diagnosis	P22__Diagnosis	EBI	P10	0.94
Erythroblast-3__P22__Diagnosis	P22__Diagnosis	EBI	P7	0.986
MAIT__P22__Diagnosis	P22__Diagnosis	EBI	P7	0.968
MPP-MEP__P22__Diagnosis	P22__Diagnosis	EBI	P10	0.955
MultiLin-GMP-2__P22__Diagnosis	P22__Diagnosis	EBI	P10	0.975
MultiLin-GMP-3__P22__Diagnosis	P22__Diagnosis	EBI	P10	0.96
Multilin-1__P22__Diagnosis	P22__Diagnosis	EBI	P10	0.959
Multilin-2__P22__Diagnosis	P22__Diagnosis	EBI	P10	0.943
Myeloid intermediate 1__P22__Diagnosis	P22__Diagnosis	EBI	P10	0.971
Myeloid intermediate 2__P22__Diagnosis	P22__Diagnosis	EBI	P10	0.945
Myeloid intermediate 3__P22__Diagnosis	P22__Diagnosis	EBI	P10	0.924
NK-Mature__P22__Diagnosis	P22__Diagnosis	EBI	P7	0.974
Plasma Cell__P22__Diagnosis	P22__Diagnosis	EBI	P7	0.978
T CD4 Activated__P22__Diagnosis	P22__Diagnosis	EBI	P7	0.929
T CD4 Naive-1__P22__Diagnosis	P22__Diagnosis	EBI	P7	0.977
T CD4 Naive-2__P22__Diagnosis	P22__Diagnosis	EBI	P7	0.985
T CD8 Naive__P22__Diagnosis	P22__Diagnosis	EBI	P7	0.982
immNeu-1__P22__Diagnosis	P22__Diagnosis	EBI	P10	0.964
preNeu__P22__Diagnosis	P22__Diagnosis	EBI	P10	0.974
B Memory-1__P22__Relapse	P22__Relapse	EBI	P7	0.947
B Memory-2__P22__Relapse	P22__Relapse	EBI	P7	0.938
CD4 TCM__P22__Relapse	P22__Relapse	EBI	P7	0.982
CD8 TEM__P22__Relapse	P22__Relapse	EBI	P7	0.98
CLP__P22__Relapse	P22__Relapse	EBI	P10	0.913
Classical-Mono__P22__Relapse	P22__Relapse	EBI	P10	0.882
Erythroblast-1__P22__Relapse	P22__Relapse	EBI	P7	0.953
Erythroblast-2__P22__Relapse	P22__Relapse	EBI	P10	0.949
Erythroblast-3__P22__Relapse	P22__Relapse	EBI	P7	0.98
LMPP-1-cycling__P22__Relapse	P22__Relapse	EBI	P10	0.923
MAIT__P22__Relapse	P22__Relapse	EBI	P7	0.962
MDP-2__P22__Relapse	P22__Relapse	EBI	P10	0.921
MEP-2__P22__Relapse	P22__Relapse	EBI	P10	0.922
MPP-MEP__P22__Relapse	P22__Relapse	EBI	P10	0.959
Mono-1__P22__Relapse	P22__Relapse	EBI	P1	0.918
MultiLin-GMP-2__P22__Relapse	P22__Relapse	EBI	P10	0.972
MultiLin-GMP-3__P22__Relapse	P22__Relapse	EBI	P10	0.955
Multilin-1__P22__Relapse	P22__Relapse	EBI	P10	0.95
Myeloid intermediate 1__P22__Relapse	P22__Relapse	EBI	P10	0.964
Myeloid intermediate 2__P22__Relapse	P22__Relapse	EBI	P10	0.951
Myeloid intermediate 3__P22__Relapse	P22__Relapse	EBI	P10	0.939
NK-Mature__P22__Relapse	P22__Relapse	EBI	P7	0.981
Plasma Cell__P22__Relapse	P22__Relapse	EBI	P7	0.973
T CD4 Activated__P22__Relapse	P22__Relapse	EBI	P7	0.88
T CD4 Naive-1__P22__Relapse	P22__Relapse	EBI	P7	0.968
T CD4 Naive-2__P22__Relapse	P22__Relapse	EBI	P7	0.983
T CD8 Naive__P22__Relapse	P22__Relapse	EBI	P7	0.976
cDC1__P22__Relapse	P22__Relapse	EBI	P10	0.889
cMOP__P22__Relapse	P22__Relapse	EBI	P10	0.943
immNeu-1__P22__Relapse	P22__Relapse	EBI	P10	0.965
preNeu__P22__Relapse	P22__Relapse	EBI	P10	0.969
B Memory-1__P23__Diagnosis	P23__Diagnosis	EBI	P7	0.955
B Memory-2__P23__Diagnosis	P23__Diagnosis	EBI	P6	0.957
CD4 TCM__P23__Diagnosis	P23__Diagnosis	EBI	P2	0.983
CD8 TEM__P23__Diagnosis	P23__Diagnosis	EBI	P2	0.943
Classical-Mono__P23__Diagnosis	P23__Diagnosis	EBI	P0	0.963
Erythroblast-3__P23__Diagnosis	P23__Diagnosis	EBI	P6	0.956
Intermediate Mono-1__P23__Diagnosis	P23__Diagnosis	EBI	P7	0.943
Intermediate Mono-2__P23__Diagnosis	P23__Diagnosis	EBI	P0	0.963
Intermediate Mono-3__P23__Diagnosis	P23__Diagnosis	EBI	P6	0.955
LMPP-1__P23__Diagnosis	P23__Diagnosis	EBI	P1	0.963
LMPP-1-cycling__P23__Diagnosis	P23__Diagnosis	EBI	P1	0.96
LMPP-2__P23__Diagnosis	P23__Diagnosis	EBI	P1	0.953
MAIT__P23__Diagnosis	P23__Diagnosis	EBI	P6	0.936
MDP-1__P23__Diagnosis	P23__Diagnosis	EBI	P1	0.935
MDP-2__P23__Diagnosis	P23__Diagnosis	EBI	P1	0.964
MEP-1__P23__Diagnosis	P23__Diagnosis	EBI	P1	0.957
MEP-2__P23__Diagnosis	P23__Diagnosis	EBI	P1	0.956
MEP-Eryth-2__P23__Diagnosis	P23__Diagnosis	EBI	P1	0.952
MPP-1__P23__Diagnosis	P23__Diagnosis	EBI	P1	0.963
MPP-2__P23__Diagnosis	P23__Diagnosis	EBI	P1	0.97
MPP-MEP__P23__Diagnosis	P23__Diagnosis	EBI	P1	0.969
Mono-1__P23__Diagnosis	P23__Diagnosis	EBI	P8	0.924
Mono-2__P23__Diagnosis	P23__Diagnosis	EBI	P9	0.96
MultiLin-GMP-1__P23__Diagnosis	P23__Diagnosis	EBI	P7	0.923
MultiLin-GMP-2__P23__Diagnosis	P23__Diagnosis	EBI	P1	0.964
MultiLin-GMP-3__P23__Diagnosis	P23__Diagnosis	EBI	P1	0.957
Multilin-1__P23__Diagnosis	P23__Diagnosis	EBI	P1	0.969
Multilin-2__P23__Diagnosis	P23__Diagnosis	EBI	P1	0.971
Myeloid intermediate 1__P23__Diagnosis	P23__Diagnosis	EBI	P8	0.933
NK-Mature__P23__Diagnosis	P23__Diagnosis	EBI	P6	0.983
T CD4 Naive-1__P23__Diagnosis	P23__Diagnosis	EBI	P7	0.954
T CD4 Naive-2__P23__Diagnosis	P23__Diagnosis	EBI	P6	0.976
cDC2-1__P23__Diagnosis	P23__Diagnosis	EBI	P8	0.943
immNeu-1__P23__Diagnosis	P23__Diagnosis	EBI	P8	0.946
pDC__P23__Diagnosis	P23__Diagnosis	EBI	P6	0.96
BMCP-1__P23__Relapse	P23__Relapse	EBI	P1	0.911
Erythroblast-3__P23__Relapse	P23__Relapse	EBI	P6	0.946
HSC-1__P23__Relapse	P23__Relapse	EBI	P1	0.919
HSC-2__P23__Relapse	P23__Relapse	EBI	P1	0.947
LMPP-1__P23__Relapse	P23__Relapse	EBI	P1	0.959
LMPP-1-cycling__P23__Relapse	P23__Relapse	EBI	P1	0.96
LMPP-2__P23__Relapse	P23__Relapse	EBI	P1	0.948
MDP-1__P23__Relapse	P23__Relapse	EBI	P1	0.929
MDP-2__P23__Relapse	P23__Relapse	EBI	P1	0.963
MEP-1__P23__Relapse	P23__Relapse	EBI	P1	0.956
MEP-2__P23__Relapse	P23__Relapse	EBI	P1	0.955
MEP-Eryth-2__P23__Relapse	P23__Relapse	EBI	P1	0.949
MKP-early__P23__Relapse	P23__Relapse	EBI	P1	0.936
MPP-1__P23__Relapse	P23__Relapse	EBI	P1	0.957
MPP-2__P23__Relapse	P23__Relapse	EBI	P1	0.966
MPP-MEP__P23__Relapse	P23__Relapse	EBI	P1	0.968
Mono-2__P23__Relapse	P23__Relapse	EBI	P1	0.945
MultiLin-GMP-1__P23__Relapse	P23__Relapse	EBI	P7	0.91
MultiLin-GMP-2__P23__Relapse	P23__Relapse	EBI	P1	0.968
MultiLin-GMP-3__P23__Relapse	P23__Relapse	EBI	P1	0.961
Multilin-1__P23__Relapse	P23__Relapse	EBI	P1	0.969
Multilin-2__P23__Relapse	P23__Relapse	EBI	P1	0.961
Myeloid intermediate 1__P23__Relapse	P23__Relapse	EBI	P1	0.957
NK-Mature__P23__Relapse	P23__Relapse	EBI	P1	0.974
cMOP__P23__Relapse	P23__Relapse	EBI	P1	0.959
immNeu-1__P23__Relapse	P23__Relapse	EBI	P1	0.958
pDC__P23__Relapse	P23__Relapse	EBI	P1	0.927
preNeu__P23__Relapse	P23__Relapse	EBI	P1	0.965
CD4 TCM__P24__Diagnosis	P24__Diagnosis	EBI	P7	0.963
Erythroblast-3__P24__Diagnosis	P24__Diagnosis	EBI	P7	0.955
LMPP-1-cycling__P24__Diagnosis	P24__Diagnosis	EBI	P15	0.905
MDP-2__P24__Diagnosis	P24__Diagnosis	EBI	P15	0.888
MEP-2__P24__Diagnosis	P24__Diagnosis	EBI	P15	0.913
MPP-MEP__P24__Diagnosis	P24__Diagnosis	EBI	P15	0.937
Mono-1__P24__Diagnosis	P24__Diagnosis	EBI	P15	0.924
MultiLin-GMP-2__P24__Diagnosis	P24__Diagnosis	EBI	P15	0.921
Multilin-1__P24__Diagnosis	P24__Diagnosis	EBI	P15	0.932
Myeloid intermediate 1__P24__Diagnosis	P24__Diagnosis	EBI	P15	0.939
Myeloid intermediate 2__P24__Diagnosis	P24__Diagnosis	EBI	P15	0.934
NK-Mature__P24__Diagnosis	P24__Diagnosis	EBI	P7	0.959
T CD4 Naive-2__P24__Diagnosis	P24__Diagnosis	EBI	P7	0.964
T CD8 Naive__P24__Diagnosis	P24__Diagnosis	EBI	P7	0.974
cMOP__P24__Diagnosis	P24__Diagnosis	EBI	P15	0.921
immNeu-1__P24__Diagnosis	P24__Diagnosis	EBI	P15	0.941
preNeu__P24__Diagnosis	P24__Diagnosis	EBI	P15	0.946
CD4 TCM__P24__Relapse	P24__Relapse	EBI	P7	0.961
CD8 TEM__P24__Relapse	P24__Relapse	EBI	P7	0.954
Erythroblast-3__P24__Relapse	P24__Relapse	EBI	P6	0.973
LMPP-1-cycling__P24__Relapse	P24__Relapse	EBI	P15	0.919
MDP-2__P24__Relapse	P24__Relapse	EBI	P15	0.867
MPP-MEP__P24__Relapse	P24__Relapse	EBI	P15	0.942
Mono-1__P24__Relapse	P24__Relapse	EBI	P15	0.906
MultiLin-GMP-2__P24__Relapse	P24__Relapse	EBI	P15	0.928
Multilin-1__P24__Relapse	P24__Relapse	EBI	P15	0.934
Myeloid intermediate 1__P24__Relapse	P24__Relapse	EBI	P15	0.934
Myeloid intermediate 2__P24__Relapse	P24__Relapse	EBI	P15	0.916
NK-Mature__P24__Relapse	P24__Relapse	EBI	P7	0.971
cMOP__P24__Relapse	P24__Relapse	EBI	P15	0.913
immNeu-1__P24__Relapse	P24__Relapse	EBI	P15	0.928
preNeu__P24__Relapse	P24__Relapse	EBI	P15	0.943
B Memory-2__P25__Diagnosis	P25__Diagnosis	EBI	P6	0.956
BMCP-1__P25__Diagnosis	P25__Diagnosis	EBI	P4	0.945
CD4 TCM__P25__Diagnosis	P25__Diagnosis	EBI	P6	0.948
CD8 TEM__P25__Diagnosis	P25__Diagnosis	EBI	P6	0.949
Classical-Mono__P25__Diagnosis	P25__Diagnosis	EBI	P14	0.964
ERP-4__P25__Diagnosis	P25__Diagnosis	EBI	P4	0.955
ERP-7__P25__Diagnosis	P25__Diagnosis	EBI	P4	0.964
ERP-8__P25__Diagnosis	P25__Diagnosis	EBI	P4	0.972
Erythroblast-1__P25__Diagnosis	P25__Diagnosis	EBI	P6	0.955
Erythroblast-2__P25__Diagnosis	P25__Diagnosis	EBI	P6	0.943
Erythroblast-3__P25__Diagnosis	P25__Diagnosis	EBI	P6	0.955
Intermediate Mono-1__P25__Diagnosis	P25__Diagnosis	EBI	P5	0.931
Intermediate Mono-2__P25__Diagnosis	P25__Diagnosis	EBI	P5	0.961
Intermediate Mono-3__P25__Diagnosis	P25__Diagnosis	EBI	P14	0.951
LMPP-1__P25__Diagnosis	P25__Diagnosis	EBI	P4	0.979
LMPP-1-cycling__P25__Diagnosis	P25__Diagnosis	EBI	P4	0.978
MAIT__P25__Diagnosis	P25__Diagnosis	EBI	P6	0.902
MDP-1__P25__Diagnosis	P25__Diagnosis	EBI	P4	0.85
MDP-2__P25__Diagnosis	P25__Diagnosis	EBI	P4	0.974
MEP-1__P25__Diagnosis	P25__Diagnosis	EBI	P4	0.973
MEP-2__P25__Diagnosis	P25__Diagnosis	EBI	P4	0.962
MEP-Eryth-2__P25__Diagnosis	P25__Diagnosis	EBI	P4	0.977
MPP-2__P25__Diagnosis	P25__Diagnosis	EBI	P4	0.968
MPP-MEP__P25__Diagnosis	P25__Diagnosis	EBI	P4	0.983
Mono-1__P25__Diagnosis	P25__Diagnosis	EBI	P14	0.953
Mono-2__P25__Diagnosis	P25__Diagnosis	EBI	P14	0.958
MultiLin-GMP-1__P25__Diagnosis	P25__Diagnosis	EBI	P4	0.973
MultiLin-GMP-2__P25__Diagnosis	P25__Diagnosis	EBI	P4	0.984
MultiLin-GMP-3__P25__Diagnosis	P25__Diagnosis	EBI	P4	0.98
Multilin-1__P25__Diagnosis	P25__Diagnosis	EBI	P4	0.978
Multilin-2__P25__Diagnosis	P25__Diagnosis	EBI	P4	0.975
Myeloid intermediate 1__P25__Diagnosis	P25__Diagnosis	EBI	P4	0.975
Myeloid intermediate 2__P25__Diagnosis	P25__Diagnosis	EBI	P4	0.98
Myeloid intermediate 3__P25__Diagnosis	P25__Diagnosis	EBI	P4	0.974
NK-Mature__P25__Diagnosis	P25__Diagnosis	EBI	P6	0.951
Plasma Cell__P25__Diagnosis	P25__Diagnosis	EBI	P6	0.972
T CD4 Naive-1__P25__Diagnosis	P25__Diagnosis	EBI	P6	0.918
T CD4 Naive-2__P25__Diagnosis	P25__Diagnosis	EBI	P6	0.961
cMOP__P25__Diagnosis	P25__Diagnosis	EBI	P4	0.974
immNeu-1__P25__Diagnosis	P25__Diagnosis	EBI	P4	0.968
preNeu__P25__Diagnosis	P25__Diagnosis	EBI	P4	0.983
B Memory-2__P25__Relapse	P25__Relapse	EBI	P6	0.959
BMCP-1__P25__Relapse	P25__Relapse	EBI	P4	0.941
CD4 TCM__P25__Relapse	P25__Relapse	EBI	P2	0.975
CD8 TEM__P25__Relapse	P25__Relapse	EBI	P2	0.971
Classical-Mono__P25__Relapse	P25__Relapse	EBI	P0	0.965
ERP-8__P25__Relapse	P25__Relapse	EBI	P6	0.944
Erythroblast-1__P25__Relapse	P25__Relapse	EBI	P6	0.965
Erythroblast-2__P25__Relapse	P25__Relapse	EBI	P6	0.952
Erythroblast-3__P25__Relapse	P25__Relapse	EBI	P6	0.929
Intermediate Mono-2__P25__Relapse	P25__Relapse	EBI	P5	0.948
Intermediate Mono-3__P25__Relapse	P25__Relapse	EBI	P0	0.96
LMPP-1__P25__Relapse	P25__Relapse	EBI	P10	0.973
LMPP-1-cycling__P25__Relapse	P25__Relapse	EBI	P4	0.976
MAIT__P25__Relapse	P25__Relapse	EBI	P2	0.922
MEP-1__P25__Relapse	P25__Relapse	EBI	P4	0.975
MEP-2__P25__Relapse	P25__Relapse	EBI	P6	0.963
MEP-Eryth-2__P25__Relapse	P25__Relapse	EBI	P6	0.963
MPP-1__P25__Relapse	P25__Relapse	EBI	P6	0.953
MPP-2__P25__Relapse	P25__Relapse	EBI	P4	0.967
MPP-MEP__P25__Relapse	P25__Relapse	EBI	P10	0.968
Mono-1__P25__Relapse	P25__Relapse	EBI	P14	0.965
Mono-2__P25__Relapse	P25__Relapse	EBI	P8	0.969
MultiLin-GMP-1__P25__Relapse	P25__Relapse	EBI	P4	0.974
MultiLin-GMP-2__P25__Relapse	P25__Relapse	EBI	P10	0.971
MultiLin-GMP-3__P25__Relapse	P25__Relapse	EBI	P4	0.979
Multilin-1__P25__Relapse	P25__Relapse	EBI	P4	0.98
Myeloid intermediate 1__P25__Relapse	P25__Relapse	EBI	P4	0.964
Myeloid intermediate 2__P25__Relapse	P25__Relapse	EBI	P4	0.96
Myeloid intermediate 3__P25__Relapse	P25__Relapse	EBI	P4	0.971
NK-Mature__P25__Relapse	P25__Relapse	EBI	P2	0.96
Plasma Cell__P25__Relapse	P25__Relapse	EBI	P6	0.978
T CD4 Naive-1__P25__Relapse	P25__Relapse	EBI	P2	0.934
T CD4 Naive-2__P25__Relapse	P25__Relapse	EBI	P2	0.973
cDC1__P25__Relapse	P25__Relapse	EBI	P4	0.945
cDC2-1__P25__Relapse	P25__Relapse	EBI	P0	0.956
cMOP__P25__Relapse	P25__Relapse	EBI	P0	0.948
immNeu-1__P25__Relapse	P25__Relapse	EBI	P6	0.954
preNeu__P25__Relapse	P25__Relapse	EBI	P10	0.969
CD4 TCM__P26__Diagnosis	P26__Diagnosis	EBI	P2	0.978
CD8 TEM__P26__Diagnosis	P26__Diagnosis	EBI	P2	0.97
Classical-Mono__P26__Diagnosis	P26__Diagnosis	EBI	P0	0.969
ERP-7__P26__Diagnosis	P26__Diagnosis	EBI	P6	0.958
ERP-8__P26__Diagnosis	P26__Diagnosis	EBI	P6	0.972
Erythroblast-1__P26__Diagnosis	P26__Diagnosis	EBI	P6	0.975
Erythroblast-2__P26__Diagnosis	P26__Diagnosis	EBI	P6	0.954
Erythroblast-3__P26__Diagnosis	P26__Diagnosis	EBI	P6	0.953
Intermediate Mono-1__P26__Diagnosis	P26__Diagnosis	EBI	P14	0.952
Intermediate Mono-2__P26__Diagnosis	P26__Diagnosis	EBI	P0	0.968
Intermediate Mono-3__P26__Diagnosis	P26__Diagnosis	EBI	P0	0.965
LMPP-1__P26__Diagnosis	P26__Diagnosis	EBI	P10	0.961
LMPP-1-cycling__P26__Diagnosis	P26__Diagnosis	EBI	P4	0.965
MAIT__P26__Diagnosis	P26__Diagnosis	EBI	P2	0.961
MDP-2__P26__Diagnosis	P26__Diagnosis	EBI	P4	0.953
MPP-2__P26__Diagnosis	P26__Diagnosis	EBI	P4	0.962
MPP-MEP__P26__Diagnosis	P26__Diagnosis	EBI	P10	0.962
Mono-1__P26__Diagnosis	P26__Diagnosis	EBI	P6	0.968
Mono-2__P26__Diagnosis	P26__Diagnosis	EBI	P14	0.976
MultiLin-GMP-1__P26__Diagnosis	P26__Diagnosis	EBI	P4	0.97
Myeloid intermediate 1__P26__Diagnosis	P26__Diagnosis	EBI	P4	0.967
Myeloid intermediate 2__P26__Diagnosis	P26__Diagnosis	EBI	P4	0.966
Myeloid intermediate 3__P26__Diagnosis	P26__Diagnosis	EBI	P4	0.968
NK-Mature__P26__Diagnosis	P26__Diagnosis	EBI	P2	0.971
Non-Classical Mono-2__P26__Diagnosis	P26__Diagnosis	EBI	P14	0.92
Plasma Cell__P26__Diagnosis	P26__Diagnosis	EBI	P6	0.979
T CD4 Naive-1__P26__Diagnosis	P26__Diagnosis	EBI	P2	0.96
T CD4 Naive-2__P26__Diagnosis	P26__Diagnosis	EBI	P6	0.975
T CD8 Naive__P26__Diagnosis	P26__Diagnosis	EBI	P2	0.96
cDC1__P26__Diagnosis	P26__Diagnosis	EBI	P4	0.96
cDC2-1__P26__Diagnosis	P26__Diagnosis	EBI	P6	0.967
cMOP__P26__Diagnosis	P26__Diagnosis	EBI	P2	0.966
immNeu-1__P26__Diagnosis	P26__Diagnosis	EBI	P2	0.946
pre-DC-1__P26__Diagnosis	P26__Diagnosis	EBI	P6	0.962
pre-DC-2__P26__Diagnosis	P26__Diagnosis	EBI	P4	0.971
pre-DC-3__P26__Diagnosis	P26__Diagnosis	EBI	P6	0.939
preNeu__P26__Diagnosis	P26__Diagnosis	EBI	P6	0.957
B Memory-1__P26__Relapse	P26__Relapse	EBI	P2	0.935
B Memory-2__P26__Relapse	P26__Relapse	EBI	P2	0.949
BMCP-1__P26__Relapse	P26__Relapse	EBI	P4	0.891
CD4 TCM__P26__Relapse	P26__Relapse	EBI	P2	0.942
CD8 TEM__P26__Relapse	P26__Relapse	EBI	P2	0.968
Classical-Mono__P26__Relapse	P26__Relapse	EBI	P5	0.977
ERP-5__P26__Relapse	P26__Relapse	EBI	P7	0.934
ERP-7__P26__Relapse	P26__Relapse	EBI	P7	0.941
ERP-8__P26__Relapse	P26__Relapse	EBI	P7	0.945
Erythroblast-1__P26__Relapse	P26__Relapse	EBI	P7	0.958
Erythroblast-2__P26__Relapse	P26__Relapse	EBI	P6	0.942
Erythroblast-3__P26__Relapse	P26__Relapse	EBI	P6	0.955
Intermediate Mono-1__P26__Relapse	P26__Relapse	EBI	P14	0.958
Intermediate Mono-2__P26__Relapse	P26__Relapse	EBI	P5	0.975
Intermediate Mono-3__P26__Relapse	P26__Relapse	EBI	P5	0.969
LMPP-1__P26__Relapse	P26__Relapse	EBI	P4	0.968
LMPP-1-cycling__P26__Relapse	P26__Relapse	EBI	P4	0.965
MAIT__P26__Relapse	P26__Relapse	EBI	P2	0.94
MDP-2__P26__Relapse	P26__Relapse	EBI	P4	0.958
MEP-2__P26__Relapse	P26__Relapse	EBI	P10	0.934
MPP-1__P26__Relapse	P26__Relapse	EBI	P10	0.934
MPP-2__P26__Relapse	P26__Relapse	EBI	P4	0.962
MPP-MEP__P26__Relapse	P26__Relapse	EBI	P10	0.958
Mono-1__P26__Relapse	P26__Relapse	EBI	P5	0.965
Mono-2__P26__Relapse	P26__Relapse	EBI	P14	0.976
MultiLin-GMP-1__P26__Relapse	P26__Relapse	EBI	P4	0.953
MultiLin-GMP-2__P26__Relapse	P26__Relapse	EBI	P4	0.953
Multilin-2__P26__Relapse	P26__Relapse	EBI	P4	0.952
Myeloid intermediate 1__P26__Relapse	P26__Relapse	EBI	P4	0.967
Myeloid intermediate 2__P26__Relapse	P26__Relapse	EBI	P4	0.96
Myeloid intermediate 3__P26__Relapse	P26__Relapse	EBI	P4	0.965
NK-Mature__P26__Relapse	P26__Relapse	EBI	P2	0.966
Non-Classical Mono-2__P26__Relapse	P26__Relapse	EBI	P14	0.942
Plasma Cell__P26__Relapse	P26__Relapse	EBI	P6	0.963
cDC1__P26__Relapse	P26__Relapse	EBI	P4	0.958
cDC2-1__P26__Relapse	P26__Relapse	EBI	P6	0.968
cDC2-2__P26__Relapse	P26__Relapse	EBI	P6	0.955
cMOP__P26__Relapse	P26__Relapse	EBI	P6	0.962
immNeu-1__P26__Relapse	P26__Relapse	EBI	P4	0.954
pre-DC-1__P26__Relapse	P26__Relapse	EBI	P6	0.959
pre-DC-2__P26__Relapse	P26__Relapse	EBI	P4	0.963
pre-DC-3__P26__Relapse	P26__Relapse	EBI	P6	0.946
preNeu__P26__Relapse	P26__Relapse	EBI	P2	0.944
B Memory-1__PAUMTZ-EoT	PAUMTZ-EoT	NYU-1	P7	0.926
CLP__PAUMTZ-EoT	PAUMTZ-EoT	NYU-1	P6	0.961
Classical-Mono__PAUMTZ-EoT	PAUMTZ-EoT	NYU-1	P8	0.914
Erythroblast-3__PAUMTZ-EoT	PAUMTZ-EoT	NYU-1	P14	0.919
Intermediate Mono-1__PAUMTZ-EoT	PAUMTZ-EoT	NYU-1	P3	0.963
Intermediate Mono-2__PAUMTZ-EoT	PAUMTZ-EoT	NYU-1	P6	0.961
Intermediate Mono-3__PAUMTZ-EoT	PAUMTZ-EoT	NYU-1	P6	0.965
MultiLin-GMP-1__PAUMTZ-EoT	PAUMTZ-EoT	NYU-1	P10	0.949
Non-Classical Mono-1__PAUMTZ-EoT	PAUMTZ-EoT	NYU-1	P14	0.844
Non-Classical Mono-2__PAUMTZ-EoT	PAUMTZ-EoT	NYU-1	P7	0.961
Pro-B-3__PAUMTZ-EoT	PAUMTZ-EoT	NYU-1	P6	0.959
Pro-B-cycling-2__PAUMTZ-EoT	PAUMTZ-EoT	NYU-1	P6	0.948
cDC2-2__PAUMTZ-EoT	PAUMTZ-EoT	NYU-1	P7	0.965
B Memory-1__PAUMTZ-Relapse	PAUMTZ-Relapse	NYU-1	P6	0.975
B Memory-2__PAUMTZ-Relapse	PAUMTZ-Relapse	NYU-1	P6	0.961
CD4 TCM__PAUMTZ-Relapse	PAUMTZ-Relapse	NYU-1	P7	0.947
CD8 TEM__PAUMTZ-Relapse	PAUMTZ-Relapse	NYU-1	P6	0.932
Classical-Mono__PAUMTZ-Relapse	PAUMTZ-Relapse	NYU-1	P8	0.956
Erythroblast-3__PAUMTZ-Relapse	PAUMTZ-Relapse	NYU-1	P14	0.932
Intermediate Mono-1__PAUMTZ-Relapse	PAUMTZ-Relapse	NYU-1	P14	0.967
Intermediate Mono-2__PAUMTZ-Relapse	PAUMTZ-Relapse	NYU-1	P8	0.967
Intermediate Mono-3__PAUMTZ-Relapse	PAUMTZ-Relapse	NYU-1	P6	0.971
MAIT__PAUMTZ-Relapse	PAUMTZ-Relapse	NYU-1	P6	0.936
MPP-MEP__PAUMTZ-Relapse	PAUMTZ-Relapse	NYU-1	P10	0.93
Mono-2__PAUMTZ-Relapse	PAUMTZ-Relapse	NYU-1	P6	0.938
NK-Mature__PAUMTZ-Relapse	PAUMTZ-Relapse	NYU-1	P6	0.964
Non-Classical Mono-2__PAUMTZ-Relapse	PAUMTZ-Relapse	NYU-1	P6	0.964
Pro-B-3__PAUMTZ-Relapse	PAUMTZ-Relapse	NYU-1	P6	0.92
Pro-B-cycling-1__PAUMTZ-Relapse	PAUMTZ-Relapse	NYU-1	P6	0.947
Pro-B-cycling-2__PAUMTZ-Relapse	PAUMTZ-Relapse	NYU-1	P6	0.947
T CD4 Naive-1__PAUMTZ-Relapse	PAUMTZ-Relapse	NYU-1	P6	0.951
Transitional-B-1__PAUMTZ-Relapse	PAUMTZ-Relapse	NYU-1	P7	0.931
cDC2-1__PAUMTZ-Relapse	PAUMTZ-Relapse	NYU-1	P6	0.958
cDC2-2__PAUMTZ-Relapse	PAUMTZ-Relapse	NYU-1	P6	0.955
pDC__PAUMTZ-Relapse	PAUMTZ-Relapse	NYU-1	P6	0.93
pre-B__PAUMTZ-Relapse	PAUMTZ-Relapse	NYU-1	P6	0.969
B Memory-1__PAUMTZ	PAUMTZ	NYU-1	P3	0.97
BMCP-1__PAUMTZ	PAUMTZ	NYU-1	P10	0.925
CD4 TCM__PAUMTZ	PAUMTZ	NYU-1	P3	0.938
CD8 TEM__PAUMTZ	PAUMTZ	NYU-1	P2	0.902
Erythroblast-3__PAUMTZ	PAUMTZ	NYU-1	P10	0.946
Intermediate Mono-1__PAUMTZ	PAUMTZ	NYU-1	P0	0.921
Intermediate Mono-2__PAUMTZ	PAUMTZ	NYU-1	P0	0.9
Intermediate Mono-3__PAUMTZ	PAUMTZ	NYU-1	P0	0.948
MPP-MEP__PAUMTZ	PAUMTZ	NYU-1	P10	0.949
Mono-1__PAUMTZ	PAUMTZ	NYU-1	P10	0.943
Mono-2__PAUMTZ	PAUMTZ	NYU-1	P14	0.929
MultiLin-GMP-1__PAUMTZ	PAUMTZ	NYU-1	P7	0.934
MultiLin-GMP-2__PAUMTZ	PAUMTZ	NYU-1	P10	0.952
MultiLin-GMP-3__PAUMTZ	PAUMTZ	NYU-1	P7	0.926
Myeloid intermediate 1__PAUMTZ	PAUMTZ	NYU-1	P10	0.948
Myeloid intermediate 2__PAUMTZ	PAUMTZ	NYU-1	P10	0.957
Myeloid intermediate 3__PAUMTZ	PAUMTZ	NYU-1	P10	0.95
NK-Mature__PAUMTZ	PAUMTZ	NYU-1	P8	0.935
Non-Classical Mono-2__PAUMTZ	PAUMTZ	NYU-1	P7	0.925
T CD4 Naive-1__PAUMTZ	PAUMTZ	NYU-1	P6	0.952
cDC1__PAUMTZ	PAUMTZ	NYU-1	P10	0.943
cDC2-2__PAUMTZ	PAUMTZ	NYU-1	P0	0.939
preNeu__PAUMTZ	PAUMTZ	NYU-1	P10	0.955
B Memory-1__PAWWEE	PAWWEE	NYU-1	P2	0.914
BMCP-1__PAWWEE	PAWWEE	NYU-1	P10	0.91
CLP__PAWWEE	PAWWEE	NYU-1	P10	0.932
ERP-8__PAWWEE	PAWWEE	NYU-1	P8	0.957
Erythroblast-1__PAWWEE	PAWWEE	NYU-1	P0	0.951
Erythroblast-3__PAWWEE	PAWWEE	NYU-1	P8	0.935
Intermediate Mono-1__PAWWEE	PAWWEE	NYU-1	P0	0.929
Intermediate Mono-3__PAWWEE	PAWWEE	NYU-1	P0	0.952
LMPP-2__PAWWEE	PAWWEE	NYU-1	P10	0.945
MEP-2__PAWWEE	PAWWEE	NYU-1	P10	0.923
MPP-MEP__PAWWEE	PAWWEE	NYU-1	P10	0.961
Mono-1__PAWWEE	PAWWEE	NYU-1	P10	0.924
MultiLin-GMP-1__PAWWEE	PAWWEE	NYU-1	P10	0.962
MultiLin-GMP-2__PAWWEE	PAWWEE	NYU-1	P10	0.962
Multilin-1__PAWWEE	PAWWEE	NYU-1	P10	0.958
Myeloid intermediate 1__PAWWEE	PAWWEE	NYU-1	P10	0.927
Myeloid intermediate 2__PAWWEE	PAWWEE	NYU-1	P10	0.941
Non-Classical Mono-2__PAWWEE	PAWWEE	NYU-1	P7	0.907
Pro-B-3__PAWWEE	PAWWEE	NYU-1	P10	0.888
preNeu__PAWWEE	PAWWEE	NYU-1	P10	0.96
CD4 TCM__PAXMIJ-EoT	PAXMIJ-EoT	NYU-1	P6	0.975
CD8 TEM__PAXMIJ-EoT	PAXMIJ-EoT	NYU-1	P2	0.95
Classical-Mono__PAXMIJ-EoT	PAXMIJ-EoT	NYU-1	P8	0.974
Erythroblast-3__PAXMIJ-EoT	PAXMIJ-EoT	NYU-1	P10	0.947
Intermediate Mono-1__PAXMIJ-EoT	PAXMIJ-EoT	NYU-1	P3	0.981
Intermediate Mono-2__PAXMIJ-EoT	PAXMIJ-EoT	NYU-1	P3	0.98
Intermediate Mono-3__PAXMIJ-EoT	PAXMIJ-EoT	NYU-1	P7	0.986
MAIT__PAXMIJ-EoT	PAXMIJ-EoT	NYU-1	P6	0.965
Mono-2__PAXMIJ-EoT	PAXMIJ-EoT	NYU-1	P3	0.962
MultiLin-GMP-1__PAXMIJ-EoT	PAXMIJ-EoT	NYU-1	P7	0.972
NK-Mature__PAXMIJ-EoT	PAXMIJ-EoT	NYU-1	P2	0.944
Non-Classical Mono-2__PAXMIJ-EoT	PAXMIJ-EoT	NYU-1	P7	0.977
Pro-B-3__PAXMIJ-EoT	PAXMIJ-EoT	NYU-1	P6	0.931
T CD4 Activated__PAXMIJ-EoT	PAXMIJ-EoT	NYU-1	P6	0.941
T CD4 Naive-1__PAXMIJ-EoT	PAXMIJ-EoT	NYU-1	P3	0.964
T CD8 Naive__PAXMIJ-EoT	PAXMIJ-EoT	NYU-1	P6	0.943
cDC2-1__PAXMIJ-EoT	PAXMIJ-EoT	NYU-1	P7	0.965
cDC2-2__PAXMIJ-EoT	PAXMIJ-EoT	NYU-1	P7	0.98
cMOP__PAXMIJ-EoT	PAXMIJ-EoT	NYU-1	P8	0.953
pDC__PAXMIJ-EoT	PAXMIJ-EoT	NYU-1	P7	0.946
B Memory-1__PAXMIJ-Relapse	PAXMIJ-Relapse	NYU-1	P2	0.972
CD4 TCM__PAXMIJ-Relapse	PAXMIJ-Relapse	NYU-1	P6	0.956
CD8 TEM__PAXMIJ-Relapse	PAXMIJ-Relapse	NYU-1	P7	0.954
Erythroblast-3__PAXMIJ-Relapse	PAXMIJ-Relapse	NYU-1	P5	0.957
Intermediate Mono-1__PAXMIJ-Relapse	PAXMIJ-Relapse	NYU-1	P14	0.949
Intermediate Mono-2__PAXMIJ-Relapse	PAXMIJ-Relapse	NYU-1	P5	0.945
Intermediate Mono-3__PAXMIJ-Relapse	PAXMIJ-Relapse	NYU-1	P5	0.954
MAIT__PAXMIJ-Relapse	PAXMIJ-Relapse	NYU-1	P7	0.961
MPP-MEP__PAXMIJ-Relapse	PAXMIJ-Relapse	NYU-1	P14	0.928
Mono-1__PAXMIJ-Relapse	PAXMIJ-Relapse	NYU-1	P5	0.936
Mono-2__PAXMIJ-Relapse	PAXMIJ-Relapse	NYU-1	P14	0.944
MultiLin-GMP-1__PAXMIJ-Relapse	PAXMIJ-Relapse	NYU-1	P8	0.953
Myeloid intermediate 3__PAXMIJ-Relapse	PAXMIJ-Relapse	NYU-1	P8	0.906
NK-Mature__PAXMIJ-Relapse	PAXMIJ-Relapse	NYU-1	P2	0.965
Non-Classical Mono-2__PAXMIJ-Relapse	PAXMIJ-Relapse	NYU-1	P5	0.945
T CD4 Naive-1__PAXMIJ-Relapse	PAXMIJ-Relapse	NYU-1	P8	0.962
cDC2-2__PAXMIJ-Relapse	PAXMIJ-Relapse	NYU-1	P6	0.949
cMOP__PAXMIJ-Relapse	PAXMIJ-Relapse	NYU-1	P8	0.88
pre-B__PAXMIJ-Relapse	PAXMIJ-Relapse	NYU-1	P8	0.936
B Memory-1__PAXMIJ	PAXMIJ	NYU-1	P5	0.982
CD4 TCM__PAXMIJ	PAXMIJ	NYU-1	P6	0.956
Classical-Mono__PAXMIJ	PAXMIJ	NYU-1	P5	0.952
Erythroblast-3__PAXMIJ	PAXMIJ	NYU-1	P8	0.943
Intermediate Mono-1__PAXMIJ	PAXMIJ	NYU-1	P5	0.959
Intermediate Mono-2__PAXMIJ	PAXMIJ	NYU-1	P5	0.951
Intermediate Mono-3__PAXMIJ	PAXMIJ	NYU-1	P5	0.964
MAIT__PAXMIJ	PAXMIJ	NYU-1	P6	0.954
MEP-2__PAXMIJ	PAXMIJ	NYU-1	P15	0.915
MPP-MEP__PAXMIJ	PAXMIJ	NYU-1	P5	0.932
Mono-1__PAXMIJ	PAXMIJ	NYU-1	P5	0.962
Mono-2__PAXMIJ	PAXMIJ	NYU-1	P5	0.961
MultiLin-GMP-1__PAXMIJ	PAXMIJ	NYU-1	P7	0.972
Myeloid intermediate 3__PAXMIJ	PAXMIJ	NYU-1	P5	0.927
NK-Mature__PAXMIJ	PAXMIJ	NYU-1	P5	0.967
Non-Classical Mono-2__PAXMIJ	PAXMIJ	NYU-1	P5	0.961
T CD4 Activated__PAXMIJ	PAXMIJ	NYU-1	P6	0.956
T CD4 Naive-1__PAXMIJ	PAXMIJ	NYU-1	P8	0.973
cDC2-1__PAXMIJ	PAXMIJ	NYU-1	P5	0.949
cDC2-2__PAXMIJ	PAXMIJ	NYU-1	P6	0.943
cMOP__PAXMIJ	PAXMIJ	NYU-1	P5	0.871
pre-B__PAXMIJ	PAXMIJ	NYU-1	P5	0.959
CD4 TCM__PT01_PT10__D30	PT01_PT10__D30	Milan	P2	0.953
CLP__PT01_PT10__D30	PT01_PT10__D30	Milan	P2	0.971
ERP-7__PT01_PT10__D30	PT01_PT10__D30	Milan	P6	0.982
ERP-8__PT01_PT10__D30	PT01_PT10__D30	Milan	P2	0.972
Intermediate Mono-2__PT01_PT10__D30	PT01_PT10__D30	Milan	P8	0.965
LMPP-1-cycling__PT01_PT10__D30	PT01_PT10__D30	Milan	P6	0.97
LMPP-2__PT01_PT10__D30	PT01_PT10__D30	Milan	P12	0.974
MDP-1__PT01_PT10__D30	PT01_PT10__D30	Milan	P6	0.971
MEP-2__PT01_PT10__D30	PT01_PT10__D30	Milan	P0	0.956
MPP-1__PT01_PT10__D30	PT01_PT10__D30	Milan	P8	0.98
MPP-MEP__PT01_PT10__D30	PT01_PT10__D30	Milan	P8	0.982
MultiLin-GMP-1__PT01_PT10__D30	PT01_PT10__D30	Milan	P2	0.969
Multilin-1__PT01_PT10__D30	PT01_PT10__D30	Milan	P0	0.971
Myeloid intermediate 2__PT01_PT10__D30	PT01_PT10__D30	Milan	P8	0.956
NK-Mature__PT01_PT10__D30	PT01_PT10__D30	Milan	P2	0.978
Non-Classical Mono-2__PT01_PT10__D30	PT01_PT10__D30	Milan	P9	0.969
preNeu__PT01_PT10__D30	PT01_PT10__D30	Milan	P8	0.967
HSC-2__PT01__D30	PT01__D30	Milan	P2	0.969
LMPP-1-cycling__PT01__D30	PT01__D30	Milan	P12	0.958
LMPP-2__PT01__D30	PT01__D30	Milan	P12	0.959
MPP-1__PT01__D30	PT01__D30	Milan	P2	0.968
HSC-1__PT01__Diagnosis	PT01__Diagnosis	Milan	P9	0.932
HSC-2__PT01__Diagnosis	PT01__Diagnosis	Milan	P2	0.967
LMPP-1__PT01__Diagnosis	PT01__Diagnosis	Milan	P12	0.976
LMPP-1-cycling__PT01__Diagnosis	PT01__Diagnosis	Milan	P12	0.973
LMPP-2__PT01__Diagnosis	PT01__Diagnosis	Milan	P12	0.968
MDP-2__PT01__Diagnosis	PT01__Diagnosis	Milan	P12	0.971
MEP-1__PT01__Diagnosis	PT01__Diagnosis	Milan	P2	0.971
MEP-2__PT01__Diagnosis	PT01__Diagnosis	Milan	P2	0.961
MPP-1__PT01__Diagnosis	PT01__Diagnosis	Milan	P2	0.976
MPP-2__PT01__Diagnosis	PT01__Diagnosis	Milan	P2	0.969
MPP-MEP__PT01__Diagnosis	PT01__Diagnosis	Milan	P12	0.971
MultiLin-GMP-1__PT01__Diagnosis	PT01__Diagnosis	Milan	P12	0.965
MultiLin-GMP-2__PT01__Diagnosis	PT01__Diagnosis	Milan	P2	0.975
MultiLin-GMP-3__PT01__Diagnosis	PT01__Diagnosis	Milan	P2	0.97
Multilin-1__PT01__Diagnosis	PT01__Diagnosis	Milan	P2	0.972
Multilin-2__PT01__Diagnosis	PT01__Diagnosis	Milan	P12	0.97
Myeloid intermediate 2__PT01__Diagnosis	PT01__Diagnosis	Milan	P2	0.943
immNeu-1__PT01__Diagnosis	PT01__Diagnosis	Milan	P2	0.923
pre-DC-2__PT01__Diagnosis	PT01__Diagnosis	Milan	P7	0.896
preNeu__PT01__Diagnosis	PT01__Diagnosis	Milan	P0	0.966
BMCP-1__PT02__D30	PT02__D30	Milan	P2	0.934
CLP__PT02__D30	PT02__D30	Milan	P2	0.932
ERP-1__PT02__D30	PT02__D30	Milan	P6	0.947
ERP-2__PT02__D30	PT02__D30	Milan	P2	0.957
ERP-4__PT02__D30	PT02__D30	Milan	P2	0.955
ERP-5__PT02__D30	PT02__D30	Milan	P2	0.943
ERP-6__PT02__D30	PT02__D30	Milan	P2	0.957
LMPP-1__PT02__D30	PT02__D30	Milan	P2	0.96
LMPP-1-cycling__PT02__D30	PT02__D30	Milan	P2	0.947
LMPP-2__PT02__D30	PT02__D30	Milan	P2	0.952
MDP-1__PT02__D30	PT02__D30	Milan	P2	0.901
MDP-2__PT02__D30	PT02__D30	Milan	P2	0.961
MDP-3__PT02__D30	PT02__D30	Milan	P2	0.938
MDP-4__PT02__D30	PT02__D30	Milan	P2	0.926
MDP-6__PT02__D30	PT02__D30	Milan	P2	0.919
MEP-2__PT02__D30	PT02__D30	Milan	P2	0.956
MEP-Eryth-2__PT02__D30	PT02__D30	Milan	P6	0.938
MKP-early__PT02__D30	PT02__D30	Milan	P2	0.932
MPP-1__PT02__D30	PT02__D30	Milan	P2	0.952
MPP-2__PT02__D30	PT02__D30	Milan	P2	0.953
MPP-MEP__PT02__D30	PT02__D30	Milan	P2	0.951
MultiLin-GMP-2__PT02__D30	PT02__D30	Milan	P2	0.958
MultiLin-GMP-3__PT02__D30	PT02__D30	Milan	P2	0.951
Multilin-1__PT02__D30	PT02__D30	Milan	P2	0.952
Multilin-2__PT02__D30	PT02__D30	Milan	P2	0.954
Myeloid intermediate 1__PT02__D30	PT02__D30	Milan	P2	0.949
Myeloid intermediate 2__PT02__D30	PT02__D30	Milan	P2	0.958
Myeloid intermediate 3__PT02__D30	PT02__D30	Milan	P2	0.953
cDC1__PT02__D30	PT02__D30	Milan	P2	0.945
immNeu-1__PT02__D30	PT02__D30	Milan	P2	0.944
preNeu__PT02__D30	PT02__D30	Milan	P2	0.957
LMPP-1__PT02__Diagnosis	PT02__Diagnosis	Milan	P11	0.955
LMPP-1-cycling__PT02__Diagnosis	PT02__Diagnosis	Milan	P11	0.949
LMPP-2__PT02__Diagnosis	PT02__Diagnosis	Milan	P11	0.942
MDP-2__PT02__Diagnosis	PT02__Diagnosis	Milan	P11	0.954
MEP-1__PT02__Diagnosis	PT02__Diagnosis	Milan	P11	0.948
MEP-2__PT02__Diagnosis	PT02__Diagnosis	Milan	P11	0.957
MPP-MEP__PT02__Diagnosis	PT02__Diagnosis	Milan	P11	0.954
MultiLin-GMP-1__PT02__Diagnosis	PT02__Diagnosis	Milan	P12	0.932
MultiLin-GMP-2__PT02__Diagnosis	PT02__Diagnosis	Milan	P11	0.961
MultiLin-GMP-3__PT02__Diagnosis	PT02__Diagnosis	Milan	P11	0.949
Multilin-1__PT02__Diagnosis	PT02__Diagnosis	Milan	P11	0.957
Multilin-2__PT02__Diagnosis	PT02__Diagnosis	Milan	P11	0.949
Myeloid intermediate 2__PT02__Diagnosis	PT02__Diagnosis	Milan	P11	0.952
preNeu__PT02__Diagnosis	PT02__Diagnosis	Milan	P11	0.962
BMCP-1__PT06__Diagnosis	PT06__Diagnosis	Milan	P11	0.945
ERP-1__PT06__Diagnosis	PT06__Diagnosis	Milan	P11	0.944
HSC-1__PT06__Diagnosis	PT06__Diagnosis	Milan	P2	0.928
HSC-2__PT06__Diagnosis	PT06__Diagnosis	Milan	P2	0.966
LMPP-1__PT06__Diagnosis	PT06__Diagnosis	Milan	P2	0.96
LMPP-1-cycling__PT06__Diagnosis	PT06__Diagnosis	Milan	P2	0.963
MDP-1__PT06__Diagnosis	PT06__Diagnosis	Milan	P11	0.882
MDP-2__PT06__Diagnosis	PT06__Diagnosis	Milan	P11	0.952
MEP-1__PT06__Diagnosis	PT06__Diagnosis	Milan	P2	0.957
MEP-2__PT06__Diagnosis	PT06__Diagnosis	Milan	P2	0.963
MEP-Eryth-2__PT06__Diagnosis	PT06__Diagnosis	Milan	P11	0.945
MPP-1__PT06__Diagnosis	PT06__Diagnosis	Milan	P2	0.967
MPP-2__PT06__Diagnosis	PT06__Diagnosis	Milan	P2	0.965
MPP-MEP__PT06__Diagnosis	PT06__Diagnosis	Milan	P11	0.979
MultiLin-GMP-1__PT06__Diagnosis	PT06__Diagnosis	Milan	P11	0.947
MultiLin-GMP-2__PT06__Diagnosis	PT06__Diagnosis	Milan	P11	0.97
Multilin-2__PT06__Diagnosis	PT06__Diagnosis	Milan	P11	0.932
Myeloid intermediate 1__PT06__Diagnosis	PT06__Diagnosis	Milan	P11	0.918
Myeloid intermediate 2__PT06__Diagnosis	PT06__Diagnosis	Milan	P11	0.907
preNeu__PT06__Diagnosis	PT06__Diagnosis	Milan	P11	0.974
B Memory-2__PT07__D14	PT07__D14	Milan	P7	0.956
CD4 TCM__PT07__D14	PT07__D14	Milan	P7	0.932
LMPP-1-cycling__PT07__D14	PT07__D14	Milan	P2	0.97
MAIT__PT07__D14	PT07__D14	Milan	P7	0.932
MEP-1__PT07__D14	PT07__D14	Milan	P2	0.964
MPP-1__PT07__D14	PT07__D14	Milan	P2	0.962
MPP-2__PT07__D14	PT07__D14	Milan	P2	0.964
MPP-MEP__PT07__D14	PT07__D14	Milan	P2	0.955
MultiLin-GMP-3__PT07__D14	PT07__D14	Milan	P2	0.961
Multilin-1__PT07__D14	PT07__D14	Milan	P2	0.962
NK-Mature__PT07__D14	PT07__D14	Milan	P7	0.985
Plasma Cell__PT07__D14	PT07__D14	Milan	P7	0.963
B Memory-1__PT07__Diagnosis	PT07__Diagnosis	Milan	P2	0.936
B Memory-2__PT07__Diagnosis	PT07__Diagnosis	Milan	P6	0.956
Classical-Mono__PT07__Diagnosis	PT07__Diagnosis	Milan	P7	0.938
HSC-1__PT07__Diagnosis	PT07__Diagnosis	Milan	P8	0.958
HSC-2__PT07__Diagnosis	PT07__Diagnosis	Milan	P2	0.965
Intermediate Mono-1__PT07__Diagnosis	PT07__Diagnosis	Milan	P8	0.888
Intermediate Mono-2__PT07__Diagnosis	PT07__Diagnosis	Milan	P7	0.952
MDP-2__PT07__Diagnosis	PT07__Diagnosis	Milan	P12	0.945
MPP-1__PT07__Diagnosis	PT07__Diagnosis	Milan	P8	0.953
MPP-MEP__PT07__Diagnosis	PT07__Diagnosis	Milan	P9	0.955
Mono-2__PT07__Diagnosis	PT07__Diagnosis	Milan	P7	0.885
MultiLin-GMP-1__PT07__Diagnosis	PT07__Diagnosis	Milan	P8	0.93
MultiLin-GMP-2__PT07__Diagnosis	PT07__Diagnosis	Milan	P11	0.963
Myeloid intermediate 2__PT07__Diagnosis	PT07__Diagnosis	Milan	P9	0.954
Myeloid intermediate 3__PT07__Diagnosis	PT07__Diagnosis	Milan	P8	0.947
NK-Mature__PT07__Diagnosis	PT07__Diagnosis	Milan	P6	0.911
Plasma Cell__PT07__Diagnosis	PT07__Diagnosis	Milan	P8	0.952
pre-DC-2__PT07__Diagnosis	PT07__Diagnosis	Milan	P11	0.926
preNeu__PT07__Diagnosis	PT07__Diagnosis	Milan	P8	0.935
CD8 TEM__PT08__D14	PT08__D14	Milan	P6	0.946
NK-Mature__PT08__D14	PT08__D14	Milan	P2	0.976
CD4 TCM__PT08__D30	PT08__D30	Milan	P6	0.92
Intermediate Mono-1__PT08__D30	PT08__D30	Milan	P8	0.959
Intermediate Mono-2__PT08__D30	PT08__D30	Milan	P5	0.961
LMPP-2__PT08__D30	PT08__D30	Milan	P6	0.948
MAIT__PT08__D30	PT08__D30	Milan	P8	0.897
MDP-1__PT08__D30	PT08__D30	Milan	P2	0.959
MEP-2__PT08__D30	PT08__D30	Milan	P6	0.963
MKP-early__PT08__D30	PT08__D30	Milan	P6	0.94
MPP-1__PT08__D30	PT08__D30	Milan	P6	0.959
MPP-MEP__PT08__D30	PT08__D30	Milan	P6	0.969
NK-Mature__PT08__D30	PT08__D30	Milan	P2	0.966
Non-Classical Mono-2__PT08__D30	PT08__D30	Milan	P2	0.956
pDC__PT08__D30	PT08__D30	Milan	P2	0.964
CD8 TEM__PT08__Diagnosis	PT08__Diagnosis	Milan	P6	0.923
Intermediate Mono-1__PT08__Diagnosis	PT08__Diagnosis	Milan	P8	0.954
Intermediate Mono-2__PT08__Diagnosis	PT08__Diagnosis	Milan	P5	0.963
Intermediate Mono-3__PT08__Diagnosis	PT08__Diagnosis	Milan	P14	0.952
LMPP-1-cycling__PT08__Diagnosis	PT08__Diagnosis	Milan	P12	0.982
LMPP-2__PT08__Diagnosis	PT08__Diagnosis	Milan	P12	0.976
MDP-2__PT08__Diagnosis	PT08__Diagnosis	Milan	P14	0.958
MPP-MEP__PT08__Diagnosis	PT08__Diagnosis	Milan	P14	0.975
Mono-1__PT08__Diagnosis	PT08__Diagnosis	Milan	P5	0.965
Mono-2__PT08__Diagnosis	PT08__Diagnosis	Milan	P5	0.953
MultiLin-GMP-1__PT08__Diagnosis	PT08__Diagnosis	Milan	P12	0.975
MultiLin-GMP-2__PT08__Diagnosis	PT08__Diagnosis	Milan	P5	0.972
MultiLin-GMP-3__PT08__Diagnosis	PT08__Diagnosis	Milan	P5	0.963
Multilin-1__PT08__Diagnosis	PT08__Diagnosis	Milan	P12	0.977
Myeloid intermediate 2__PT08__Diagnosis	PT08__Diagnosis	Milan	P5	0.963
Myeloid intermediate 3__PT08__Diagnosis	PT08__Diagnosis	Milan	P2	0.959
NK-Mature__PT08__Diagnosis	PT08__Diagnosis	Milan	P2	0.98
Non-Classical Mono-2__PT08__Diagnosis	PT08__Diagnosis	Milan	P5	0.966
cDC1__PT08__Diagnosis	PT08__Diagnosis	Milan	P5	0.96
cDC2-1__PT08__Diagnosis	PT08__Diagnosis	Milan	P5	0.95
cDC2-2__PT08__Diagnosis	PT08__Diagnosis	Milan	P5	0.955
pre-DC-2__PT08__Diagnosis	PT08__Diagnosis	Milan	P5	0.96
preNeu__PT08__Diagnosis	PT08__Diagnosis	Milan	P14	0.978
ASDC__PT08__Relapse	PT08__Relapse	Milan	P2	0.967
CD4 TCM__PT08__Relapse	PT08__Relapse	Milan	P8	0.932
CD8 TEM__PT08__Relapse	PT08__Relapse	Milan	P2	0.949
CLP__PT08__Relapse	PT08__Relapse	Milan	P2	0.964
Classical-Mono__PT08__Relapse	PT08__Relapse	Milan	P6	0.938
ERP-5__PT08__Relapse	PT08__Relapse	Milan	P6	0.968
ERP-7__PT08__Relapse	PT08__Relapse	Milan	P6	0.975
ERP-8__PT08__Relapse	PT08__Relapse	Milan	P6	0.974
Intermediate Mono-1__PT08__Relapse	PT08__Relapse	Milan	P2	0.936
Intermediate Mono-2__PT08__Relapse	PT08__Relapse	Milan	P2	0.954
Intermediate Mono-3__PT08__Relapse	PT08__Relapse	Milan	P2	0.936
LMPP-1__PT08__Relapse	PT08__Relapse	Milan	P8	0.95
LMPP-1-cycling__PT08__Relapse	PT08__Relapse	Milan	P12	0.974
LMPP-2__PT08__Relapse	PT08__Relapse	Milan	P12	0.962
MAIT__PT08__Relapse	PT08__Relapse	Milan	P8	0.928
MDP-1__PT08__Relapse	PT08__Relapse	Milan	P2	0.96
MDP-2__PT08__Relapse	PT08__Relapse	Milan	P2	0.967
MDP-3__PT08__Relapse	PT08__Relapse	Milan	P2	0.972
MDP-4__PT08__Relapse	PT08__Relapse	Milan	P2	0.968
MDP-6__PT08__Relapse	PT08__Relapse	Milan	P2	0.965
MEP-1__PT08__Relapse	PT08__Relapse	Milan	P12	0.958
MEP-2__PT08__Relapse	PT08__Relapse	Milan	P12	0.961
MPP-1__PT08__Relapse	PT08__Relapse	Milan	P12	0.95
MPP-MEP__PT08__Relapse	PT08__Relapse	Milan	P12	0.97
Mono-1__PT08__Relapse	PT08__Relapse	Milan	P2	0.961
Mono-2__PT08__Relapse	PT08__Relapse	Milan	P2	0.954
MultiLin-GMP-1__PT08__Relapse	PT08__Relapse	Milan	P12	0.974
MultiLin-GMP-2__PT08__Relapse	PT08__Relapse	Milan	P6	0.968
MultiLin-GMP-3__PT08__Relapse	PT08__Relapse	Milan	P12	0.973
Multilin-1__PT08__Relapse	PT08__Relapse	Milan	P6	0.965
Multilin-2__PT08__Relapse	PT08__Relapse	Milan	P12	0.964
Myeloid intermediate 1__PT08__Relapse	PT08__Relapse	Milan	P2	0.924
Myeloid intermediate 2__PT08__Relapse	PT08__Relapse	Milan	P2	0.972
Myeloid intermediate 3__PT08__Relapse	PT08__Relapse	Milan	P2	0.964
NK-Mature__PT08__Relapse	PT08__Relapse	Milan	P2	0.973
Non-Classical Mono-2__PT08__Relapse	PT08__Relapse	Milan	P5	0.933
Pro-B-1__PT08__Relapse	PT08__Relapse	Milan	P2	0.948
Pro-B-3__PT08__Relapse	PT08__Relapse	Milan	P2	0.948
Pro-B-cycling-1__PT08__Relapse	PT08__Relapse	Milan	P2	0.945
cDC1__PT08__Relapse	PT08__Relapse	Milan	P2	0.976
cDC2-1__PT08__Relapse	PT08__Relapse	Milan	P2	0.969
cDC2-2__PT08__Relapse	PT08__Relapse	Milan	P2	0.949
cMOP__PT08__Relapse	PT08__Relapse	Milan	P2	0.936
immNeu-1__PT08__Relapse	PT08__Relapse	Milan	P8	0.933
pDC__PT08__Relapse	PT08__Relapse	Milan	P2	0.954
pre-DC-1__PT08__Relapse	PT08__Relapse	Milan	P2	0.974
pre-DC-2__PT08__Relapse	PT08__Relapse	Milan	P2	0.974
pre-DC-3__PT08__Relapse	PT08__Relapse	Milan	P9	0.971
preNeu__PT08__Relapse	PT08__Relapse	Milan	P12	0.976
CD4 TCM__PT09_PT13__D30	PT09_PT13__D30	Milan	P2	0.965
CLP__PT09_PT13__D30	PT09_PT13__D30	Milan	P2	0.954
ERP-6__PT09_PT13__D30	PT09_PT13__D30	Milan	P6	0.962
ERP-8__PT09_PT13__D30	PT09_PT13__D30	Milan	P2	0.98
LMPP-1__PT09_PT13__D30	PT09_PT13__D30	Milan	P2	0.979
LMPP-1-cycling__PT09_PT13__D30	PT09_PT13__D30	Milan	P12	0.976
LMPP-2__PT09_PT13__D30	PT09_PT13__D30	Milan	P12	0.967
MDP-1__PT09_PT13__D30	PT09_PT13__D30	Milan	P9	0.946
MEP-2__PT09_PT13__D30	PT09_PT13__D30	Milan	P0	0.959
MPP-MEP__PT09_PT13__D30	PT09_PT13__D30	Milan	P12	0.975
MultiLin-GMP-1__PT09_PT13__D30	PT09_PT13__D30	Milan	P12	0.962
Multilin-1__PT09_PT13__D30	PT09_PT13__D30	Milan	P2	0.971
CD4 TCM__PT09__D14	PT09__D14	Milan	P7	0.955
MPP-MEP__PT09__D14	PT09__D14	Milan	P12	0.949
NK-Mature__PT09__D14	PT09__D14	Milan	P7	0.981
BMCP-1__PT09__Diagnosis	PT09__Diagnosis	Milan	P5	0.9
Classical-Mono__PT09__Diagnosis	PT09__Diagnosis	Milan	P5	0.959
Intermediate Mono-1__PT09__Diagnosis	PT09__Diagnosis	Milan	P5	0.968
Intermediate Mono-2__PT09__Diagnosis	PT09__Diagnosis	Milan	P5	0.975
Intermediate Mono-3__PT09__Diagnosis	PT09__Diagnosis	Milan	P5	0.972
LMPP-1__PT09__Diagnosis	PT09__Diagnosis	Milan	P12	0.972
LMPP-1-cycling__PT09__Diagnosis	PT09__Diagnosis	Milan	P12	0.976
LMPP-2__PT09__Diagnosis	PT09__Diagnosis	Milan	P12	0.969
MDP-1__PT09__Diagnosis	PT09__Diagnosis	Milan	P12	0.963
MDP-2__PT09__Diagnosis	PT09__Diagnosis	Milan	P12	0.973
MEP-1__PT09__Diagnosis	PT09__Diagnosis	Milan	P8	0.942
MEP-2__PT09__Diagnosis	PT09__Diagnosis	Milan	P12	0.963
MKP-early__PT09__Diagnosis	PT09__Diagnosis	Milan	P14	0.915
MPP-1__PT09__Diagnosis	PT09__Diagnosis	Milan	P12	0.927
MPP-MEP__PT09__Diagnosis	PT09__Diagnosis	Milan	P12	0.97
Mono-1__PT09__Diagnosis	PT09__Diagnosis	Milan	P5	0.968
Mono-2__PT09__Diagnosis	PT09__Diagnosis	Milan	P5	0.97
MultiLin-GMP-1__PT09__Diagnosis	PT09__Diagnosis	Milan	P12	0.969
MultiLin-GMP-2__PT09__Diagnosis	PT09__Diagnosis	Milan	P12	0.978
MultiLin-GMP-3__PT09__Diagnosis	PT09__Diagnosis	Milan	P12	0.974
Multilin-1__PT09__Diagnosis	PT09__Diagnosis	Milan	P12	0.975
Multilin-2__PT09__Diagnosis	PT09__Diagnosis	Milan	P12	0.975
Myeloid intermediate 1__PT09__Diagnosis	PT09__Diagnosis	Milan	P12	0.965
Myeloid intermediate 2__PT09__Diagnosis	PT09__Diagnosis	Milan	P12	0.974
Myeloid intermediate 3__PT09__Diagnosis	PT09__Diagnosis	Milan	P12	0.97
NK-Mature__PT09__Diagnosis	PT09__Diagnosis	Milan	P7	0.907
Non-Classical Mono-2__PT09__Diagnosis	PT09__Diagnosis	Milan	P5	0.971
cDC1__PT09__Diagnosis	PT09__Diagnosis	Milan	P12	0.966
cDC2-1__PT09__Diagnosis	PT09__Diagnosis	Milan	P5	0.966
cDC2-2__PT09__Diagnosis	PT09__Diagnosis	Milan	P5	0.952
cMOP__PT09__Diagnosis	PT09__Diagnosis	Milan	P2	0.945
immNeu-1__PT09__Diagnosis	PT09__Diagnosis	Milan	P12	0.958
pre-DC-2__PT09__Diagnosis	PT09__Diagnosis	Milan	P5	0.959
pre-DC-3__PT09__Diagnosis	PT09__Diagnosis	Milan	P5	0.949
preNeu__PT09__Diagnosis	PT09__Diagnosis	Milan	P12	0.975
CD4 TCM__PT10__D14	PT10__D14	Milan	P2	0.953
MDP-1__PT10__D14	PT10__D14	Milan	P8	0.936
NK-Mature__PT10__D14	PT10__D14	Milan	P6	0.987
Plasma Cell__PT10__D14	PT10__D14	Milan	P7	0.929
Classical-Mono__PT10__Diagnosis	PT10__Diagnosis	Milan	P5	0.977
Intermediate Mono-1__PT10__Diagnosis	PT10__Diagnosis	Milan	P5	0.978
Intermediate Mono-2__PT10__Diagnosis	PT10__Diagnosis	Milan	P5	0.98
Intermediate Mono-3__PT10__Diagnosis	PT10__Diagnosis	Milan	P14	0.958
LMPP-1-cycling__PT10__Diagnosis	PT10__Diagnosis	Milan	P12	0.963
LMPP-2__PT10__Diagnosis	PT10__Diagnosis	Milan	P12	0.946
MEP-2__PT10__Diagnosis	PT10__Diagnosis	Milan	P12	0.966
MPP-1__PT10__Diagnosis	PT10__Diagnosis	Milan	P6	0.934
MPP-MEP__PT10__Diagnosis	PT10__Diagnosis	Milan	P12	0.966
Mono-2__PT10__Diagnosis	PT10__Diagnosis	Milan	P5	0.966
Multilin-2__PT10__Diagnosis	PT10__Diagnosis	Milan	P12	0.955
NK-Mature__PT10__Diagnosis	PT10__Diagnosis	Milan	P2	0.974
Non-Classical Mono-2__PT10__Diagnosis	PT10__Diagnosis	Milan	P5	0.98
cDC1__PT10__Diagnosis	PT10__Diagnosis	Milan	P5	0.936
Erythroblast-3__PT10__Relapse	PT10__Relapse	Milan	P10	0.864
NK-Mature__PT10__Relapse	PT10__Relapse	Milan	P7	0.925
ASDC__PT11__D30	PT11__D30	Milan	P2	0.975
BMCP-1__PT11__D30	PT11__D30	Milan	P2	0.952
CD4 TCM__PT11__D30	PT11__D30	Milan	P2	0.935
CD8 TEM__PT11__D30	PT11__D30	Milan	P6	0.938
CLP__PT11__D30	PT11__D30	Milan	P2	0.979
Classical-Mono__PT11__D30	PT11__D30	Milan	P8	0.906
ERP-1__PT11__D30	PT11__D30	Milan	P6	0.986
ERP-2__PT11__D30	PT11__D30	Milan	P6	0.981
ERP-4__PT11__D30	PT11__D30	Milan	P6	0.984
ERP-5__PT11__D30	PT11__D30	Milan	P6	0.985
ERP-6__PT11__D30	PT11__D30	Milan	P8	0.986
ERP-7__PT11__D30	PT11__D30	Milan	P8	0.986
ERP-8__PT11__D30	PT11__D30	Milan	P6	0.989
Intermediate Mono-1__PT11__D30	PT11__D30	Milan	P8	0.951
Intermediate Mono-2__PT11__D30	PT11__D30	Milan	P5	0.932
LMPP-1__PT11__D30	PT11__D30	Milan	P8	0.985
LMPP-1-cycling__PT11__D30	PT11__D30	Milan	P6	0.984
LMPP-2__PT11__D30	PT11__D30	Milan	P6	0.967
MAIT__PT11__D30	PT11__D30	Milan	P8	0.933
MDP-1__PT11__D30	PT11__D30	Milan	P6	0.978
MDP-2__PT11__D30	PT11__D30	Milan	P2	0.985
MDP-3__PT11__D30	PT11__D30	Milan	P2	0.983
MDP-4__PT11__D30	PT11__D30	Milan	P2	0.975
MDP-6__PT11__D30	PT11__D30	Milan	P2	0.973
MEP-2__PT11__D30	PT11__D30	Milan	P6	0.986
MEP-Eryth-1__PT11__D30	PT11__D30	Milan	P6	0.98
MEP-Eryth-2__PT11__D30	PT11__D30	Milan	P6	0.966
MKP-early__PT11__D30	PT11__D30	Milan	P6	0.985
MPP-1__PT11__D30	PT11__D30	Milan	P9	0.971
MPP-2__PT11__D30	PT11__D30	Milan	P8	0.977
MPP-MEP__PT11__D30	PT11__D30	Milan	P8	0.984
Mono-1__PT11__D30	PT11__D30	Milan	P8	0.968
Mono-2__PT11__D30	PT11__D30	Milan	P8	0.967
MultiLin-GMP-1__PT11__D30	PT11__D30	Milan	P8	0.961
MultiLin-GMP-2__PT11__D30	PT11__D30	Milan	P9	0.98
Multilin-1__PT11__D30	PT11__D30	Milan	P9	0.982
Multilin-2__PT11__D30	PT11__D30	Milan	P6	0.98
Myeloid intermediate 1__PT11__D30	PT11__D30	Milan	P2	0.973
Myeloid intermediate 2__PT11__D30	PT11__D30	Milan	P9	0.982
Myeloid intermediate 3__PT11__D30	PT11__D30	Milan	P2	0.978
NK-Mature__PT11__D30	PT11__D30	Milan	P2	0.963
Non-Classical Mono-1__PT11__D30	PT11__D30	Milan	P8	0.907
Non-Classical Mono-2__PT11__D30	PT11__D30	Milan	P2	0.957
cDC1__PT11__D30	PT11__D30	Milan	P2	0.981
cDC2-1__PT11__D30	PT11__D30	Milan	P9	0.976
cDC2-2__PT11__D30	PT11__D30	Milan	P2	0.969
cMOP__PT11__D30	PT11__D30	Milan	P8	0.96
immNeu-1__PT11__D30	PT11__D30	Milan	P8	0.955
pDC__PT11__D30	PT11__D30	Milan	P9	0.977
pre-DC-1__PT11__D30	PT11__D30	Milan	P2	0.98
pre-DC-2__PT11__D30	PT11__D30	Milan	P2	0.979
pre-DC-3__PT11__D30	PT11__D30	Milan	P2	0.979
preNeu__PT11__D30	PT11__D30	Milan	P6	0.979
ERP-1__PT11__Diagnosis	PT11__Diagnosis	Milan	P6	0.921
LMPP-1-cycling__PT11__Diagnosis	PT11__Diagnosis	Milan	P2	0.938
LMPP-2__PT11__Diagnosis	PT11__Diagnosis	Milan	P2	0.932
MDP-1__PT11__Diagnosis	PT11__Diagnosis	Milan	P2	0.924
MDP-2__PT11__Diagnosis	PT11__Diagnosis	Milan	P10	0.924
MEP-2__PT11__Diagnosis	PT11__Diagnosis	Milan	P9	0.937
MPP-1__PT11__Diagnosis	PT11__Diagnosis	Milan	P9	0.936
MPP-2__PT11__Diagnosis	PT11__Diagnosis	Milan	P8	0.938
MPP-MEP__PT11__Diagnosis	PT11__Diagnosis	Milan	P9	0.942
Multilin-1__PT11__Diagnosis	PT11__Diagnosis	Milan	P2	0.927
Multilin-2__PT11__Diagnosis	PT11__Diagnosis	Milan	P10	0.939
NK-Mature__PT11__Diagnosis	PT11__Diagnosis	Milan	P2	0.932
CD4 TCM__PT12_PT13__D14	PT12_PT13__D14	Milan	P2	0.971
ERP-1__PT12_PT13__D14	PT12_PT13__D14	Milan	P8	0.93
ERP-2__PT12_PT13__D14	PT12_PT13__D14	Milan	P8	0.944
ERP-4__PT12_PT13__D14	PT12_PT13__D14	Milan	P8	0.954
ERP-5__PT12_PT13__D14	PT12_PT13__D14	Milan	P8	0.96
ERP-6__PT12_PT13__D14	PT12_PT13__D14	Milan	P8	0.954
ERP-7__PT12_PT13__D14	PT12_PT13__D14	Milan	P8	0.957
ERP-8__PT12_PT13__D14	PT12_PT13__D14	Milan	P8	0.956
Erythroblast-1__PT12_PT13__D14	PT12_PT13__D14	Milan	P14	0.933
LMPP-1-cycling__PT12_PT13__D14	PT12_PT13__D14	Milan	P2	0.975
MDP-1__PT12_PT13__D14	PT12_PT13__D14	Milan	P9	0.956
MEP-1__PT12_PT13__D14	PT12_PT13__D14	Milan	P2	0.966
MEP-2__PT12_PT13__D14	PT12_PT13__D14	Milan	P0	0.942
MEP-Eryth-2__PT12_PT13__D14	PT12_PT13__D14	Milan	P6	0.949
MKP-early__PT12_PT13__D14	PT12_PT13__D14	Milan	P2	0.965
MPP-MEP__PT12_PT13__D14	PT12_PT13__D14	Milan	P8	0.963
MultiLin-GMP-1__PT12_PT13__D14	PT12_PT13__D14	Milan	P2	0.957
NK-Mature__PT12_PT13__D14	PT12_PT13__D14	Milan	P2	0.955
BMCP-1__PT12__D30	PT12__D30	Milan	P8	0.956
CD4 TCM__PT12__D30	PT12__D30	Milan	P2	0.943
CLP__PT12__D30	PT12__D30	Milan	P2	0.983
ERP-1__PT12__D30	PT12__D30	Milan	P8	0.985
ERP-2__PT12__D30	PT12__D30	Milan	P6	0.986
ERP-4__PT12__D30	PT12__D30	Milan	P6	0.989
ERP-5__PT12__D30	PT12__D30	Milan	P6	0.987
ERP-6__PT12__D30	PT12__D30	Milan	P8	0.983
ERP-7__PT12__D30	PT12__D30	Milan	P8	0.989
ERP-8__PT12__D30	PT12__D30	Milan	P6	0.989
Intermediate Mono-1__PT12__D30	PT12__D30	Milan	P8	0.968
LMPP-1-cycling__PT12__D30	PT12__D30	Milan	P6	0.985
LMPP-2__PT12__D30	PT12__D30	Milan	P6	0.979
MDP-1__PT12__D30	PT12__D30	Milan	P8	0.97
MDP-2__PT12__D30	PT12__D30	Milan	P6	0.977
MDP-3__PT12__D30	PT12__D30	Milan	P2	0.965
MEP-2__PT12__D30	PT12__D30	Milan	P2	0.985
MEP-Eryth-1__PT12__D30	PT12__D30	Milan	P6	0.974
MPP-1__PT12__D30	PT12__D30	Milan	P6	0.985
MPP-MEP__PT12__D30	PT12__D30	Milan	P0	0.981
Mono-1__PT12__D30	PT12__D30	Milan	P8	0.974
Mono-2__PT12__D30	PT12__D30	Milan	P8	0.969
MultiLin-GMP-2__PT12__D30	PT12__D30	Milan	P6	0.977
Multilin-1__PT12__D30	PT12__D30	Milan	P0	0.97
Multilin-2__PT12__D30	PT12__D30	Milan	P6	0.97
NK-Mature__PT12__D30	PT12__D30	Milan	P2	0.976
Pro-B-1__PT12__D30	PT12__D30	Milan	P2	0.974
Pro-B-3__PT12__D30	PT12__D30	Milan	P2	0.967
Pro-B-Early__PT12__D30	PT12__D30	Milan	P8	0.973
Pro-B-Early-cycling__PT12__D30	PT12__D30	Milan	P2	0.965
Pro-B-cycling-1__PT12__D30	PT12__D30	Milan	P2	0.972
Pro-B-cycling-2__PT12__D30	PT12__D30	Milan	P2	0.959
preNeu__PT12__D30	PT12__D30	Milan	P8	0.975
Classical-Mono__PT12__Diagnosis	PT12__Diagnosis	Milan	P5	0.962
Intermediate Mono-1__PT12__Diagnosis	PT12__Diagnosis	Milan	P0	0.957
Intermediate Mono-2__PT12__Diagnosis	PT12__Diagnosis	Milan	P5	0.955
Intermediate Mono-3__PT12__Diagnosis	PT12__Diagnosis	Milan	P14	0.954
LMPP-1__PT12__Diagnosis	PT12__Diagnosis	Milan	P6	0.964
LMPP-1-cycling__PT12__Diagnosis	PT12__Diagnosis	Milan	P12	0.983
LMPP-2__PT12__Diagnosis	PT12__Diagnosis	Milan	P12	0.918
MEP-1__PT12__Diagnosis	PT12__Diagnosis	Milan	P12	0.943
MEP-2__PT12__Diagnosis	PT12__Diagnosis	Milan	P6	0.943
MPP-1__PT12__Diagnosis	PT12__Diagnosis	Milan	P7	0.963
MPP-MEP__PT12__Diagnosis	PT12__Diagnosis	Milan	P12	0.979
Mono-1__PT12__Diagnosis	PT12__Diagnosis	Milan	P5	0.964
Mono-2__PT12__Diagnosis	PT12__Diagnosis	Milan	P14	0.969
MultiLin-GMP-1__PT12__Diagnosis	PT12__Diagnosis	Milan	P12	0.975
MultiLin-GMP-2__PT12__Diagnosis	PT12__Diagnosis	Milan	P5	0.971
MultiLin-GMP-3__PT12__Diagnosis	PT12__Diagnosis	Milan	P12	0.965
Multilin-1__PT12__Diagnosis	PT12__Diagnosis	Milan	P12	0.977
Myeloid intermediate 1__PT12__Diagnosis	PT12__Diagnosis	Milan	P12	0.945
Myeloid intermediate 2__PT12__Diagnosis	PT12__Diagnosis	Milan	P12	0.958
Myeloid intermediate 3__PT12__Diagnosis	PT12__Diagnosis	Milan	P12	0.949
cDC1__PT12__Diagnosis	PT12__Diagnosis	Milan	P5	0.942
cMOP__PT12__Diagnosis	PT12__Diagnosis	Milan	P5	0.952
pre-DC-2__PT12__Diagnosis	PT12__Diagnosis	Milan	P5	0.955
preNeu__PT12__Diagnosis	PT12__Diagnosis	Milan	P5	0.975
BMCP-1__PT13__Diagnosis	PT13__Diagnosis	Milan	P8	0.95
ERP-1__PT13__Diagnosis	PT13__Diagnosis	Milan	P8	0.944
ERP-2__PT13__Diagnosis	PT13__Diagnosis	Milan	P8	0.945
Intermediate Mono-3__PT13__Diagnosis	PT13__Diagnosis	Milan	P5	0.953
LMPP-1-cycling__PT13__Diagnosis	PT13__Diagnosis	Milan	P11	0.972
LMPP-2__PT13__Diagnosis	PT13__Diagnosis	Milan	P11	0.968
MDP-1__PT13__Diagnosis	PT13__Diagnosis	Milan	P12	0.964
MDP-2__PT13__Diagnosis	PT13__Diagnosis	Milan	P14	0.965
MEP-1__PT13__Diagnosis	PT13__Diagnosis	Milan	P8	0.966
MEP-2__PT13__Diagnosis	PT13__Diagnosis	Milan	P11	0.959
MEP-Eryth-2__PT13__Diagnosis	PT13__Diagnosis	Milan	P8	0.958
MPP-MEP__PT13__Diagnosis	PT13__Diagnosis	Milan	P12	0.974
MultiLin-GMP-1__PT13__Diagnosis	PT13__Diagnosis	Milan	P12	0.978
Multilin-1__PT13__Diagnosis	PT13__Diagnosis	Milan	P8	0.975
Multilin-2__PT13__Diagnosis	PT13__Diagnosis	Milan	P11	0.972
Non-Classical Mono-2__PT13__Diagnosis	PT13__Diagnosis	Milan	P5	0.958
preNeu__PT13__Diagnosis	PT13__Diagnosis	Milan	P8	0.965
Classical-Mono__PT15__Diagnosis	PT15__Diagnosis	Milan	P5	0.968
HSC-2__PT15__Diagnosis	PT15__Diagnosis	Milan	P7	0.892
Intermediate Mono-1__PT15__Diagnosis	PT15__Diagnosis	Milan	P5	0.976
Intermediate Mono-2__PT15__Diagnosis	PT15__Diagnosis	Milan	P5	0.981
Intermediate Mono-3__PT15__Diagnosis	PT15__Diagnosis	Milan	P5	0.974
LMPP-1-cycling__PT15__Diagnosis	PT15__Diagnosis	Milan	P12	0.962
LMPP-2__PT15__Diagnosis	PT15__Diagnosis	Milan	P12	0.947
MDP-1__PT15__Diagnosis	PT15__Diagnosis	Milan	P14	0.912
MEP-2__PT15__Diagnosis	PT15__Diagnosis	Milan	P5	0.947
MPP-1__PT15__Diagnosis	PT15__Diagnosis	Milan	P12	0.967
MPP-MEP__PT15__Diagnosis	PT15__Diagnosis	Milan	P12	0.972
Mono-1__PT15__Diagnosis	PT15__Diagnosis	Milan	P5	0.964
Mono-2__PT15__Diagnosis	PT15__Diagnosis	Milan	P5	0.968
Multilin-2__PT15__Diagnosis	PT15__Diagnosis	Milan	P12	0.954
Myeloid intermediate 3__PT15__Diagnosis	PT15__Diagnosis	Milan	P5	0.938
NK-Mature__PT15__Diagnosis	PT15__Diagnosis	Milan	P7	0.91
Non-Classical Mono-2__PT15__Diagnosis	PT15__Diagnosis	Milan	P5	0.98
cDC1__PT15__Diagnosis	PT15__Diagnosis	Milan	P5	0.957
cDC2-1__PT15__Diagnosis	PT15__Diagnosis	Milan	P14	0.966
cDC2-2__PT15__Diagnosis	PT15__Diagnosis	Milan	P5	0.967
ERP-8__PT15__Relapse	PT15__Relapse	Milan	P6	0.979
LMPP-1__PT15__Relapse	PT15__Relapse	Milan	P8	0.967
LMPP-1-cycling__PT15__Relapse	PT15__Relapse	Milan	P12	0.977
LMPP-2__PT15__Relapse	PT15__Relapse	Milan	P12	0.971
MDP-2__PT15__Relapse	PT15__Relapse	Milan	P12	0.953
MEP-1__PT15__Relapse	PT15__Relapse	Milan	P5	0.945
MEP-2__PT15__Relapse	PT15__Relapse	Milan	P12	0.948
MEP-Eryth-1__PT15__Relapse	PT15__Relapse	Milan	P5	0.903
MPP-1__PT15__Relapse	PT15__Relapse	Milan	P12	0.949
MPP-MEP__PT15__Relapse	PT15__Relapse	Milan	P12	0.967
MultiLin-GMP-1__PT15__Relapse	PT15__Relapse	Milan	P2	0.959
MultiLin-GMP-2__PT15__Relapse	PT15__Relapse	Milan	P12	0.974
MultiLin-GMP-3__PT15__Relapse	PT15__Relapse	Milan	P12	0.976
Multilin-1__PT15__Relapse	PT15__Relapse	Milan	P12	0.979
Multilin-2__PT15__Relapse	PT15__Relapse	Milan	P12	0.969
NK-Mature__PT15__Relapse	PT15__Relapse	Milan	P2	0.951
preNeu__PT15__Relapse	PT15__Relapse	Milan	P12	0.973
BMCP-1__PT17__D14	PT17__D14	Milan	P9	0.948
Classical-Mono__PT17__D14	PT17__D14	Milan	P2	0.968
Intermediate Mono-1__PT17__D14	PT17__D14	Milan	P5	0.96
Intermediate Mono-2__PT17__D14	PT17__D14	Milan	P5	0.96
Intermediate Mono-3__PT17__D14	PT17__D14	Milan	P2	0.965
LMPP-1-cycling__PT17__D14	PT17__D14	Milan	P2	0.963
LMPP-2__PT17__D14	PT17__D14	Milan	P9	0.962
MDP-1__PT17__D14	PT17__D14	Milan	P2	0.947
MDP-2__PT17__D14	PT17__D14	Milan	P2	0.959
MEP-1__PT17__D14	PT17__D14	Milan	P2	0.958
MEP-2__PT17__D14	PT17__D14	Milan	P9	0.966
MEP-Eryth-2__PT17__D14	PT17__D14	Milan	P2	0.96
MPP-1__PT17__D14	PT17__D14	Milan	P9	0.978
MPP-2__PT17__D14	PT17__D14	Milan	P9	0.96
MPP-MEP__PT17__D14	PT17__D14	Milan	P9	0.976
Mono-2__PT17__D14	PT17__D14	Milan	P2	0.963
MultiLin-GMP-1__PT17__D14	PT17__D14	Milan	P2	0.959
MultiLin-GMP-3__PT17__D14	PT17__D14	Milan	P2	0.949
Multilin-1__PT17__D14	PT17__D14	Milan	P2	0.957
Myeloid intermediate 2__PT17__D14	PT17__D14	Milan	P2	0.963
Myeloid intermediate 3__PT17__D14	PT17__D14	Milan	P8	0.953
NK-Mature__PT17__D14	PT17__D14	Milan	P2	0.955
Non-Classical Mono-2__PT17__D14	PT17__D14	Milan	P5	0.945
cDC1__PT17__D14	PT17__D14	Milan	P2	0.96
cDC2-1__PT17__D14	PT17__D14	Milan	P9	0.948
cMOP__PT17__D14	PT17__D14	Milan	P2	0.955
pre-DC-2__PT17__D14	PT17__D14	Milan	P2	0.965
BMCP-1__PT17__D30	PT17__D30	Milan	P2	0.976
CLP__PT17__D30	PT17__D30	Milan	P8	0.976
Classical-Mono__PT17__D30	PT17__D30	Milan	P2	0.941
ERP-1__PT17__D30	PT17__D30	Milan	P2	0.985
ERP-2__PT17__D30	PT17__D30	Milan	P2	0.985
ERP-3__PT17__D30	PT17__D30	Milan	P2	0.981
ERP-4__PT17__D30	PT17__D30	Milan	P2	0.984
ERP-5__PT17__D30	PT17__D30	Milan	P6	0.984
ERP-6__PT17__D30	PT17__D30	Milan	P6	0.986
ERP-7__PT17__D30	PT17__D30	Milan	P2	0.986
ERP-8__PT17__D30	PT17__D30	Milan	P2	0.986
Intermediate Mono-1__PT17__D30	PT17__D30	Milan	P2	0.951
Intermediate Mono-2__PT17__D30	PT17__D30	Milan	P2	0.956
LMPP-1__PT17__D30	PT17__D30	Milan	P2	0.984
LMPP-1-cycling__PT17__D30	PT17__D30	Milan	P9	0.978
LMPP-2__PT17__D30	PT17__D30	Milan	P9	0.968
MDP-1__PT17__D30	PT17__D30	Milan	P2	0.977
MDP-2__PT17__D30	PT17__D30	Milan	P8	0.985
MDP-3__PT17__D30	PT17__D30	Milan	P8	0.979
MDP-4__PT17__D30	PT17__D30	Milan	P8	0.967
MDP-6__PT17__D30	PT17__D30	Milan	P8	0.972
MEP-1__PT17__D30	PT17__D30	Milan	P2	0.982
MEP-2__PT17__D30	PT17__D30	Milan	P2	0.983
MEP-Eryth-1__PT17__D30	PT17__D30	Milan	P2	0.986
MEP-Eryth-2__PT17__D30	PT17__D30	Milan	P2	0.985
MKP-early__PT17__D30	PT17__D30	Milan	P2	0.976
MPP-1__PT17__D30	PT17__D30	Milan	P8	0.975
MPP-2__PT17__D30	PT17__D30	Milan	P9	0.978
MPP-MEP__PT17__D30	PT17__D30	Milan	P8	0.978
MultiLin-GMP-1__PT17__D30	PT17__D30	Milan	P8	0.976
MultiLin-GMP-2__PT17__D30	PT17__D30	Milan	P2	0.984
MultiLin-GMP-3__PT17__D30	PT17__D30	Milan	P2	0.976
Multilin-1__PT17__D30	PT17__D30	Milan	P8	0.978
Multilin-2__PT17__D30	PT17__D30	Milan	P2	0.971
Myeloid intermediate 1__PT17__D30	PT17__D30	Milan	P8	0.981
Myeloid intermediate 2__PT17__D30	PT17__D30	Milan	P8	0.983
Myeloid intermediate 3__PT17__D30	PT17__D30	Milan	P8	0.98
Non-Classical Mono-2__PT17__D30	PT17__D30	Milan	P8	0.956
Pro-B-Early-cycling__PT17__D30	PT17__D30	Milan	P0	0.952
cDC1__PT17__D30	PT17__D30	Milan	P8	0.978
cMOP__PT17__D30	PT17__D30	Milan	P5	0.947
immNeu-1__PT17__D30	PT17__D30	Milan	P8	0.975
immNeu-2__PT17__D30	PT17__D30	Milan	P2	0.879
pre-DC-1__PT17__D30	PT17__D30	Milan	P2	0.97
pre-DC-2__PT17__D30	PT17__D30	Milan	P8	0.979
preNeu__PT17__D30	PT17__D30	Milan	P6	0.983
BMCP-1__PT17__Diagnosis	PT17__Diagnosis	Milan	P2	0.955
Classical-Mono__PT17__Diagnosis	PT17__Diagnosis	Milan	P2	0.959
ERP-1__PT17__Diagnosis	PT17__Diagnosis	Milan	P2	0.961
ERP-2__PT17__Diagnosis	PT17__Diagnosis	Milan	P2	0.966
ERP-3__PT17__Diagnosis	PT17__Diagnosis	Milan	P6	0.972
ERP-5__PT17__Diagnosis	PT17__Diagnosis	Milan	P2	0.964
ERP-6__PT17__Diagnosis	PT17__Diagnosis	Milan	P2	0.968
ERP-8__PT17__Diagnosis	PT17__Diagnosis	Milan	P6	0.966
Intermediate Mono-2__PT17__Diagnosis	PT17__Diagnosis	Milan	P5	0.956
Intermediate Mono-3__PT17__Diagnosis	PT17__Diagnosis	Milan	P2	0.959
LMPP-1__PT17__Diagnosis	PT17__Diagnosis	Milan	P2	0.968
LMPP-1-cycling__PT17__Diagnosis	PT17__Diagnosis	Milan	P9	0.967
LMPP-2__PT17__Diagnosis	PT17__Diagnosis	Milan	P12	0.966
MDP-1__PT17__Diagnosis	PT17__Diagnosis	Milan	P12	0.95
MDP-2__PT17__Diagnosis	PT17__Diagnosis	Milan	P2	0.969
MEP-1__PT17__Diagnosis	PT17__Diagnosis	Milan	P2	0.974
MEP-2__PT17__Diagnosis	PT17__Diagnosis	Milan	P7	0.967
MEP-Eryth-1__PT17__Diagnosis	PT17__Diagnosis	Milan	P2	0.967
MEP-Eryth-2__PT17__Diagnosis	PT17__Diagnosis	Milan	P2	0.97
MKP-early__PT17__Diagnosis	PT17__Diagnosis	Milan	P7	0.964
MPP-1__PT17__Diagnosis	PT17__Diagnosis	Milan	P9	0.966
MPP-2__PT17__Diagnosis	PT17__Diagnosis	Milan	P2	0.965
MPP-MEP__PT17__Diagnosis	PT17__Diagnosis	Milan	P9	0.973
Mono-2__PT17__Diagnosis	PT17__Diagnosis	Milan	P2	0.954
MultiLin-GMP-1__PT17__Diagnosis	PT17__Diagnosis	Milan	P2	0.967
MultiLin-GMP-2__PT17__Diagnosis	PT17__Diagnosis	Milan	P2	0.972
MultiLin-GMP-3__PT17__Diagnosis	PT17__Diagnosis	Milan	P2	0.967
Multilin-1__PT17__Diagnosis	PT17__Diagnosis	Milan	P2	0.974
Multilin-2__PT17__Diagnosis	PT17__Diagnosis	Milan	P2	0.966
Myeloid intermediate 2__PT17__Diagnosis	PT17__Diagnosis	Milan	P2	0.967
Non-Classical Mono-2__PT17__Diagnosis	PT17__Diagnosis	Milan	P2	0.949
cDC1__PT17__Diagnosis	PT17__Diagnosis	Milan	P2	0.971
cDC2-1__PT17__Diagnosis	PT17__Diagnosis	Milan	P9	0.961
cDC2-2__PT17__Diagnosis	PT17__Diagnosis	Milan	P2	0.961
pDC__PT17__Diagnosis	PT17__Diagnosis	Milan	P2	0.937
pre-DC-1__PT17__Diagnosis	PT17__Diagnosis	Milan	P2	0.967
pre-DC-2__PT17__Diagnosis	PT17__Diagnosis	Milan	P2	0.963
pre-DC-3__PT17__Diagnosis	PT17__Diagnosis	Milan	P2	0.972
BMCP-1__PT18__D14	PT18__D14	Milan	P10	0.926
CD4 TCM__PT18__D14	PT18__D14	Milan	P2	0.924
CD8 TEM__PT18__D14	PT18__D14	Milan	P9	0.939
ERP-1__PT18__D14	PT18__D14	Milan	P8	0.956
LMPP-1__PT18__D14	PT18__D14	Milan	P2	0.97
LMPP-1-cycling__PT18__D14	PT18__D14	Milan	P9	0.973
LMPP-2__PT18__D14	PT18__D14	Milan	P9	0.954
MDP-1__PT18__D14	PT18__D14	Milan	P8	0.951
MDP-2__PT18__D14	PT18__D14	Milan	P9	0.952
MEP-1__PT18__D14	PT18__D14	Milan	P9	0.969
MEP-2__PT18__D14	PT18__D14	Milan	P1	0.952
MEP-Eryth-1__PT18__D14	PT18__D14	Milan	P8	0.948
MEP-Eryth-2__PT18__D14	PT18__D14	Milan	P3	0.934
MKP-early__PT18__D14	PT18__D14	Milan	P10	0.941
MPP-1__PT18__D14	PT18__D14	Milan	P9	0.968
MPP-2__PT18__D14	PT18__D14	Milan	P8	0.96
MPP-MEP__PT18__D14	PT18__D14	Milan	P9	0.963
MultiLin-GMP-1__PT18__D14	PT18__D14	Milan	P9	0.955
MultiLin-GMP-3__PT18__D14	PT18__D14	Milan	P2	0.959
Multilin-1__PT18__D14	PT18__D14	Milan	P9	0.97
Multilin-2__PT18__D14	PT18__D14	Milan	P9	0.966
NK-Mature__PT18__D14	PT18__D14	Milan	P2	0.964
BMCP-1__PT18__Diagnosis	PT18__Diagnosis	Milan	P9	0.923
CD4 TCM__PT18__Diagnosis	PT18__Diagnosis	Milan	P6	0.919
CD8 TEM__PT18__Diagnosis	PT18__Diagnosis	Milan	P2	0.966
ERP-1__PT18__Diagnosis	PT18__Diagnosis	Milan	P8	0.972
ERP-2__PT18__Diagnosis	PT18__Diagnosis	Milan	P8	0.973
ERP-4__PT18__Diagnosis	PT18__Diagnosis	Milan	P6	0.971
LMPP-1__PT18__Diagnosis	PT18__Diagnosis	Milan	P10	0.977
LMPP-1-cycling__PT18__Diagnosis	PT18__Diagnosis	Milan	P10	0.971
LMPP-2__PT18__Diagnosis	PT18__Diagnosis	Milan	P8	0.961
MAIT__PT18__Diagnosis	PT18__Diagnosis	Milan	P8	0.946
MDP-1__PT18__Diagnosis	PT18__Diagnosis	Milan	P8	0.963
MEP-1__PT18__Diagnosis	PT18__Diagnosis	Milan	P8	0.969
MEP-2__PT18__Diagnosis	PT18__Diagnosis	Milan	P6	0.96
MEP-Eryth-1__PT18__Diagnosis	PT18__Diagnosis	Milan	P6	0.969
MKP-early__PT18__Diagnosis	PT18__Diagnosis	Milan	P6	0.962
MPP-1__PT18__Diagnosis	PT18__Diagnosis	Milan	P8	0.955
MPP-2__PT18__Diagnosis	PT18__Diagnosis	Milan	P8	0.962
MPP-MEP__PT18__Diagnosis	PT18__Diagnosis	Milan	P9	0.974
MultiLin-GMP-1__PT18__Diagnosis	PT18__Diagnosis	Milan	P10	0.966
MultiLin-GMP-2__PT18__Diagnosis	PT18__Diagnosis	Milan	P6	0.965
Multilin-1__PT18__Diagnosis	PT18__Diagnosis	Milan	P0	0.967
Multilin-2__PT18__Diagnosis	PT18__Diagnosis	Milan	P10	0.967
NK-Mature__PT18__Diagnosis	PT18__Diagnosis	Milan	P2	0.974
LMPP-1-cycling__PT19__Relapse	PT19__Relapse	Milan	P12	0.978
LMPP-2__PT19__Relapse	PT19__Relapse	Milan	P12	0.973
MDP-1__PT19__Relapse	PT19__Relapse	Milan	P5	0.961
MDP-2__PT19__Relapse	PT19__Relapse	Milan	P12	0.973
MEP-1__PT19__Relapse	PT19__Relapse	Milan	P8	0.963
MEP-2__PT19__Relapse	PT19__Relapse	Milan	P14	0.963
MEP-Eryth-2__PT19__Relapse	PT19__Relapse	Milan	P8	0.953
MPP-1__PT19__Relapse	PT19__Relapse	Milan	P12	0.954
MPP-MEP__PT19__Relapse	PT19__Relapse	Milan	P12	0.974
MultiLin-GMP-1__PT19__Relapse	PT19__Relapse	Milan	P12	0.977
MultiLin-GMP-2__PT19__Relapse	PT19__Relapse	Milan	P7	0.962
MultiLin-GMP-3__PT19__Relapse	PT19__Relapse	Milan	P12	0.974
Multilin-1__PT19__Relapse	PT19__Relapse	Milan	P8	0.972
Multilin-2__PT19__Relapse	PT19__Relapse	Milan	P5	0.967
cDC1__PT19__Relapse	PT19__Relapse	Milan	P5	0.943
immNeu-1__PT19__Relapse	PT19__Relapse	Milan	P8	0.953
pre-DC-2__PT19__Relapse	PT19__Relapse	Milan	P0	0.956
preNeu__PT19__Relapse	PT19__Relapse	Milan	P8	0.964
B Memory-1__Pt-12_Dx	Pt-12_Dx	Colorado	P2	0.877
B Memory-2__Pt-12_Dx	Pt-12_Dx	Colorado	P2	0.873
CD4 TCM__Pt-12_Dx	Pt-12_Dx	Colorado	P2	0.855
CD8 TEM__Pt-12_Dx	Pt-12_Dx	Colorado	P2	0.869
Classical-Mono__Pt-12_Dx	Pt-12_Dx	Colorado	P9	0.863
Intermediate Mono-1__Pt-12_Dx	Pt-12_Dx	Colorado	P0	0.809
Intermediate Mono-2__Pt-12_Dx	Pt-12_Dx	Colorado	P0	0.843
Intermediate Mono-3__Pt-12_Dx	Pt-12_Dx	Colorado	P9	0.854
LMPP-1-cycling__Pt-12_Dx	Pt-12_Dx	Colorado	P9	0.864
LMPP-2__Pt-12_Dx	Pt-12_Dx	Colorado	P2	0.846
MAIT__Pt-12_Dx	Pt-12_Dx	Colorado	P2	0.871
MPP-1__Pt-12_Dx	Pt-12_Dx	Colorado	P9	0.85
MPP-MEP__Pt-12_Dx	Pt-12_Dx	Colorado	P9	0.861
Mono-1__Pt-12_Dx	Pt-12_Dx	Colorado	P9	0.851
Mono-2__Pt-12_Dx	Pt-12_Dx	Colorado	P9	0.85
MultiLin-GMP-1__Pt-12_Dx	Pt-12_Dx	Colorado	P9	0.856
Myeloid intermediate 2__Pt-12_Dx	Pt-12_Dx	Colorado	P9	0.837
NK-Mature__Pt-12_Dx	Pt-12_Dx	Colorado	P2	0.876
Non-Classical Mono-2__Pt-12_Dx	Pt-12_Dx	Colorado	P9	0.844
T CD4 Naive-1__Pt-12_Dx	Pt-12_Dx	Colorado	P2	0.888
cDC1__Pt-12_Dx	Pt-12_Dx	Colorado	P0	0.83
cMOP__Pt-12_Dx	Pt-12_Dx	Colorado	P9	0.849
pre-DC-2__Pt-12_Dx	Pt-12_Dx	Colorado	P9	0.829
CD4 TCM__Pt-12_Rl	Pt-12_Rl	Colorado	P2	0.912
CD8 TEM__Pt-12_Rl	Pt-12_Rl	Colorado	P2	0.899
Erythroblast-3__Pt-12_Rl	Pt-12_Rl	Colorado	P6	0.919
Intermediate Mono-3__Pt-12_Rl	Pt-12_Rl	Colorado	P0	0.861
LMPP-2__Pt-12_Rl	Pt-12_Rl	Colorado	P14	0.842
MAIT__Pt-12_Rl	Pt-12_Rl	Colorado	P2	0.904
MDP-2__Pt-12_Rl	Pt-12_Rl	Colorado	P14	0.864
Mono-1__Pt-12_Rl	Pt-12_Rl	Colorado	P8	0.858
Mono-2__Pt-12_Rl	Pt-12_Rl	Colorado	P14	0.862
MultiLin-GMP-1__Pt-12_Rl	Pt-12_Rl	Colorado	P0	0.849
Myeloid intermediate 2__Pt-12_Rl	Pt-12_Rl	Colorado	P8	0.857
Myeloid intermediate 3__Pt-12_Rl	Pt-12_Rl	Colorado	P8	0.861
NK-Mature__Pt-12_Rl	Pt-12_Rl	Colorado	P2	0.895
Non-Classical Mono-2__Pt-12_Rl	Pt-12_Rl	Colorado	P7	0.869
T CD4 Activated__Pt-12_Rl	Pt-12_Rl	Colorado	P7	0.904
T CD4 Naive-1__Pt-12_Rl	Pt-12_Rl	Colorado	P2	0.923
cDC1__Pt-12_Rl	Pt-12_Rl	Colorado	P14	0.864
cMOP__Pt-12_Rl	Pt-12_Rl	Colorado	P8	0.855
pre-DC-2__Pt-12_Rl	Pt-12_Rl	Colorado	P0	0.849
B Memory-1__Pt-16_Dx	Pt-16_Dx	Colorado	P2	0.984
CD4 TCM__Pt-16_Dx	Pt-16_Dx	Colorado	P2	0.983
CD8 TEM__Pt-16_Dx	Pt-16_Dx	Colorado	P2	0.978
Classical-Mono__Pt-16_Dx	Pt-16_Dx	Colorado	P14	0.963
Erythroblast-1__Pt-16_Dx	Pt-16_Dx	Colorado	P14	0.896
Erythroblast-3__Pt-16_Dx	Pt-16_Dx	Colorado	P2	0.91
Intermediate Mono-1__Pt-16_Dx	Pt-16_Dx	Colorado	P14	0.964
Intermediate Mono-2__Pt-16_Dx	Pt-16_Dx	Colorado	P5	0.955
Intermediate Mono-3__Pt-16_Dx	Pt-16_Dx	Colorado	P14	0.973
LMPP-1__Pt-16_Dx	Pt-16_Dx	Colorado	P7	0.96
LMPP-1-cycling__Pt-16_Dx	Pt-16_Dx	Colorado	P12	0.967
MAIT__Pt-16_Dx	Pt-16_Dx	Colorado	P2	0.977
MEP-2__Pt-16_Dx	Pt-16_Dx	Colorado	P14	0.953
MPP-MEP__Pt-16_Dx	Pt-16_Dx	Colorado	P12	0.96
Mono-1__Pt-16_Dx	Pt-16_Dx	Colorado	P14	0.962
Mono-2__Pt-16_Dx	Pt-16_Dx	Colorado	P14	0.964
MultiLin-GMP-1__Pt-16_Dx	Pt-16_Dx	Colorado	P7	0.944
MultiLin-GMP-2__Pt-16_Dx	Pt-16_Dx	Colorado	P7	0.963
MultiLin-GMP-3__Pt-16_Dx	Pt-16_Dx	Colorado	P0	0.959
Multilin-1__Pt-16_Dx	Pt-16_Dx	Colorado	P0	0.959
Myeloid intermediate 1__Pt-16_Dx	Pt-16_Dx	Colorado	P14	0.963
Myeloid intermediate 2__Pt-16_Dx	Pt-16_Dx	Colorado	P14	0.959
Myeloid intermediate 3__Pt-16_Dx	Pt-16_Dx	Colorado	P14	0.96
NK-Mature__Pt-16_Dx	Pt-16_Dx	Colorado	P6	0.968
Non-Classical Mono-2__Pt-16_Dx	Pt-16_Dx	Colorado	P14	0.839
T CD4 Activated__Pt-16_Dx	Pt-16_Dx	Colorado	P2	0.98
T CD4 Naive-1__Pt-16_Dx	Pt-16_Dx	Colorado	P6	0.983
T CD8 Naive__Pt-16_Dx	Pt-16_Dx	Colorado	P6	0.977
cMOP__Pt-16_Dx	Pt-16_Dx	Colorado	P8	0.948
immNeu-1__Pt-16_Dx	Pt-16_Dx	Colorado	P14	0.959
immNeu-2__Pt-16_Dx	Pt-16_Dx	Colorado	P14	0.913
preNeu__Pt-16_Dx	Pt-16_Dx	Colorado	P14	0.967
B Memory-1__Pt-20_Dx	Pt-20_Dx	Colorado	P0	0.981
B Memory-2__Pt-20_Dx	Pt-20_Dx	Colorado	P0	0.954
BMCP-1__Pt-20_Dx	Pt-20_Dx	Colorado	P0	0.867
CD4 TCM__Pt-20_Dx	Pt-20_Dx	Colorado	P6	0.961
Classical-Mono__Pt-20_Dx	Pt-20_Dx	Colorado	P5	0.975
Intermediate Mono-1__Pt-20_Dx	Pt-20_Dx	Colorado	P5	0.975
Intermediate Mono-2__Pt-20_Dx	Pt-20_Dx	Colorado	P5	0.975
Intermediate Mono-3__Pt-20_Dx	Pt-20_Dx	Colorado	P14	0.971
LMPP-1-cycling__Pt-20_Dx	Pt-20_Dx	Colorado	P12	0.973
MEP-1__Pt-20_Dx	Pt-20_Dx	Colorado	P8	0.946
MEP-2__Pt-20_Dx	Pt-20_Dx	Colorado	P14	0.956
MKP-early__Pt-20_Dx	Pt-20_Dx	Colorado	P14	0.94
MPP-MEP__Pt-20_Dx	Pt-20_Dx	Colorado	P14	0.962
Mono-2__Pt-20_Dx	Pt-20_Dx	Colorado	P14	0.959
MultiLin-GMP-1__Pt-20_Dx	Pt-20_Dx	Colorado	P12	0.974
MultiLin-GMP-2__Pt-20_Dx	Pt-20_Dx	Colorado	P12	0.968
MultiLin-GMP-3__Pt-20_Dx	Pt-20_Dx	Colorado	P12	0.966
Multilin-1__Pt-20_Dx	Pt-20_Dx	Colorado	P8	0.953
Myeloid intermediate 3__Pt-20_Dx	Pt-20_Dx	Colorado	P14	0.936
NK-Mature__Pt-20_Dx	Pt-20_Dx	Colorado	P0	0.965
Non-Classical Mono-2__Pt-20_Dx	Pt-20_Dx	Colorado	P14	0.971
T CD4 Naive-1__Pt-20_Dx	Pt-20_Dx	Colorado	P6	0.957
cDC1__Pt-20_Dx	Pt-20_Dx	Colorado	P14	0.961
cDC2-1__Pt-20_Dx	Pt-20_Dx	Colorado	P14	0.958
cDC2-2__Pt-20_Dx	Pt-20_Dx	Colorado	P14	0.967
cMOP__Pt-20_Dx	Pt-20_Dx	Colorado	P5	0.893
immNeu-1__Pt-20_Dx	Pt-20_Dx	Colorado	P12	0.941
immNeu-2__Pt-20_Dx	Pt-20_Dx	Colorado	P2	0.937
preNeu__Pt-20_Dx	Pt-20_Dx	Colorado	P5	0.964
B Memory-1__Pt-69_Dx	Pt-69_Dx	Colorado	P2	0.974
CD4 TCM__Pt-69_Dx	Pt-69_Dx	Colorado	P2	0.971
CD8 TEM__Pt-69_Dx	Pt-69_Dx	Colorado	P2	0.965
Classical-Mono__Pt-69_Dx	Pt-69_Dx	Colorado	P5	0.967
Erythroblast-3__Pt-69_Dx	Pt-69_Dx	Colorado	P6	0.953
Intermediate Mono-1__Pt-69_Dx	Pt-69_Dx	Colorado	P5	0.966
Intermediate Mono-2__Pt-69_Dx	Pt-69_Dx	Colorado	P5	0.958
Intermediate Mono-3__Pt-69_Dx	Pt-69_Dx	Colorado	P2	0.957
LMPP-1-cycling__Pt-69_Dx	Pt-69_Dx	Colorado	P15	0.938
LMPP-2__Pt-69_Dx	Pt-69_Dx	Colorado	P5	0.935
MAIT__Pt-69_Dx	Pt-69_Dx	Colorado	P2	0.97
MEP-2__Pt-69_Dx	Pt-69_Dx	Colorado	P2	0.95
MKP-early__Pt-69_Dx	Pt-69_Dx	Colorado	P15	0.92
MPP-1__Pt-69_Dx	Pt-69_Dx	Colorado	P5	0.943
MPP-MEP__Pt-69_Dx	Pt-69_Dx	Colorado	P5	0.947
Mono-1__Pt-69_Dx	Pt-69_Dx	Colorado	P2	0.952
Mono-2__Pt-69_Dx	Pt-69_Dx	Colorado	P2	0.956
MultiLin-GMP-1__Pt-69_Dx	Pt-69_Dx	Colorado	P12	0.959
Myeloid intermediate 2__Pt-69_Dx	Pt-69_Dx	Colorado	P2	0.946
NK-Mature__Pt-69_Dx	Pt-69_Dx	Colorado	P2	0.97
Non-Classical Mono-2__Pt-69_Dx	Pt-69_Dx	Colorado	P8	0.946
Plasma Cell__Pt-69_Dx	Pt-69_Dx	Colorado	P7	0.954
T CD4 Activated__Pt-69_Dx	Pt-69_Dx	Colorado	P2	0.971
T CD4 Naive-1__Pt-69_Dx	Pt-69_Dx	Colorado	P2	0.97
T CD8 Naive__Pt-69_Dx	Pt-69_Dx	Colorado	P2	0.966
cDC2-1__Pt-69_Dx	Pt-69_Dx	Colorado	P5	0.941
cDC2-2__Pt-69_Dx	Pt-69_Dx	Colorado	P5	0.934
cMOP__Pt-69_Dx	Pt-69_Dx	Colorado	P2	0.947
pre-DC-2__Pt-69_Dx	Pt-69_Dx	Colorado	P2	0.947
CD4 TCM__Pt-69_Rl	Pt-69_Rl	Colorado	P8	0.976
CD8 TEM__Pt-69_Rl	Pt-69_Rl	Colorado	P8	0.964
Classical-Mono__Pt-69_Rl	Pt-69_Rl	Colorado	P14	0.957
Erythroblast-3__Pt-69_Rl	Pt-69_Rl	Colorado	P10	0.927
Intermediate Mono-1__Pt-69_Rl	Pt-69_Rl	Colorado	P14	0.948
Intermediate Mono-3__Pt-69_Rl	Pt-69_Rl	Colorado	P5	0.953
MAIT__Pt-69_Rl	Pt-69_Rl	Colorado	P8	0.975
Mono-1__Pt-69_Rl	Pt-69_Rl	Colorado	P8	0.946
Mono-2__Pt-69_Rl	Pt-69_Rl	Colorado	P8	0.948
MultiLin-GMP-1__Pt-69_Rl	Pt-69_Rl	Colorado	P8	0.942
Myeloid intermediate 2__Pt-69_Rl	Pt-69_Rl	Colorado	P5	0.944
NK-Mature__Pt-69_Rl	Pt-69_Rl	Colorado	P8	0.974
Non-Classical Mono-2__Pt-69_Rl	Pt-69_Rl	Colorado	P8	0.943
T CD4 Activated__Pt-69_Rl	Pt-69_Rl	Colorado	P8	0.975
T CD4 Naive-1__Pt-69_Rl	Pt-69_Rl	Colorado	P8	0.975
T CD8 Naive__Pt-69_Rl	Pt-69_Rl	Colorado	P8	0.97
cDC1__Pt-69_Rl	Pt-69_Rl	Colorado	P8	0.945
cDC2-1__Pt-69_Rl	Pt-69_Rl	Colorado	P14	0.938
pre-DC-2__Pt-69_Rl	Pt-69_Rl	Colorado	P0	0.943
B Memory-1__Pt-89_Dx	Pt-89_Dx	Colorado	P2	0.975
BMCP-1__Pt-89_Dx	Pt-89_Dx	Colorado	P14	0.956
CD4 TCM__Pt-89_Dx	Pt-89_Dx	Colorado	P2	0.975
CD8 TEM__Pt-89_Dx	Pt-89_Dx	Colorado	P2	0.969
Classical-Mono__Pt-89_Dx	Pt-89_Dx	Colorado	P8	0.952
ERP-1__Pt-89_Dx	Pt-89_Dx	Colorado	P6	0.956
ERP-2__Pt-89_Dx	Pt-89_Dx	Colorado	P6	0.953
Intermediate Mono-1__Pt-89_Dx	Pt-89_Dx	Colorado	P8	0.968
Intermediate Mono-2__Pt-89_Dx	Pt-89_Dx	Colorado	P8	0.951
Intermediate Mono-3__Pt-89_Dx	Pt-89_Dx	Colorado	P8	0.966
LMPP-1__Pt-89_Dx	Pt-89_Dx	Colorado	P10	0.95
LMPP-1-cycling__Pt-89_Dx	Pt-89_Dx	Colorado	P12	0.964
LMPP-2__Pt-89_Dx	Pt-89_Dx	Colorado	P12	0.96
MAIT__Pt-89_Dx	Pt-89_Dx	Colorado	P6	0.97
MDP-1__Pt-89_Dx	Pt-89_Dx	Colorado	P10	0.955
MDP-2__Pt-89_Dx	Pt-89_Dx	Colorado	P10	0.958
MEP-1__Pt-89_Dx	Pt-89_Dx	Colorado	P14	0.958
MEP-2__Pt-89_Dx	Pt-89_Dx	Colorado	P14	0.965
MEP-Eryth-2__Pt-89_Dx	Pt-89_Dx	Colorado	P0	0.964
MPP-MEP__Pt-89_Dx	Pt-89_Dx	Colorado	P12	0.967
MultiLin-GMP-1__Pt-89_Dx	Pt-89_Dx	Colorado	P12	0.971
MultiLin-GMP-2__Pt-89_Dx	Pt-89_Dx	Colorado	P9	0.959
MultiLin-GMP-3__Pt-89_Dx	Pt-89_Dx	Colorado	P9	0.952
Multilin-1__Pt-89_Dx	Pt-89_Dx	Colorado	P2	0.951
Multilin-2__Pt-89_Dx	Pt-89_Dx	Colorado	P10	0.947
Myeloid intermediate 2__Pt-89_Dx	Pt-89_Dx	Colorado	P14	0.95
NK-Mature__Pt-89_Dx	Pt-89_Dx	Colorado	P2	0.974
Non-Classical Mono-2__Pt-89_Dx	Pt-89_Dx	Colorado	P0	0.961
Plasma Cell__Pt-89_Dx	Pt-89_Dx	Colorado	P7	0.949
T CD4 Activated__Pt-89_Dx	Pt-89_Dx	Colorado	P2	0.973
T CD4 Naive-1__Pt-89_Dx	Pt-89_Dx	Colorado	P2	0.969
T CD8 Naive__Pt-89_Dx	Pt-89_Dx	Colorado	P2	0.948
pDC__Pt-89_Dx	Pt-89_Dx	Colorado	P2	0.943
B Memory-1__TALL3783	TALL3783	NYU-1	P8	0.958
CD4 TCM__TALL3783	TALL3783	NYU-1	P6	0.979
CD8 TEM__TALL3783	TALL3783	NYU-1	P6	0.971
CLP__TALL3783	TALL3783	NYU-1	P6	0.897
Classical-Mono__TALL3783	TALL3783	NYU-1	P7	0.95
Erythroblast-3__TALL3783	TALL3783	NYU-1	P6	0.953
Intermediate Mono-1__TALL3783	TALL3783	NYU-1	P6	0.969
Intermediate Mono-2__TALL3783	TALL3783	NYU-1	P7	0.957
Intermediate Mono-3__TALL3783	TALL3783	NYU-1	P7	0.966
LMPP-2__TALL3783	TALL3783	NYU-1	P8	0.881
MAIT__TALL3783	TALL3783	NYU-1	P6	0.979
MDP-1__TALL3783	TALL3783	NYU-1	P6	0.89
NK-Mature__TALL3783	TALL3783	NYU-1	P7	0.976
Non-Classical Mono-2__TALL3783	TALL3783	NYU-1	P7	0.967
Pro-B-3__TALL3783	TALL3783	NYU-1	P8	0.845
Pro-B-cycling-1__TALL3783	TALL3783	NYU-1	P6	0.901
T CD4 Activated__TALL3783	TALL3783	NYU-1	P6	0.952
T CD4 Naive-1__TALL3783	TALL3783	NYU-1	P8	0.964
T CD8 Naive__TALL3783	TALL3783	NYU-1	P6	0.961
B Memory-1__TALL3862	TALL3862	NYU-1	P2	0.978
CD4 TCM__TALL3862	TALL3862	NYU-1	P2	0.963
CD8 TEM__TALL3862	TALL3862	NYU-1	P7	0.969
CLP__TALL3862	TALL3862	NYU-1	P6	0.891
Classical-Mono__TALL3862	TALL3862	NYU-1	P7	0.969
ERP-8__TALL3862	TALL3862	NYU-1	P8	0.953
Erythroblast-3__TALL3862	TALL3862	NYU-1	P8	0.962
Intermediate Mono-1__TALL3862	TALL3862	NYU-1	P7	0.971
Intermediate Mono-2__TALL3862	TALL3862	NYU-1	P7	0.973
Intermediate Mono-3__TALL3862	TALL3862	NYU-1	P7	0.976
LMPP-2__TALL3862	TALL3862	NYU-1	P8	0.891
MAIT__TALL3862	TALL3862	NYU-1	P7	0.969
MDP-1__TALL3862	TALL3862	NYU-1	P8	0.893
MEP-Eryth-2__TALL3862	TALL3862	NYU-1	P8	0.91
MPP-1__TALL3862	TALL3862	NYU-1	P6	0.946
MPP-MEP__TALL3862	TALL3862	NYU-1	P6	0.951
Mono-2__TALL3862	TALL3862	NYU-1	P7	0.968
NK-Mature__TALL3862	TALL3862	NYU-1	P6	0.966
Non-Classical Mono-2__TALL3862	TALL3862	NYU-1	P7	0.975
Pro-B-3__TALL3862	TALL3862	NYU-1	P8	0.842
Pro-B-cycling-1__TALL3862	TALL3862	NYU-1	P6	0.881
Pro-B-cycling-2__TALL3862	TALL3862	NYU-1	P8	0.825
T CD4 Activated__TALL3862	TALL3862	NYU-1	P8	0.954
T CD4 Naive-1__TALL3862	TALL3862	NYU-1	P8	0.943
T CD8 Naive__TALL3862	TALL3862	NYU-1	P2	0.943
cDC2-1__TALL3862	TALL3862	NYU-1	P7	0.968
cDC2-2__TALL3862	TALL3862	NYU-1	P6	0.969
pDC__TALL3862	TALL3862	NYU-1	P6	0.963
pre-DC-1__TALL3862	TALL3862	NYU-1	P7	0.958
pre-DC-3__TALL3862	TALL3862	NYU-1	P7	0.955
B Memory-1__TALL4954	TALL4954	NYU-1	P5	0.928
CD4 TCM__TALL4954	TALL4954	NYU-1	P5	0.957
CD8 TEM__TALL4954	TALL4954	NYU-1	P2	0.95
CLP__TALL4954	TALL4954	NYU-1	P0	0.914
ERP-8__TALL4954	TALL4954	NYU-1	P8	0.966
Erythroblast-1__TALL4954	TALL4954	NYU-1	P8	0.952
Erythroblast-3__TALL4954	TALL4954	NYU-1	P5	0.948
Intermediate Mono-1__TALL4954	TALL4954	NYU-1	P8	0.963
Intermediate Mono-2__TALL4954	TALL4954	NYU-1	P8	0.945
Intermediate Mono-3__TALL4954	TALL4954	NYU-1	P8	0.962
LMPP-1__TALL4954	TALL4954	NYU-1	P10	0.959
LMPP-1-cycling__TALL4954	TALL4954	NYU-1	P10	0.966
LMPP-2__TALL4954	TALL4954	NYU-1	P10	0.958
MAIT__TALL4954	TALL4954	NYU-1	P2	0.958
MDP-1__TALL4954	TALL4954	NYU-1	P0	0.897
MDP-2__TALL4954	TALL4954	NYU-1	P10	0.96
MEP-1__TALL4954	TALL4954	NYU-1	P10	0.953
MEP-2__TALL4954	TALL4954	NYU-1	P10	0.952
MEP-Eryth-1__TALL4954	TALL4954	NYU-1	P10	0.924
MEP-Eryth-2__TALL4954	TALL4954	NYU-1	P10	0.947
MPP-MEP__TALL4954	TALL4954	NYU-1	P10	0.954
Mono-1__TALL4954	TALL4954	NYU-1	P14	0.933
MultiLin-GMP-1__TALL4954	TALL4954	NYU-1	P10	0.962
MultiLin-GMP-2__TALL4954	TALL4954	NYU-1	P10	0.964
MultiLin-GMP-3__TALL4954	TALL4954	NYU-1	P10	0.959
Multilin-1__TALL4954	TALL4954	NYU-1	P10	0.966
Multilin-2__TALL4954	TALL4954	NYU-1	P10	0.938
Myeloid intermediate 1__TALL4954	TALL4954	NYU-1	P10	0.928
Myeloid intermediate 2__TALL4954	TALL4954	NYU-1	P10	0.939
Myeloid intermediate 3__TALL4954	TALL4954	NYU-1	P8	0.944
NK-Mature__TALL4954	TALL4954	NYU-1	P2	0.964
Non-Classical Mono-2__TALL4954	TALL4954	NYU-1	P2	0.967
Pro-B-1__TALL4954	TALL4954	NYU-1	P8	0.901
Pro-B-3__TALL4954	TALL4954	NYU-1	P0	0.918
Pro-B-Early__TALL4954	TALL4954	NYU-1	P10	0.949
Pro-B-Early-cycling__TALL4954	TALL4954	NYU-1	P8	0.889
Pro-B-cycling-1__TALL4954	TALL4954	NYU-1	P8	0.894
Pro-B-cycling-2__TALL4954	TALL4954	NYU-1	P0	0.911
T CD4 Activated__TALL4954	TALL4954	NYU-1	P5	0.942
T CD4 Naive-1__TALL4954	TALL4954	NYU-1	P8	0.936
cDC1__TALL4954	TALL4954	NYU-1	P8	0.938
cDC2-2__TALL4954	TALL4954	NYU-1	P8	0.948
pDC__TALL4954	TALL4954	NYU-1	P7	0.914
pre-B__TALL4954	TALL4954	NYU-1	P2	0.954
preNeu__TALL4954	TALL4954	NYU-1	P10	0.967
B Memory-1__hashtag2-SRR16208949	hashtag2-SRR16208949	NYU-1	P6	0.981
B Memory-2__hashtag2-SRR16208949	hashtag2-SRR16208949	NYU-1	P6	0.98
CD4 TCM__hashtag2-SRR16208949	hashtag2-SRR16208949	NYU-1	P2	0.975
CD8 TEM__hashtag2-SRR16208949	hashtag2-SRR16208949	NYU-1	P2	0.98
Classical-Mono__hashtag2-SRR16208949	hashtag2-SRR16208949	NYU-1	P6	0.979
ERP-7__hashtag2-SRR16208949	hashtag2-SRR16208949	NYU-1	P7	0.982
ERP-8__hashtag2-SRR16208949	hashtag2-SRR16208949	NYU-1	P7	0.983
Erythroblast-1__hashtag2-SRR16208949	hashtag2-SRR16208949	NYU-1	P6	0.952
Erythroblast-3__hashtag2-SRR16208949	hashtag2-SRR16208949	NYU-1	P8	0.96
Intermediate Mono-1__hashtag2-SRR16208949	hashtag2-SRR16208949	NYU-1	P6	0.978
Intermediate Mono-2__hashtag2-SRR16208949	hashtag2-SRR16208949	NYU-1	P6	0.977
Intermediate Mono-3__hashtag2-SRR16208949	hashtag2-SRR16208949	NYU-1	P6	0.975
MAIT__hashtag2-SRR16208949	hashtag2-SRR16208949	NYU-1	P6	0.955
NK-Mature__hashtag2-SRR16208949	hashtag2-SRR16208949	NYU-1	P2	0.985
Non-Classical Mono-2__hashtag2-SRR16208949	hashtag2-SRR16208949	NYU-1	P6	0.976
Plasma Cell__hashtag2-SRR16208949	hashtag2-SRR16208949	NYU-1	P6	0.975
T CD4 Naive-1__hashtag2-SRR16208949	hashtag2-SRR16208949	NYU-1	P6	0.97
cDC2-1__hashtag2-SRR16208949	hashtag2-SRR16208949	NYU-1	P6	0.958
cDC2-2__hashtag2-SRR16208949	hashtag2-SRR16208949	NYU-1	P2	0.965
B Memory-1__hashtag2-SRR16208950	hashtag2-SRR16208950	NYU-1	P6	0.981
B Memory-2__hashtag2-SRR16208950	hashtag2-SRR16208950	NYU-1	P6	0.977
CD4 TCM__hashtag2-SRR16208950	hashtag2-SRR16208950	NYU-1	P2	0.976
CD8 TEM__hashtag2-SRR16208950	hashtag2-SRR16208950	NYU-1	P2	0.983
Classical-Mono__hashtag2-SRR16208950	hashtag2-SRR16208950	NYU-1	P2	0.981
ERP-2__hashtag2-SRR16208950	hashtag2-SRR16208950	NYU-1	P2	0.97
ERP-7__hashtag2-SRR16208950	hashtag2-SRR16208950	NYU-1	P7	0.98
ERP-8__hashtag2-SRR16208950	hashtag2-SRR16208950	NYU-1	P7	0.982
Erythroblast-1__hashtag2-SRR16208950	hashtag2-SRR16208950	NYU-1	P7	0.971
Erythroblast-3__hashtag2-SRR16208950	hashtag2-SRR16208950	NYU-1	P8	0.959
Intermediate Mono-1__hashtag2-SRR16208950	hashtag2-SRR16208950	NYU-1	P6	0.979
Intermediate Mono-2__hashtag2-SRR16208950	hashtag2-SRR16208950	NYU-1	P6	0.977
Intermediate Mono-3__hashtag2-SRR16208950	hashtag2-SRR16208950	NYU-1	P6	0.976
MAIT__hashtag2-SRR16208950	hashtag2-SRR16208950	NYU-1	P2	0.955
MPP-MEP__hashtag2-SRR16208950	hashtag2-SRR16208950	NYU-1	P5	0.952
Mono-2__hashtag2-SRR16208950	hashtag2-SRR16208950	NYU-1	P6	0.955
NK-Mature__hashtag2-SRR16208950	hashtag2-SRR16208950	NYU-1	P2	0.986
Non-Classical Mono-2__hashtag2-SRR16208950	hashtag2-SRR16208950	NYU-1	P6	0.978
Plasma Cell__hashtag2-SRR16208950	hashtag2-SRR16208950	NYU-1	P7	0.978
T CD4 Naive-1__hashtag2-SRR16208950	hashtag2-SRR16208950	NYU-1	P6	0.956
cDC2-1__hashtag2-SRR16208950	hashtag2-SRR16208950	NYU-1	P2	0.961
pDC__hashtag2-SRR16208950	hashtag2-SRR16208950	NYU-1	P2	0.96
B Memory-1__hashtag2-SRR16208957	hashtag2-SRR16208957	NYU-1	P8	0.981
CD4 TCM__hashtag2-SRR16208957	hashtag2-SRR16208957	NYU-1	P8	0.978
CD8 TEM__hashtag2-SRR16208957	hashtag2-SRR16208957	NYU-1	P8	0.98
Classical-Mono__hashtag2-SRR16208957	hashtag2-SRR16208957	NYU-1	P8	0.961
ERP-7__hashtag2-SRR16208957	hashtag2-SRR16208957	NYU-1	P8	0.964
ERP-8__hashtag2-SRR16208957	hashtag2-SRR16208957	NYU-1	P8	0.973
Erythroblast-3__hashtag2-SRR16208957	hashtag2-SRR16208957	NYU-1	P8	0.933
Intermediate Mono-1__hashtag2-SRR16208957	hashtag2-SRR16208957	NYU-1	P3	0.976
Intermediate Mono-2__hashtag2-SRR16208957	hashtag2-SRR16208957	NYU-1	P8	0.96
Intermediate Mono-3__hashtag2-SRR16208957	hashtag2-SRR16208957	NYU-1	P8	0.966
MAIT__hashtag2-SRR16208957	hashtag2-SRR16208957	NYU-1	P8	0.977
MEP-1__hashtag2-SRR16208957	hashtag2-SRR16208957	NYU-1	P8	0.945
MPP-MEP__hashtag2-SRR16208957	hashtag2-SRR16208957	NYU-1	P8	0.967
Mono-2__hashtag2-SRR16208957	hashtag2-SRR16208957	NYU-1	P8	0.959
MultiLin-GMP-1__hashtag2-SRR16208957	hashtag2-SRR16208957	NYU-1	P0	0.942
Multilin-1__hashtag2-SRR16208957	hashtag2-SRR16208957	NYU-1	P8	0.966
NK-Mature__hashtag2-SRR16208957	hashtag2-SRR16208957	NYU-1	P8	0.98
Non-Classical Mono-2__hashtag2-SRR16208957	hashtag2-SRR16208957	NYU-1	P8	0.971
Plasma Cell__hashtag2-SRR16208957	hashtag2-SRR16208957	NYU-1	P8	0.962
T CD4 Activated__hashtag2-SRR16208957	hashtag2-SRR16208957	NYU-1	P8	0.977
T CD4 Naive-1__hashtag2-SRR16208957	hashtag2-SRR16208957	NYU-1	P8	0.98
cDC2-2__hashtag2-SRR16208957	hashtag2-SRR16208957	NYU-1	P8	0.971
pDC__hashtag2-SRR16208957	hashtag2-SRR16208957	NYU-1	P8	0.964
B Memory-1__hashtag2-SRR16208958	hashtag2-SRR16208958	NYU-1	P6	0.979
CD4 TCM__hashtag2-SRR16208958	hashtag2-SRR16208958	NYU-1	P3	0.929
CD8 TEM__hashtag2-SRR16208958	hashtag2-SRR16208958	NYU-1	P2	0.936
Erythroblast-1__hashtag2-SRR16208958	hashtag2-SRR16208958	NYU-1	P14	0.881
Intermediate Mono-3__hashtag2-SRR16208958	hashtag2-SRR16208958	NYU-1	P6	0.983
LMPP-2__hashtag2-SRR16208958	hashtag2-SRR16208958	NYU-1	P6	0.991
MDP-1__hashtag2-SRR16208958	hashtag2-SRR16208958	NYU-1	P6	0.952
MPP-MEP__hashtag2-SRR16208958	hashtag2-SRR16208958	NYU-1	P9	0.945
MultiLin-GMP-1__hashtag2-SRR16208958	hashtag2-SRR16208958	NYU-1	P6	0.942
Multilin-1__hashtag2-SRR16208958	hashtag2-SRR16208958	NYU-1	P8	0.912
NK-Mature__hashtag2-SRR16208958	hashtag2-SRR16208958	NYU-1	P2	0.946
T CD4 Naive-1__hashtag2-SRR16208958	hashtag2-SRR16208958	NYU-1	P3	0.964
T CD8 Naive__hashtag2-SRR16208958	hashtag2-SRR16208958	NYU-1	P3	0.908
pDC__hashtag2-SRR16208958	hashtag2-SRR16208958	NYU-1	P3	0.959
B Memory-1__hashtag2-SRR16208964	hashtag2-SRR16208964	NYU-1	P6	0.985
B Memory-2__hashtag2-SRR16208964	hashtag2-SRR16208964	NYU-1	P6	0.94
CD4 TCM__hashtag2-SRR16208964	hashtag2-SRR16208964	NYU-1	P3	0.952
CD8 TEM__hashtag2-SRR16208964	hashtag2-SRR16208964	NYU-1	P2	0.964
Classical-Mono__hashtag2-SRR16208964	hashtag2-SRR16208964	NYU-1	P6	0.97
Intermediate Mono-1__hashtag2-SRR16208964	hashtag2-SRR16208964	NYU-1	P6	0.976
Intermediate Mono-3__hashtag2-SRR16208964	hashtag2-SRR16208964	NYU-1	P6	0.977
LMPP-1-cycling__hashtag2-SRR16208964	hashtag2-SRR16208964	NYU-1	P9	0.955
LMPP-2__hashtag2-SRR16208964	hashtag2-SRR16208964	NYU-1	P6	0.991
MDP-1__hashtag2-SRR16208964	hashtag2-SRR16208964	NYU-1	P6	0.951
MPP-MEP__hashtag2-SRR16208964	hashtag2-SRR16208964	NYU-1	P8	0.95
MultiLin-GMP-1__hashtag2-SRR16208964	hashtag2-SRR16208964	NYU-1	P6	0.966
Multilin-1__hashtag2-SRR16208964	hashtag2-SRR16208964	NYU-1	P8	0.949
NK-Mature__hashtag2-SRR16208964	hashtag2-SRR16208964	NYU-1	P6	0.969
Plasma Cell__hashtag2-SRR16208964	hashtag2-SRR16208964	NYU-1	P6	0.943
T CD4 Naive-1__hashtag2-SRR16208964	hashtag2-SRR16208964	NYU-1	P6	0.98
T CD8 Naive__hashtag2-SRR16208964	hashtag2-SRR16208964	NYU-1	P6	0.947
pDC__hashtag2-SRR16208964	hashtag2-SRR16208964	NYU-1	P0	0.96
BMCP-1__hashtag2-SRR16208965	hashtag2-SRR16208965	NYU-1	P0	0.941
CD8 TEM__hashtag2-SRR16208965	hashtag2-SRR16208965	NYU-1	P2	0.942
ERP-1__hashtag2-SRR16208965	hashtag2-SRR16208965	NYU-1	P14	0.937
ERP-8__hashtag2-SRR16208965	hashtag2-SRR16208965	NYU-1	P6	0.975
LMPP-1-cycling__hashtag2-SRR16208965	hashtag2-SRR16208965	NYU-1	P12	0.962
LMPP-2__hashtag2-SRR16208965	hashtag2-SRR16208965	NYU-1	P12	0.96
MAIT__hashtag2-SRR16208965	hashtag2-SRR16208965	NYU-1	P6	0.928
MDP-1__hashtag2-SRR16208965	hashtag2-SRR16208965	NYU-1	P12	0.946
MEP-1__hashtag2-SRR16208965	hashtag2-SRR16208965	NYU-1	P3	0.959
MEP-2__hashtag2-SRR16208965	hashtag2-SRR16208965	NYU-1	P14	0.961
MEP-Eryth-2__hashtag2-SRR16208965	hashtag2-SRR16208965	NYU-1	P6	0.95
MKP-early__hashtag2-SRR16208965	hashtag2-SRR16208965	NYU-1	P14	0.932
MPP-MEP__hashtag2-SRR16208965	hashtag2-SRR16208965	NYU-1	P14	0.969
MultiLin-GMP-1__hashtag2-SRR16208965	hashtag2-SRR16208965	NYU-1	P3	0.969
Multilin-1__hashtag2-SRR16208965	hashtag2-SRR16208965	NYU-1	P3	0.964
NK-Mature__hashtag2-SRR16208965	hashtag2-SRR16208965	NYU-1	P7	0.941
Non-Classical Mono-2__hashtag2-SRR16208965	hashtag2-SRR16208965	NYU-1	P3	0.966
Plasma Cell__hashtag2-SRR16208965	hashtag2-SRR16208965	NYU-1	P8	0.971
BMCP-1__hashtag2-SRR16208966	hashtag2-SRR16208966	NYU-1	P8	0.923
CD4 TCM__hashtag2-SRR16208966	hashtag2-SRR16208966	NYU-1	P6	0.911
CD8 TEM__hashtag2-SRR16208966	hashtag2-SRR16208966	NYU-1	P6	0.936
ERP-1__hashtag2-SRR16208966	hashtag2-SRR16208966	NYU-1	P14	0.938
ERP-2__hashtag2-SRR16208966	hashtag2-SRR16208966	NYU-1	P14	0.914
ERP-8__hashtag2-SRR16208966	hashtag2-SRR16208966	NYU-1	P3	0.969
Intermediate Mono-1__hashtag2-SRR16208966	hashtag2-SRR16208966	NYU-1	P3	0.95
Intermediate Mono-3__hashtag2-SRR16208966	hashtag2-SRR16208966	NYU-1	P3	0.953
LMPP-1-cycling__hashtag2-SRR16208966	hashtag2-SRR16208966	NYU-1	P8	0.96
LMPP-2__hashtag2-SRR16208966	hashtag2-SRR16208966	NYU-1	P14	0.953
MDP-1__hashtag2-SRR16208966	hashtag2-SRR16208966	NYU-1	P14	0.945
MEP-1__hashtag2-SRR16208966	hashtag2-SRR16208966	NYU-1	P8	0.954
MEP-2__hashtag2-SRR16208966	hashtag2-SRR16208966	NYU-1	P14	0.96
MEP-Eryth-2__hashtag2-SRR16208966	hashtag2-SRR16208966	NYU-1	P14	0.959
MKP-early__hashtag2-SRR16208966	hashtag2-SRR16208966	NYU-1	P14	0.938
MPP-MEP__hashtag2-SRR16208966	hashtag2-SRR16208966	NYU-1	P14	0.966
MultiLin-GMP-1__hashtag2-SRR16208966	hashtag2-SRR16208966	NYU-1	P3	0.969
Multilin-1__hashtag2-SRR16208966	hashtag2-SRR16208966	NYU-1	P3	0.957
NK-Mature__hashtag2-SRR16208966	hashtag2-SRR16208966	NYU-1	P5	0.928
Non-Classical Mono-2__hashtag2-SRR16208966	hashtag2-SRR16208966	NYU-1	P3	0.966
Plasma Cell__hashtag2-SRR16208966	hashtag2-SRR16208966	NYU-1	P6	0.975
CD8 TEM__hashtag2-SRR16208967	hashtag2-SRR16208967	NYU-1	P6	0.955
ERP-1__hashtag2-SRR16208967	hashtag2-SRR16208967	NYU-1	P14	0.935
ERP-2__hashtag2-SRR16208967	hashtag2-SRR16208967	NYU-1	P14	0.928
Intermediate Mono-1__hashtag2-SRR16208967	hashtag2-SRR16208967	NYU-1	P3	0.949
Intermediate Mono-3__hashtag2-SRR16208967	hashtag2-SRR16208967	NYU-1	P3	0.944
LMPP-1-cycling__hashtag2-SRR16208967	hashtag2-SRR16208967	NYU-1	P8	0.961
LMPP-2__hashtag2-SRR16208967	hashtag2-SRR16208967	NYU-1	P14	0.955
MDP-1__hashtag2-SRR16208967	hashtag2-SRR16208967	NYU-1	P14	0.939
MEP-1__hashtag2-SRR16208967	hashtag2-SRR16208967	NYU-1	P14	0.954
MEP-2__hashtag2-SRR16208967	hashtag2-SRR16208967	NYU-1	P14	0.959
MEP-Eryth-2__hashtag2-SRR16208967	hashtag2-SRR16208967	NYU-1	P14	0.951
MKP-early__hashtag2-SRR16208967	hashtag2-SRR16208967	NYU-1	P14	0.928
MPP-MEP__hashtag2-SRR16208967	hashtag2-SRR16208967	NYU-1	P14	0.966
MultiLin-GMP-1__hashtag2-SRR16208967	hashtag2-SRR16208967	NYU-1	P8	0.966
Multilin-1__hashtag2-SRR16208967	hashtag2-SRR16208967	NYU-1	P3	0.956
NK-Mature__hashtag2-SRR16208967	hashtag2-SRR16208967	NYU-1	P8	0.92
Non-Classical Mono-2__hashtag2-SRR16208967	hashtag2-SRR16208967	NYU-1	P3	0.96
Plasma Cell__hashtag2-SRR16208967	hashtag2-SRR16208967	NYU-1	P3	0.968
B Memory-1__hashtag3-SRR16208949	hashtag3-SRR16208949	NYU-1	P2	0.976
CD4 TCM__hashtag3-SRR16208949	hashtag3-SRR16208949	NYU-1	P8	0.969
CD8 TEM__hashtag3-SRR16208949	hashtag3-SRR16208949	NYU-1	P2	0.979
ERP-8__hashtag3-SRR16208949	hashtag3-SRR16208949	NYU-1	P7	0.982
Erythroblast-1__hashtag3-SRR16208949	hashtag3-SRR16208949	NYU-1	P7	0.98
Erythroblast-3__hashtag3-SRR16208949	hashtag3-SRR16208949	NYU-1	P8	0.96
Intermediate Mono-1__hashtag3-SRR16208949	hashtag3-SRR16208949	NYU-1	P8	0.919
Intermediate Mono-3__hashtag3-SRR16208949	hashtag3-SRR16208949	NYU-1	P8	0.936
MAIT__hashtag3-SRR16208949	hashtag3-SRR16208949	NYU-1	P8	0.961
NK-Mature__hashtag3-SRR16208949	hashtag3-SRR16208949	NYU-1	P2	0.976
Non-Classical Mono-1__hashtag3-SRR16208949	hashtag3-SRR16208949	NYU-1	P8	0.86
T CD4 Activated__hashtag3-SRR16208949	hashtag3-SRR16208949	NYU-1	P8	0.968
T CD4 Naive-1__hashtag3-SRR16208949	hashtag3-SRR16208949	NYU-1	P8	0.963
B Memory-1__hashtag3-SRR16208950	hashtag3-SRR16208950	NYU-1	P2	0.973
CD4 TCM__hashtag3-SRR16208950	hashtag3-SRR16208950	NYU-1	P8	0.958
CD8 TEM__hashtag3-SRR16208950	hashtag3-SRR16208950	NYU-1	P2	0.979
ERP-8__hashtag3-SRR16208950	hashtag3-SRR16208950	NYU-1	P7	0.98
Erythroblast-1__hashtag3-SRR16208950	hashtag3-SRR16208950	NYU-1	P7	0.972
Erythroblast-3__hashtag3-SRR16208950	hashtag3-SRR16208950	NYU-1	P8	0.963
Intermediate Mono-1__hashtag3-SRR16208950	hashtag3-SRR16208950	NYU-1	P8	0.928
Intermediate Mono-3__hashtag3-SRR16208950	hashtag3-SRR16208950	NYU-1	P8	0.938
MAIT__hashtag3-SRR16208950	hashtag3-SRR16208950	NYU-1	P8	0.957
NK-Mature__hashtag3-SRR16208950	hashtag3-SRR16208950	NYU-1	P2	0.974
Non-Classical Mono-1__hashtag3-SRR16208950	hashtag3-SRR16208950	NYU-1	P8	0.874
T CD4 Activated__hashtag3-SRR16208950	hashtag3-SRR16208950	NYU-1	P8	0.965
T CD4 Naive-1__hashtag3-SRR16208950	hashtag3-SRR16208950	NYU-1	P6	0.967
B Memory-1__hashtag3-SRR16208957	hashtag3-SRR16208957	NYU-1	P3	0.98
B Memory-2__hashtag3-SRR16208957	hashtag3-SRR16208957	NYU-1	P8	0.964
CD4 TCM__hashtag3-SRR16208957	hashtag3-SRR16208957	NYU-1	P8	0.978
CD8 TEM__hashtag3-SRR16208957	hashtag3-SRR16208957	NYU-1	P8	0.97
Erythroblast-3__hashtag3-SRR16208957	hashtag3-SRR16208957	NYU-1	P8	0.94
Intermediate Mono-1__hashtag3-SRR16208957	hashtag3-SRR16208957	NYU-1	P3	0.96
MAIT__hashtag3-SRR16208957	hashtag3-SRR16208957	NYU-1	P8	0.975
MPP-MEP__hashtag3-SRR16208957	hashtag3-SRR16208957	NYU-1	P14	0.938
NK-Mature__hashtag3-SRR16208957	hashtag3-SRR16208957	NYU-1	P6	0.976
T CD4 Activated__hashtag3-SRR16208957	hashtag3-SRR16208957	NYU-1	P8	0.98
T CD4 Naive-1__hashtag3-SRR16208957	hashtag3-SRR16208957	NYU-1	P8	0.974
B Memory-1__hashtag3-SRR16208959	hashtag3-SRR16208959	NYU-1	P2	0.988
B Memory-2__hashtag3-SRR16208959	hashtag3-SRR16208959	NYU-1	P7	0.979
CD4 TCM__hashtag3-SRR16208959	hashtag3-SRR16208959	NYU-1	P8	0.932
CD8 TEM__hashtag3-SRR16208959	hashtag3-SRR16208959	NYU-1	P2	0.959
Erythroblast-3__hashtag3-SRR16208959	hashtag3-SRR16208959	NYU-1	P8	0.955
LMPP-2__hashtag3-SRR16208959	hashtag3-SRR16208959	NYU-1	P8	0.903
MAIT__hashtag3-SRR16208959	hashtag3-SRR16208959	NYU-1	P2	0.959
MDP-1__hashtag3-SRR16208959	hashtag3-SRR16208959	NYU-1	P12	0.902
MDP-2__hashtag3-SRR16208959	hashtag3-SRR16208959	NYU-1	P7	0.931
MEP-2__hashtag3-SRR16208959	hashtag3-SRR16208959	NYU-1	P6	0.943
MEP-Eryth-2__hashtag3-SRR16208959	hashtag3-SRR16208959	NYU-1	P7	0.911
MPP-MEP__hashtag3-SRR16208959	hashtag3-SRR16208959	NYU-1	P8	0.957
MultiLin-GMP-1__hashtag3-SRR16208959	hashtag3-SRR16208959	NYU-1	P8	0.94
NK-Mature__hashtag3-SRR16208959	hashtag3-SRR16208959	NYU-1	P7	0.98
Plasma Cell__hashtag3-SRR16208959	hashtag3-SRR16208959	NYU-1	P7	0.949
T CD4 Naive-1__hashtag3-SRR16208959	hashtag3-SRR16208959	NYU-1	P2	0.972
T CD4 Naive-2__hashtag3-SRR16208959	hashtag3-SRR16208959	NYU-1	P6	0.946
T CD8 Naive__hashtag3-SRR16208959	hashtag3-SRR16208959	NYU-1	P7	0.966
cDC1__hashtag3-SRR16208959	hashtag3-SRR16208959	NYU-1	P7	0.932
B Memory-1__hashtag3-SRR16208965	hashtag3-SRR16208965	NYU-1	P6	0.982
CD4 TCM__hashtag3-SRR16208965	hashtag3-SRR16208965	NYU-1	P8	0.981
CD8 TEM__hashtag3-SRR16208965	hashtag3-SRR16208965	NYU-1	P8	0.985
ERP-1__hashtag3-SRR16208965	hashtag3-SRR16208965	NYU-1	P6	0.96
ERP-8__hashtag3-SRR16208965	hashtag3-SRR16208965	NYU-1	P6	0.976
Erythroblast-1__hashtag3-SRR16208965	hashtag3-SRR16208965	NYU-1	P6	0.971
Intermediate Mono-1__hashtag3-SRR16208965	hashtag3-SRR16208965	NYU-1	P3	0.941
MAIT__hashtag3-SRR16208965	hashtag3-SRR16208965	NYU-1	P8	0.986
MEP-2__hashtag3-SRR16208965	hashtag3-SRR16208965	NYU-1	P14	0.966
MPP-MEP__hashtag3-SRR16208965	hashtag3-SRR16208965	NYU-1	P14	0.966
MultiLin-GMP-1__hashtag3-SRR16208965	hashtag3-SRR16208965	NYU-1	P1	0.962
NK-Mature__hashtag3-SRR16208965	hashtag3-SRR16208965	NYU-1	P6	0.984
T CD4 Activated__hashtag3-SRR16208965	hashtag3-SRR16208965	NYU-1	P6	0.98
T CD4 Naive-1__hashtag3-SRR16208965	hashtag3-SRR16208965	NYU-1	P8	0.966
preNeu__hashtag3-SRR16208965	hashtag3-SRR16208965	NYU-1	P14	0.936
B Memory-1__hashtag3-SRR16208966	hashtag3-SRR16208966	NYU-1	P6	0.983
CD4 TCM__hashtag3-SRR16208966	hashtag3-SRR16208966	NYU-1	P8	0.982
CD8 TEM__hashtag3-SRR16208966	hashtag3-SRR16208966	NYU-1	P8	0.984
ERP-8__hashtag3-SRR16208966	hashtag3-SRR16208966	NYU-1	P6	0.976
Erythroblast-1__hashtag3-SRR16208966	hashtag3-SRR16208966	NYU-1	P6	0.968
MAIT__hashtag3-SRR16208966	hashtag3-SRR16208966	NYU-1	P8	0.985
MEP-2__hashtag3-SRR16208966	hashtag3-SRR16208966	NYU-1	P14	0.97
MPP-MEP__hashtag3-SRR16208966	hashtag3-SRR16208966	NYU-1	P14	0.97
MultiLin-GMP-1__hashtag3-SRR16208966	hashtag3-SRR16208966	NYU-1	P1	0.962
NK-Mature__hashtag3-SRR16208966	hashtag3-SRR16208966	NYU-1	P6	0.984
T CD4 Activated__hashtag3-SRR16208966	hashtag3-SRR16208966	NYU-1	P3	0.976
T CD4 Naive-1__hashtag3-SRR16208966	hashtag3-SRR16208966	NYU-1	P8	0.972
preNeu__hashtag3-SRR16208966	hashtag3-SRR16208966	NYU-1	P0	0.933
B Memory-1__hashtag3-SRR16208967	hashtag3-SRR16208967	NYU-1	P6	0.984
CD4 TCM__hashtag3-SRR16208967	hashtag3-SRR16208967	NYU-1	P8	0.982
CD8 TEM__hashtag3-SRR16208967	hashtag3-SRR16208967	NYU-1	P8	0.984
ERP-8__hashtag3-SRR16208967	hashtag3-SRR16208967	NYU-1	P6	0.975
Erythroblast-1__hashtag3-SRR16208967	hashtag3-SRR16208967	NYU-1	P6	0.971
Intermediate Mono-1__hashtag3-SRR16208967	hashtag3-SRR16208967	NYU-1	P6	0.946
LMPP-2__hashtag3-SRR16208967	hashtag3-SRR16208967	NYU-1	P6	0.959
MAIT__hashtag3-SRR16208967	hashtag3-SRR16208967	NYU-1	P8	0.986
MEP-2__hashtag3-SRR16208967	hashtag3-SRR16208967	NYU-1	P8	0.974
MPP-MEP__hashtag3-SRR16208967	hashtag3-SRR16208967	NYU-1	P14	0.967
MultiLin-GMP-1__hashtag3-SRR16208967	hashtag3-SRR16208967	NYU-1	P1	0.961
Myeloid intermediate 1__hashtag3-SRR16208967	hashtag3-SRR16208967	NYU-1	P14	0.922
NK-Mature__hashtag3-SRR16208967	hashtag3-SRR16208967	NYU-1	P6	0.984
T CD4 Activated__hashtag3-SRR16208967	hashtag3-SRR16208967	NYU-1	P3	0.977
T CD4 Naive-1__hashtag3-SRR16208967	hashtag3-SRR16208967	NYU-1	P6	0.972
preNeu__hashtag3-SRR16208967	hashtag3-SRR16208967	NYU-1	P14	0.937
B Memory-1__hashtag4-SRR16208949	hashtag4-SRR16208949	NYU-1	P7	0.985
B Memory-2__hashtag4-SRR16208949	hashtag4-SRR16208949	NYU-1	P7	0.953
CD4 TCM__hashtag4-SRR16208949	hashtag4-SRR16208949	NYU-1	P6	0.979
CD8 TEM__hashtag4-SRR16208949	hashtag4-SRR16208949	NYU-1	P2	0.98
Classical-Mono__hashtag4-SRR16208949	hashtag4-SRR16208949	NYU-1	P8	0.969
ERP-7__hashtag4-SRR16208949	hashtag4-SRR16208949	NYU-1	P7	0.985
ERP-8__hashtag4-SRR16208949	hashtag4-SRR16208949	NYU-1	P7	0.986
Erythroblast-1__hashtag4-SRR16208949	hashtag4-SRR16208949	NYU-1	P7	0.973
Erythroblast-3__hashtag4-SRR16208949	hashtag4-SRR16208949	NYU-1	P8	0.965
Intermediate Mono-1__hashtag4-SRR16208949	hashtag4-SRR16208949	NYU-1	P7	0.984
Intermediate Mono-2__hashtag4-SRR16208949	hashtag4-SRR16208949	NYU-1	P7	0.972
Intermediate Mono-3__hashtag4-SRR16208949	hashtag4-SRR16208949	NYU-1	P0	0.972
MAIT__hashtag4-SRR16208949	hashtag4-SRR16208949	NYU-1	P7	0.967
MultiLin-GMP-1__hashtag4-SRR16208949	hashtag4-SRR16208949	NYU-1	P14	0.958
NK-Mature__hashtag4-SRR16208949	hashtag4-SRR16208949	NYU-1	P2	0.971
Non-Classical Mono-1__hashtag4-SRR16208949	hashtag4-SRR16208949	NYU-1	P8	0.891
Non-Classical Mono-2__hashtag4-SRR16208949	hashtag4-SRR16208949	NYU-1	P2	0.957
Plasma Cell__hashtag4-SRR16208949	hashtag4-SRR16208949	NYU-1	P7	0.983
T CD4 Activated__hashtag4-SRR16208949	hashtag4-SRR16208949	NYU-1	P8	0.961
T CD4 Naive-1__hashtag4-SRR16208949	hashtag4-SRR16208949	NYU-1	P3	0.968
cDC2-2__hashtag4-SRR16208949	hashtag4-SRR16208949	NYU-1	P7	0.972
B Memory-1__hashtag4-SRR16208950	hashtag4-SRR16208950	NYU-1	P7	0.986
B Memory-2__hashtag4-SRR16208950	hashtag4-SRR16208950	NYU-1	P7	0.958
CD4 TCM__hashtag4-SRR16208950	hashtag4-SRR16208950	NYU-1	P2	0.983
CD8 TEM__hashtag4-SRR16208950	hashtag4-SRR16208950	NYU-1	P2	0.98
Classical-Mono__hashtag4-SRR16208950	hashtag4-SRR16208950	NYU-1	P8	0.966
ERP-5__hashtag4-SRR16208950	hashtag4-SRR16208950	NYU-1	P7	0.979
ERP-8__hashtag4-SRR16208950	hashtag4-SRR16208950	NYU-1	P7	0.985
Erythroblast-1__hashtag4-SRR16208950	hashtag4-SRR16208950	NYU-1	P7	0.979
Erythroblast-3__hashtag4-SRR16208950	hashtag4-SRR16208950	NYU-1	P8	0.968
Intermediate Mono-1__hashtag4-SRR16208950	hashtag4-SRR16208950	NYU-1	P7	0.984
Intermediate Mono-2__hashtag4-SRR16208950	hashtag4-SRR16208950	NYU-1	P7	0.968
Intermediate Mono-3__hashtag4-SRR16208950	hashtag4-SRR16208950	NYU-1	P0	0.974
MAIT__hashtag4-SRR16208950	hashtag4-SRR16208950	NYU-1	P2	0.971
MultiLin-GMP-1__hashtag4-SRR16208950	hashtag4-SRR16208950	NYU-1	P10	0.955
NK-Mature__hashtag4-SRR16208950	hashtag4-SRR16208950	NYU-1	P2	0.971
Non-Classical Mono-1__hashtag4-SRR16208950	hashtag4-SRR16208950	NYU-1	P8	0.896
Non-Classical Mono-2__hashtag4-SRR16208950	hashtag4-SRR16208950	NYU-1	P2	0.957
Plasma Cell__hashtag4-SRR16208950	hashtag4-SRR16208950	NYU-1	P7	0.984
T CD4 Activated__hashtag4-SRR16208950	hashtag4-SRR16208950	NYU-1	P3	0.95
T CD4 Naive-1__hashtag4-SRR16208950	hashtag4-SRR16208950	NYU-1	P8	0.963
cDC2-2__hashtag4-SRR16208950	hashtag4-SRR16208950	NYU-1	P7	0.967
pDC__hashtag4-SRR16208950	hashtag4-SRR16208950	NYU-1	P7	0.958
preNeu__hashtag4-SRR16208950	hashtag4-SRR16208950	NYU-1	P14	0.956
B Memory-1__hashtag4-SRR16208958	hashtag4-SRR16208958	NYU-1	P6	0.982
B Memory-2__hashtag4-SRR16208958	hashtag4-SRR16208958	NYU-1	P6	0.979
CD4 TCM__hashtag4-SRR16208958	hashtag4-SRR16208958	NYU-1	P3	0.924
CD8 TEM__hashtag4-SRR16208958	hashtag4-SRR16208958	NYU-1	P6	0.93
Classical-Mono__hashtag4-SRR16208958	hashtag4-SRR16208958	NYU-1	P6	0.968
Intermediate Mono-1__hashtag4-SRR16208958	hashtag4-SRR16208958	NYU-1	P6	0.98
Intermediate Mono-3__hashtag4-SRR16208958	hashtag4-SRR16208958	NYU-1	P6	0.991
LMPP-2__hashtag4-SRR16208958	hashtag4-SRR16208958	NYU-1	P6	0.991
MDP-1__hashtag4-SRR16208958	hashtag4-SRR16208958	NYU-1	P6	0.954
MPP-MEP__hashtag4-SRR16208958	hashtag4-SRR16208958	NYU-1	P8	0.925
Mono-2__hashtag4-SRR16208958	hashtag4-SRR16208958	NYU-1	P6	0.966
MultiLin-GMP-1__hashtag4-SRR16208958	hashtag4-SRR16208958	NYU-1	P8	0.962
Myeloid intermediate 2__hashtag4-SRR16208958	hashtag4-SRR16208958	NYU-1	P8	0.911
NK-Mature__hashtag4-SRR16208958	hashtag4-SRR16208958	NYU-1	P8	0.962
Non-Classical Mono-2__hashtag4-SRR16208958	hashtag4-SRR16208958	NYU-1	P8	0.933
T CD4 Naive-1__hashtag4-SRR16208958	hashtag4-SRR16208958	NYU-1	P2	0.924
cDC1__hashtag4-SRR16208958	hashtag4-SRR16208958	NYU-1	P8	0.946
B Memory-1__hashtag4-SRR16208964	hashtag4-SRR16208964	NYU-1	P6	0.984
B Memory-2__hashtag4-SRR16208964	hashtag4-SRR16208964	NYU-1	P0	0.969
CD4 TCM__hashtag4-SRR16208964	hashtag4-SRR16208964	NYU-1	P3	0.919
CD8 TEM__hashtag4-SRR16208964	hashtag4-SRR16208964	NYU-1	P6	0.95
Classical-Mono__hashtag4-SRR16208964	hashtag4-SRR16208964	NYU-1	P6	0.974
Intermediate Mono-1__hashtag4-SRR16208964	hashtag4-SRR16208964	NYU-1	P6	0.982
Intermediate Mono-3__hashtag4-SRR16208964	hashtag4-SRR16208964	NYU-1	P6	0.987
LMPP-2__hashtag4-SRR16208964	hashtag4-SRR16208964	NYU-1	P6	0.99
MDP-1__hashtag4-SRR16208964	hashtag4-SRR16208964	NYU-1	P8	0.929
MPP-MEP__hashtag4-SRR16208964	hashtag4-SRR16208964	NYU-1	P14	0.927
Mono-2__hashtag4-SRR16208964	hashtag4-SRR16208964	NYU-1	P6	0.974
MultiLin-GMP-1__hashtag4-SRR16208964	hashtag4-SRR16208964	NYU-1	P8	0.957
Multilin-1__hashtag4-SRR16208964	hashtag4-SRR16208964	NYU-1	P8	0.949
NK-Mature__hashtag4-SRR16208964	hashtag4-SRR16208964	NYU-1	P2	0.962
Non-Classical Mono-2__hashtag4-SRR16208964	hashtag4-SRR16208964	NYU-1	P0	0.951
T CD4 Naive-1__hashtag4-SRR16208964	hashtag4-SRR16208964	NYU-1	P2	0.93
B Memory-1__hashtag4-SRR16208965	hashtag4-SRR16208965	NYU-1	P3	0.964
CD4 TCM__hashtag4-SRR16208965	hashtag4-SRR16208965	NYU-1	P3	0.935
CD8 TEM__hashtag4-SRR16208965	hashtag4-SRR16208965	NYU-1	P3	0.971
ERP-7__hashtag4-SRR16208965	hashtag4-SRR16208965	NYU-1	P6	0.963
ERP-8__hashtag4-SRR16208965	hashtag4-SRR16208965	NYU-1	P6	0.963
HSC-1__hashtag4-SRR16208965	hashtag4-SRR16208965	NYU-1	P3	0.927
Intermediate Mono-1__hashtag4-SRR16208965	hashtag4-SRR16208965	NYU-1	P3	0.952
Intermediate Mono-3__hashtag4-SRR16208965	hashtag4-SRR16208965	NYU-1	P3	0.953
LMPP-2__hashtag4-SRR16208965	hashtag4-SRR16208965	NYU-1	P3	0.964
MAIT__hashtag4-SRR16208965	hashtag4-SRR16208965	NYU-1	P8	0.922
MDP-1__hashtag4-SRR16208965	hashtag4-SRR16208965	NYU-1	P3	0.942
MEP-2__hashtag4-SRR16208965	hashtag4-SRR16208965	NYU-1	P3	0.968
MPP-MEP__hashtag4-SRR16208965	hashtag4-SRR16208965	NYU-1	P3	0.965
MultiLin-GMP-1__hashtag4-SRR16208965	hashtag4-SRR16208965	NYU-1	P3	0.955
NK-Mature__hashtag4-SRR16208965	hashtag4-SRR16208965	NYU-1	P3	0.964
T CD4 Activated__hashtag4-SRR16208965	hashtag4-SRR16208965	NYU-1	P3	0.961
B Memory-1__hashtag4-SRR16208966	hashtag4-SRR16208966	NYU-1	P3	0.964
CD4 TCM__hashtag4-SRR16208966	hashtag4-SRR16208966	NYU-1	P3	0.915
CD8 TEM__hashtag4-SRR16208966	hashtag4-SRR16208966	NYU-1	P3	0.97
ERP-7__hashtag4-SRR16208966	hashtag4-SRR16208966	NYU-1	P6	0.958
ERP-8__hashtag4-SRR16208966	hashtag4-SRR16208966	NYU-1	P6	0.974
HSC-1__hashtag4-SRR16208966	hashtag4-SRR16208966	NYU-1	P3	0.911
Intermediate Mono-1__hashtag4-SRR16208966	hashtag4-SRR16208966	NYU-1	P3	0.95
LMPP-2__hashtag4-SRR16208966	hashtag4-SRR16208966	NYU-1	P3	0.961
MDP-1__hashtag4-SRR16208966	hashtag4-SRR16208966	NYU-1	P3	0.921
MEP-2__hashtag4-SRR16208966	hashtag4-SRR16208966	NYU-1	P14	0.969
MPP-MEP__hashtag4-SRR16208966	hashtag4-SRR16208966	NYU-1	P3	0.966
MultiLin-GMP-1__hashtag4-SRR16208966	hashtag4-SRR16208966	NYU-1	P3	0.956
NK-Mature__hashtag4-SRR16208966	hashtag4-SRR16208966	NYU-1	P3	0.965
T CD4 Activated__hashtag4-SRR16208966	hashtag4-SRR16208966	NYU-1	P3	0.953
cDC2-2__hashtag4-SRR16208966	hashtag4-SRR16208966	NYU-1	P3	0.94
preNeu__hashtag4-SRR16208966	hashtag4-SRR16208966	NYU-1	P1	0.936
B Memory-1__hashtag4-SRR16208967	hashtag4-SRR16208967	NYU-1	P3	0.964
CD4 TCM__hashtag4-SRR16208967	hashtag4-SRR16208967	NYU-1	P3	0.946
CD8 TEM__hashtag4-SRR16208967	hashtag4-SRR16208967	NYU-1	P3	0.968
ERP-7__hashtag4-SRR16208967	hashtag4-SRR16208967	NYU-1	P6	0.966
ERP-8__hashtag4-SRR16208967	hashtag4-SRR16208967	NYU-1	P6	0.972
HSC-1__hashtag4-SRR16208967	hashtag4-SRR16208967	NYU-1	P3	0.929
Intermediate Mono-1__hashtag4-SRR16208967	hashtag4-SRR16208967	NYU-1	P3	0.944
Intermediate Mono-3__hashtag4-SRR16208967	hashtag4-SRR16208967	NYU-1	P3	0.941
LMPP-2__hashtag4-SRR16208967	hashtag4-SRR16208967	NYU-1	P3	0.964
MAIT__hashtag4-SRR16208967	hashtag4-SRR16208967	NYU-1	P3	0.932
MDP-1__hashtag4-SRR16208967	hashtag4-SRR16208967	NYU-1	P3	0.944
MEP-2__hashtag4-SRR16208967	hashtag4-SRR16208967	NYU-1	P14	0.968
MPP-MEP__hashtag4-SRR16208967	hashtag4-SRR16208967	NYU-1	P3	0.967
MultiLin-GMP-1__hashtag4-SRR16208967	hashtag4-SRR16208967	NYU-1	P3	0.955
NK-Mature__hashtag4-SRR16208967	hashtag4-SRR16208967	NYU-1	P3	0.97
T CD4 Activated__hashtag4-SRR16208967	hashtag4-SRR16208967	NYU-1	P3	0.96
cDC2-2__hashtag4-SRR16208967	hashtag4-SRR16208967	NYU-1	P3	0.937
B Memory-1__hashtag5-SRR16208965	hashtag5-SRR16208965	NYU-1	P3	0.975
CD4 TCM__hashtag5-SRR16208965	hashtag5-SRR16208965	NYU-1	P8	0.968
CD8 TEM__hashtag5-SRR16208965	hashtag5-SRR16208965	NYU-1	P8	0.983
ERP-7__hashtag5-SRR16208965	hashtag5-SRR16208965	NYU-1	P6	0.976
ERP-8__hashtag5-SRR16208965	hashtag5-SRR16208965	NYU-1	P6	0.987
Erythroblast-1__hashtag5-SRR16208965	hashtag5-SRR16208965	NYU-1	P6	0.97
Intermediate Mono-1__hashtag5-SRR16208965	hashtag5-SRR16208965	NYU-1	P8	0.955
Intermediate Mono-3__hashtag5-SRR16208965	hashtag5-SRR16208965	NYU-1	P3	0.942
LMPP-1__hashtag5-SRR16208965	hashtag5-SRR16208965	NYU-1	P1	0.951
LMPP-1-cycling__hashtag5-SRR16208965	hashtag5-SRR16208965	NYU-1	P3	0.97
LMPP-2__hashtag5-SRR16208965	hashtag5-SRR16208965	NYU-1	P14	0.962
MAIT__hashtag5-SRR16208965	hashtag5-SRR16208965	NYU-1	P8	0.962
MDP-1__hashtag5-SRR16208965	hashtag5-SRR16208965	NYU-1	P14	0.922
MEP-2__hashtag5-SRR16208965	hashtag5-SRR16208965	NYU-1	P14	0.963
MPP-MEP__hashtag5-SRR16208965	hashtag5-SRR16208965	NYU-1	P14	0.973
MultiLin-GMP-1__hashtag5-SRR16208965	hashtag5-SRR16208965	NYU-1	P1	0.961
MultiLin-GMP-2__hashtag5-SRR16208965	hashtag5-SRR16208965	NYU-1	P1	0.963
MultiLin-GMP-3__hashtag5-SRR16208965	hashtag5-SRR16208965	NYU-1	P3	0.953
Multilin-1__hashtag5-SRR16208965	hashtag5-SRR16208965	NYU-1	P3	0.969
Myeloid intermediate 1__hashtag5-SRR16208965	hashtag5-SRR16208965	NYU-1	P0	0.94
Myeloid intermediate 2__hashtag5-SRR16208965	hashtag5-SRR16208965	NYU-1	P3	0.93
Myeloid intermediate 3__hashtag5-SRR16208965	hashtag5-SRR16208965	NYU-1	P14	0.951
NK-Mature__hashtag5-SRR16208965	hashtag5-SRR16208965	NYU-1	P6	0.975
Plasma Cell__hashtag5-SRR16208965	hashtag5-SRR16208965	NYU-1	P8	0.971
T CD4 Activated__hashtag5-SRR16208965	hashtag5-SRR16208965	NYU-1	P8	0.963
T CD4 Naive-1__hashtag5-SRR16208965	hashtag5-SRR16208965	NYU-1	P3	0.953
pre-DC-2__hashtag5-SRR16208965	hashtag5-SRR16208965	NYU-1	P3	0.945
preNeu__hashtag5-SRR16208965	hashtag5-SRR16208965	NYU-1	P14	0.971
B Memory-1__hashtag5-SRR16208966	hashtag5-SRR16208966	NYU-1	P3	0.976
CD4 TCM__hashtag5-SRR16208966	hashtag5-SRR16208966	NYU-1	P3	0.965
CD8 TEM__hashtag5-SRR16208966	hashtag5-SRR16208966	NYU-1	P8	0.982
ERP-7__hashtag5-SRR16208966	hashtag5-SRR16208966	NYU-1	P6	0.977
ERP-8__hashtag5-SRR16208966	hashtag5-SRR16208966	NYU-1	P6	0.986
Erythroblast-1__hashtag5-SRR16208966	hashtag5-SRR16208966	NYU-1	P8	0.97
Intermediate Mono-1__hashtag5-SRR16208966	hashtag5-SRR16208966	NYU-1	P8	0.954
Intermediate Mono-3__hashtag5-SRR16208966	hashtag5-SRR16208966	NYU-1	P14	0.953
LMPP-1__hashtag5-SRR16208966	hashtag5-SRR16208966	NYU-1	P14	0.955
LMPP-1-cycling__hashtag5-SRR16208966	hashtag5-SRR16208966	NYU-1	P14	0.973
LMPP-2__hashtag5-SRR16208966	hashtag5-SRR16208966	NYU-1	P14	0.972
MAIT__hashtag5-SRR16208966	hashtag5-SRR16208966	NYU-1	P8	0.965
MEP-2__hashtag5-SRR16208966	hashtag5-SRR16208966	NYU-1	P8	0.966
MPP-1__hashtag5-SRR16208966	hashtag5-SRR16208966	NYU-1	P8	0.947
MPP-MEP__hashtag5-SRR16208966	hashtag5-SRR16208966	NYU-1	P14	0.974
MultiLin-GMP-1__hashtag5-SRR16208966	hashtag5-SRR16208966	NYU-1	P1	0.964
MultiLin-GMP-2__hashtag5-SRR16208966	hashtag5-SRR16208966	NYU-1	P1	0.964
Multilin-1__hashtag5-SRR16208966	hashtag5-SRR16208966	NYU-1	P3	0.969
Myeloid intermediate 1__hashtag5-SRR16208966	hashtag5-SRR16208966	NYU-1	P14	0.949
Myeloid intermediate 2__hashtag5-SRR16208966	hashtag5-SRR16208966	NYU-1	P14	0.952
Myeloid intermediate 3__hashtag5-SRR16208966	hashtag5-SRR16208966	NYU-1	P14	0.951
NK-Mature__hashtag5-SRR16208966	hashtag5-SRR16208966	NYU-1	P6	0.97
Plasma Cell__hashtag5-SRR16208966	hashtag5-SRR16208966	NYU-1	P6	0.967
T CD4 Activated__hashtag5-SRR16208966	hashtag5-SRR16208966	NYU-1	P6	0.961
T CD4 Naive-1__hashtag5-SRR16208966	hashtag5-SRR16208966	NYU-1	P3	0.949
preNeu__hashtag5-SRR16208966	hashtag5-SRR16208966	NYU-1	P14	0.97
B Memory-1__hashtag5-SRR16208967	hashtag5-SRR16208967	NYU-1	P3	0.976
CD4 TCM__hashtag5-SRR16208967	hashtag5-SRR16208967	NYU-1	P8	0.973
CD8 TEM__hashtag5-SRR16208967	hashtag5-SRR16208967	NYU-1	P8	0.98
ERP-8__hashtag5-SRR16208967	hashtag5-SRR16208967	NYU-1	P6	0.978
Intermediate Mono-1__hashtag5-SRR16208967	hashtag5-SRR16208967	NYU-1	P3	0.956
Intermediate Mono-3__hashtag5-SRR16208967	hashtag5-SRR16208967	NYU-1	P14	0.938
LMPP-1-cycling__hashtag5-SRR16208967	hashtag5-SRR16208967	NYU-1	P3	0.969
LMPP-2__hashtag5-SRR16208967	hashtag5-SRR16208967	NYU-1	P14	0.97
MAIT__hashtag5-SRR16208967	hashtag5-SRR16208967	NYU-1	P8	0.964
MEP-2__hashtag5-SRR16208967	hashtag5-SRR16208967	NYU-1	P14	0.968
MPP-1__hashtag5-SRR16208967	hashtag5-SRR16208967	NYU-1	P14	0.961
MPP-MEP__hashtag5-SRR16208967	hashtag5-SRR16208967	NYU-1	P14	0.973
MultiLin-GMP-1__hashtag5-SRR16208967	hashtag5-SRR16208967	NYU-1	P1	0.96
MultiLin-GMP-2__hashtag5-SRR16208967	hashtag5-SRR16208967	NYU-1	P3	0.958
Multilin-1__hashtag5-SRR16208967	hashtag5-SRR16208967	NYU-1	P3	0.967
Myeloid intermediate 1__hashtag5-SRR16208967	hashtag5-SRR16208967	NYU-1	P14	0.948
Myeloid intermediate 2__hashtag5-SRR16208967	hashtag5-SRR16208967	NYU-1	P14	0.947
Myeloid intermediate 3__hashtag5-SRR16208967	hashtag5-SRR16208967	NYU-1	P14	0.947
NK-Mature__hashtag5-SRR16208967	hashtag5-SRR16208967	NYU-1	P3	0.976
T CD4 Activated__hashtag5-SRR16208967	hashtag5-SRR16208967	NYU-1	P8	0.97
T CD4 Naive-1__hashtag5-SRR16208967	hashtag5-SRR16208967	NYU-1	P3	0.944
preNeu__hashtag5-SRR16208967	hashtag5-SRR16208967	NYU-1	P14	0.966
B Memory-1__hashtag6-SRR16208965	hashtag6-SRR16208965	NYU-1	P3	0.964
CD4 TCM__hashtag6-SRR16208965	hashtag6-SRR16208965	NYU-1	P3	0.959
CD8 TEM__hashtag6-SRR16208965	hashtag6-SRR16208965	NYU-1	P3	0.965
ERP-8__hashtag6-SRR16208965	hashtag6-SRR16208965	NYU-1	P14	0.977
Intermediate Mono-3__hashtag6-SRR16208965	hashtag6-SRR16208965	NYU-1	P3	0.937
LMPP-2__hashtag6-SRR16208965	hashtag6-SRR16208965	NYU-1	P3	0.956
MAIT__hashtag6-SRR16208965	hashtag6-SRR16208965	NYU-1	P3	0.94
MDP-1__hashtag6-SRR16208965	hashtag6-SRR16208965	NYU-1	P3	0.948
MEP-2__hashtag6-SRR16208965	hashtag6-SRR16208965	NYU-1	P14	0.96
MPP-MEP__hashtag6-SRR16208965	hashtag6-SRR16208965	NYU-1	P14	0.958
MultiLin-GMP-1__hashtag6-SRR16208965	hashtag6-SRR16208965	NYU-1	P3	0.951
Myeloid intermediate 1__hashtag6-SRR16208965	hashtag6-SRR16208965	NYU-1	P3	0.926
Myeloid intermediate 3__hashtag6-SRR16208965	hashtag6-SRR16208965	NYU-1	P3	0.926
NK-Mature__hashtag6-SRR16208965	hashtag6-SRR16208965	NYU-1	P3	0.963
T CD4 Activated__hashtag6-SRR16208965	hashtag6-SRR16208965	NYU-1	P3	0.94
T CD4 Naive-1__hashtag6-SRR16208965	hashtag6-SRR16208965	NYU-1	P3	0.945
preNeu__hashtag6-SRR16208965	hashtag6-SRR16208965	NYU-1	P1	0.93
B Memory-1__hashtag6-SRR16208966	hashtag6-SRR16208966	NYU-1	P3	0.962
CD4 TCM__hashtag6-SRR16208966	hashtag6-SRR16208966	NYU-1	P3	0.951
CD8 TEM__hashtag6-SRR16208966	hashtag6-SRR16208966	NYU-1	P8	0.961
Intermediate Mono-3__hashtag6-SRR16208966	hashtag6-SRR16208966	NYU-1	P3	0.916
LMPP-2__hashtag6-SRR16208966	hashtag6-SRR16208966	NYU-1	P3	0.954
MAIT__hashtag6-SRR16208966	hashtag6-SRR16208966	NYU-1	P8	0.95
MDP-1__hashtag6-SRR16208966	hashtag6-SRR16208966	NYU-1	P3	0.951
MEP-2__hashtag6-SRR16208966	hashtag6-SRR16208966	NYU-1	P14	0.97
MPP-MEP__hashtag6-SRR16208966	hashtag6-SRR16208966	NYU-1	P14	0.956
MultiLin-GMP-1__hashtag6-SRR16208966	hashtag6-SRR16208966	NYU-1	P3	0.952
Myeloid intermediate 1__hashtag6-SRR16208966	hashtag6-SRR16208966	NYU-1	P3	0.926
NK-Mature__hashtag6-SRR16208966	hashtag6-SRR16208966	NYU-1	P3	0.96
T CD4 Activated__hashtag6-SRR16208966	hashtag6-SRR16208966	NYU-1	P3	0.943
T CD4 Naive-1__hashtag6-SRR16208966	hashtag6-SRR16208966	NYU-1	P3	0.948
preNeu__hashtag6-SRR16208966	hashtag6-SRR16208966	NYU-1	P14	0.934
B Memory-1__hashtag6-SRR16208967	hashtag6-SRR16208967	NYU-1	P3	0.968
CD4 TCM__hashtag6-SRR16208967	hashtag6-SRR16208967	NYU-1	P8	0.963
CD8 TEM__hashtag6-SRR16208967	hashtag6-SRR16208967	NYU-1	P3	0.967
Intermediate Mono-3__hashtag6-SRR16208967	hashtag6-SRR16208967	NYU-1	P3	0.942
LMPP-2__hashtag6-SRR16208967	hashtag6-SRR16208967	NYU-1	P3	0.954
MAIT__hashtag6-SRR16208967	hashtag6-SRR16208967	NYU-1	P8	0.961
MDP-1__hashtag6-SRR16208967	hashtag6-SRR16208967	NYU-1	P3	0.945
MEP-2__hashtag6-SRR16208967	hashtag6-SRR16208967	NYU-1	P3	0.967
MPP-MEP__hashtag6-SRR16208967	hashtag6-SRR16208967	NYU-1	P14	0.957
MultiLin-GMP-1__hashtag6-SRR16208967	hashtag6-SRR16208967	NYU-1	P3	0.952
Myeloid intermediate 1__hashtag6-SRR16208967	hashtag6-SRR16208967	NYU-1	P14	0.933
Myeloid intermediate 3__hashtag6-SRR16208967	hashtag6-SRR16208967	NYU-1	P3	0.941
NK-Mature__hashtag6-SRR16208967	hashtag6-SRR16208967	NYU-1	P3	0.962
T CD4 Activated__hashtag6-SRR16208967	hashtag6-SRR16208967	NYU-1	P3	0.951
T CD4 Naive-1__hashtag6-SRR16208967	hashtag6-SRR16208967	NYU-1	P3	0.95
