SampleID	PredictedClass	PrimitiveStates	MonocyticStates	InputParsedClass	Prob_m-LSC	Threshold_m-LSC	Prob_p+m-LSC	Threshold_p+m-LSC	Prob_p-LSC	Threshold_p-LSC
3v2:GSM3901485	p-LSC	Multilin-2|LMPP-1-cycling|LMPP-1|MultiLin-GMP-2|MultiLin-GMP-3|LMPP-2|MultiLin-GMP-1|BMCP-1|MEP-2|Multilin-1|preNeu|CLP|MEP-1|MPP-MEP|Pro-B-3|cDC2-2|pre-DC-3	Intermediate Mono-3|Mono-2|Mono-1|pre-DC-2|Erythroblast-3|cDC1|Intermediate Mono-2|T CD8 Naive|Intermediate Mono-1|cMOP|ERP-8|Myeloid intermediate 3|T CD4 Naive-1|MAIT|MDP-6|pre-DC-1|ERP-7|Erythroblast-2|Classical-Mono|CD8 TEM		5.57351373900712e-06	0.6825553528824917	0.00019929488071076726	0.402269752687216	0.9997951316055502	0.356827232167182
3v2:GSM3901486	p-LSC	Multilin-2|LMPP-1-cycling|LMPP-1|MultiLin-GMP-2|MultiLin-GMP-3|LMPP-2|MultiLin-GMP-1|BMCP-1|MEP-2|Multilin-1|preNeu|CLP|MEP-1|MPP-MEP|Pro-B-3|cDC2-2|pre-DC-3	Intermediate Mono-3|Mono-2|Mono-1|pre-DC-2|Erythroblast-3|cDC1|Intermediate Mono-2|T CD8 Naive|Intermediate Mono-1|cMOP|ERP-8|Myeloid intermediate 3|T CD4 Naive-1|MAIT|MDP-6|pre-DC-1|ERP-7|Erythroblast-2|Classical-Mono|CD8 TEM		7.372906482662908e-06	0.6825553528824917	0.00017586749711160605	0.402269752687216	0.9998167595964058	0.356827232167182
3v2:GSM3901487	p-LSC	Multilin-2|LMPP-1-cycling|LMPP-1|MultiLin-GMP-2|MultiLin-GMP-3|LMPP-2|MultiLin-GMP-1|BMCP-1|MEP-2|Multilin-1|preNeu|CLP|MEP-1|MPP-MEP|Pro-B-3|cDC2-2|pre-DC-3	Intermediate Mono-3|Mono-2|Mono-1|pre-DC-2|Erythroblast-3|cDC1|Intermediate Mono-2|T CD8 Naive|Intermediate Mono-1|cMOP|ERP-8|Myeloid intermediate 3|T CD4 Naive-1|MAIT|MDP-6|pre-DC-1|ERP-7|Erythroblast-2|Classical-Mono|CD8 TEM		4.612010696956602e-07	0.6825553528824917	3.43368376136918e-05	0.402269752687216	0.9999652019613167	0.356827232167182
3v2:GSM3901488	p-LSC	Multilin-2|LMPP-1-cycling|LMPP-1|MultiLin-GMP-2|MultiLin-GMP-3|LMPP-2|MultiLin-GMP-1|BMCP-1|MEP-2|Multilin-1|preNeu|CLP|MEP-1|MPP-MEP|Pro-B-3|cDC2-2|pre-DC-3	Intermediate Mono-3|Mono-2|Mono-1|pre-DC-2|Erythroblast-3|cDC1|Intermediate Mono-2|T CD8 Naive|Intermediate Mono-1|cMOP|ERP-8|Myeloid intermediate 3|T CD4 Naive-1|MAIT|MDP-6|pre-DC-1|ERP-7|Erythroblast-2|Classical-Mono|CD8 TEM		4.629074367440712e-06	0.6825553528824917	0.0005065568413574886	0.402269752687216	0.999488814084275	0.356827232167182
3v2:GSM4874417	m-LSC	Multilin-2|LMPP-1-cycling|LMPP-1|MultiLin-GMP-2|MultiLin-GMP-3|LMPP-2|MultiLin-GMP-1|BMCP-1|MEP-2|Multilin-1|preNeu|CLP|MEP-1|MPP-MEP|Pro-B-3|cDC2-2|pre-DC-3	Intermediate Mono-3|Mono-2|Mono-1|pre-DC-2|Erythroblast-3|cDC1|Intermediate Mono-2|T CD8 Naive|Intermediate Mono-1|cMOP|ERP-8|Myeloid intermediate 3|T CD4 Naive-1|MAIT|MDP-6|pre-DC-1|ERP-7|Erythroblast-2|Classical-Mono|CD8 TEM		0.714475713279177	0.6825553528824917	0.19576761845914298	0.402269752687216	0.08975666826167993	0.356827232167182
3v3:adult_bone_marrow_1	p-LSC	Multilin-2|LMPP-1-cycling|LMPP-1|MultiLin-GMP-2|MultiLin-GMP-3|LMPP-2|MultiLin-GMP-1|BMCP-1|MEP-2|Multilin-1|preNeu|CLP|MEP-1|MPP-MEP|Pro-B-3|cDC2-2|pre-DC-3	Intermediate Mono-3|Mono-2|Mono-1|pre-DC-2|Erythroblast-3|cDC1|Intermediate Mono-2|T CD8 Naive|Intermediate Mono-1|cMOP|ERP-8|Myeloid intermediate 3|T CD4 Naive-1|MAIT|MDP-6|pre-DC-1|ERP-7|Erythroblast-2|Classical-Mono|CD8 TEM		6.711837748303874e-05	0.6825553528824917	0.00274434379174274	0.402269752687216	0.9971885378307741	0.356827232167182
CCHMC:0018_Af_N1c	p+m-LSC	Multilin-2|LMPP-1-cycling|LMPP-1|MultiLin-GMP-2|MultiLin-GMP-3|LMPP-2|MultiLin-GMP-1|BMCP-1|MEP-2|Multilin-1|preNeu|CLP|MEP-1|MPP-MEP|Pro-B-3|cDC2-2|pre-DC-3	Intermediate Mono-3|Mono-2|Mono-1|pre-DC-2|Erythroblast-3|cDC1|Intermediate Mono-2|T CD8 Naive|Intermediate Mono-1|cMOP|ERP-8|Myeloid intermediate 3|T CD4 Naive-1|MAIT|MDP-6|pre-DC-1|ERP-7|Erythroblast-2|Classical-Mono|CD8 TEM		0.0011291695680626995	0.6825553528824917	0.5780427267333503	0.402269752687216	0.420828103698587	0.356827232167182
CCHMC:0316_E_N1c	p-LSC	Multilin-2|LMPP-1-cycling|LMPP-1|MultiLin-GMP-2|MultiLin-GMP-3|LMPP-2|MultiLin-GMP-1|BMCP-1|MEP-2|Multilin-1|preNeu|CLP|MEP-1|MPP-MEP|Pro-B-3|cDC2-2|pre-DC-3	Intermediate Mono-3|Mono-2|Mono-1|pre-DC-2|Erythroblast-3|cDC1|Intermediate Mono-2|T CD8 Naive|Intermediate Mono-1|cMOP|ERP-8|Myeloid intermediate 3|T CD4 Naive-1|MAIT|MDP-6|pre-DC-1|ERP-7|Erythroblast-2|Classical-Mono|CD8 TEM		4.584007902795931e-05	0.6825553528824917	0.09293494229717048	0.402269752687216	0.9070192176238016	0.356827232167182
CCHMC:0817_E_N1c	p+m-LSC	Multilin-2|LMPP-1-cycling|LMPP-1|MultiLin-GMP-2|MultiLin-GMP-3|LMPP-2|MultiLin-GMP-1|BMCP-1|MEP-2|Multilin-1|preNeu|CLP|MEP-1|MPP-MEP|Pro-B-3|cDC2-2|pre-DC-3	Intermediate Mono-3|Mono-2|Mono-1|pre-DC-2|Erythroblast-3|cDC1|Intermediate Mono-2|T CD8 Naive|Intermediate Mono-1|cMOP|ERP-8|Myeloid intermediate 3|T CD4 Naive-1|MAIT|MDP-6|pre-DC-1|ERP-7|Erythroblast-2|Classical-Mono|CD8 TEM		0.08021896598874953	0.6825553528824917	0.6263270257454185	0.402269752687216	0.2934540082658319	0.356827232167182
CCHMC:1009_AfInv16_29M	p-LSC	Multilin-2|LMPP-1-cycling|LMPP-1|MultiLin-GMP-2|MultiLin-GMP-3|LMPP-2|MultiLin-GMP-1|BMCP-1|MEP-2|Multilin-1|preNeu|CLP|MEP-1|MPP-MEP|Pro-B-3|cDC2-2|pre-DC-3	Intermediate Mono-3|Mono-2|Mono-1|pre-DC-2|Erythroblast-3|cDC1|Intermediate Mono-2|T CD8 Naive|Intermediate Mono-1|cMOP|ERP-8|Myeloid intermediate 3|T CD4 Naive-1|MAIT|MDP-6|pre-DC-1|ERP-7|Erythroblast-2|Classical-Mono|CD8 TEM		0.0512175810201858	0.6825553528824917	0.46389401650038153	0.402269752687216	0.4848884024794326	0.356827232167182
CCHMC:1036_EInv16_22M	p-LSC	Multilin-2|LMPP-1-cycling|LMPP-1|MultiLin-GMP-2|MultiLin-GMP-3|LMPP-2|MultiLin-GMP-1|BMCP-1|MEP-2|Multilin-1|preNeu|CLP|MEP-1|MPP-MEP|Pro-B-3|cDC2-2|pre-DC-3	Intermediate Mono-3|Mono-2|Mono-1|pre-DC-2|Erythroblast-3|cDC1|Intermediate Mono-2|T CD8 Naive|Intermediate Mono-1|cMOP|ERP-8|Myeloid intermediate 3|T CD4 Naive-1|MAIT|MDP-6|pre-DC-1|ERP-7|Erythroblast-2|Classical-Mono|CD8 TEM		0.0827690458267424	0.6825553528824917	0.2552737563654432	0.402269752687216	0.6619571978078144	0.356827232167182
CCHMC:1060_EInv16_19M	p-LSC	Multilin-2|LMPP-1-cycling|LMPP-1|MultiLin-GMP-2|MultiLin-GMP-3|LMPP-2|MultiLin-GMP-1|BMCP-1|MEP-2|Multilin-1|preNeu|CLP|MEP-1|MPP-MEP|Pro-B-3|cDC2-2|pre-DC-3	Intermediate Mono-3|Mono-2|Mono-1|pre-DC-2|Erythroblast-3|cDC1|Intermediate Mono-2|T CD8 Naive|Intermediate Mono-1|cMOP|ERP-8|Myeloid intermediate 3|T CD4 Naive-1|MAIT|MDP-6|pre-DC-1|ERP-7|Erythroblast-2|Classical-Mono|CD8 TEM		0.00028787917520045186	0.6825553528824917	0.06691587022590564	0.402269752687216	0.932796250598894	0.356827232167182
CCHMC:1076_AfInv16_51M	p-LSC	Multilin-2|LMPP-1-cycling|LMPP-1|MultiLin-GMP-2|MultiLin-GMP-3|LMPP-2|MultiLin-GMP-1|BMCP-1|MEP-2|Multilin-1|preNeu|CLP|MEP-1|MPP-MEP|Pro-B-3|cDC2-2|pre-DC-3	Intermediate Mono-3|Mono-2|Mono-1|pre-DC-2|Erythroblast-3|cDC1|Intermediate Mono-2|T CD8 Naive|Intermediate Mono-1|cMOP|ERP-8|Myeloid intermediate 3|T CD4 Naive-1|MAIT|MDP-6|pre-DC-1|ERP-7|Erythroblast-2|Classical-Mono|CD8 TEM		0.00038909970740327724	0.6825553528824917	0.022735301307491036	0.402269752687216	0.9768755989851058	0.356827232167182
CCHMC:1102_E_N1c	p+m-LSC	Multilin-2|LMPP-1-cycling|LMPP-1|MultiLin-GMP-2|MultiLin-GMP-3|LMPP-2|MultiLin-GMP-1|BMCP-1|MEP-2|Multilin-1|preNeu|CLP|MEP-1|MPP-MEP|Pro-B-3|cDC2-2|pre-DC-3	Intermediate Mono-3|Mono-2|Mono-1|pre-DC-2|Erythroblast-3|cDC1|Intermediate Mono-2|T CD8 Naive|Intermediate Mono-1|cMOP|ERP-8|Myeloid intermediate 3|T CD4 Naive-1|MAIT|MDP-6|pre-DC-1|ERP-7|Erythroblast-2|Classical-Mono|CD8 TEM		0.1631267863069455	0.6825553528824917	0.6421130330301098	0.402269752687216	0.19476018066294473	0.356827232167182
CCHMC:1147_EInv16_44M	p-LSC	Multilin-2|LMPP-1-cycling|LMPP-1|MultiLin-GMP-2|MultiLin-GMP-3|LMPP-2|MultiLin-GMP-1|BMCP-1|MEP-2|Multilin-1|preNeu|CLP|MEP-1|MPP-MEP|Pro-B-3|cDC2-2|pre-DC-3	Intermediate Mono-3|Mono-2|Mono-1|pre-DC-2|Erythroblast-3|cDC1|Intermediate Mono-2|T CD8 Naive|Intermediate Mono-1|cMOP|ERP-8|Myeloid intermediate 3|T CD4 Naive-1|MAIT|MDP-6|pre-DC-1|ERP-7|Erythroblast-2|Classical-Mono|CD8 TEM		7.319648488409031e-05	0.6825553528824917	0.0012294355917090972	0.402269752687216	0.9986973679234069	0.356827232167182
CCHMC:1239_EST8_44M_N1c	p-LSC	Multilin-2|LMPP-1-cycling|LMPP-1|MultiLin-GMP-2|MultiLin-GMP-3|LMPP-2|MultiLin-GMP-1|BMCP-1|MEP-2|Multilin-1|preNeu|CLP|MEP-1|MPP-MEP|Pro-B-3|cDC2-2|pre-DC-3	Intermediate Mono-3|Mono-2|Mono-1|pre-DC-2|Erythroblast-3|cDC1|Intermediate Mono-2|T CD8 Naive|Intermediate Mono-1|cMOP|ERP-8|Myeloid intermediate 3|T CD4 Naive-1|MAIT|MDP-6|pre-DC-1|ERP-7|Erythroblast-2|Classical-Mono|CD8 TEM		6.512151268951542e-05	0.6825553528824917	0.011245211650009617	0.402269752687216	0.9886896668373009	0.356827232167182
CCHMC:143_AfST8_P64M	p-LSC	Multilin-2|LMPP-1-cycling|LMPP-1|MultiLin-GMP-2|MultiLin-GMP-3|LMPP-2|MultiLin-GMP-1|BMCP-1|MEP-2|Multilin-1|preNeu|CLP|MEP-1|MPP-MEP|Pro-B-3|cDC2-2|pre-DC-3	Intermediate Mono-3|Mono-2|Mono-1|pre-DC-2|Erythroblast-3|cDC1|Intermediate Mono-2|T CD8 Naive|Intermediate Mono-1|cMOP|ERP-8|Myeloid intermediate 3|T CD4 Naive-1|MAIT|MDP-6|pre-DC-1|ERP-7|Erythroblast-2|Classical-Mono|CD8 TEM		0.0003596364406819343	0.6825553528824917	0.2600228049762459	0.402269752687216	0.7396175585830722	0.356827232167182
CCHMC:1702-Et922-66F	p-LSC	Multilin-2|LMPP-1-cycling|LMPP-1|MultiLin-GMP-2|MultiLin-GMP-3|LMPP-2|MultiLin-GMP-1|BMCP-1|MEP-2|Multilin-1|preNeu|CLP|MEP-1|MPP-MEP|Pro-B-3|cDC2-2|pre-DC-3	Intermediate Mono-3|Mono-2|Mono-1|pre-DC-2|Erythroblast-3|cDC1|Intermediate Mono-2|T CD8 Naive|Intermediate Mono-1|cMOP|ERP-8|Myeloid intermediate 3|T CD4 Naive-1|MAIT|MDP-6|pre-DC-1|ERP-7|Erythroblast-2|Classical-Mono|CD8 TEM		0.00018177914475120632	0.6825553528824917	0.00801604458765062	0.402269752687216	0.9918021762675981	0.356827232167182
CCHMC:171_Af_N1c	p-LSC	Multilin-2|LMPP-1-cycling|LMPP-1|MultiLin-GMP-2|MultiLin-GMP-3|LMPP-2|MultiLin-GMP-1|BMCP-1|MEP-2|Multilin-1|preNeu|CLP|MEP-1|MPP-MEP|Pro-B-3|cDC2-2|pre-DC-3	Intermediate Mono-3|Mono-2|Mono-1|pre-DC-2|Erythroblast-3|cDC1|Intermediate Mono-2|T CD8 Naive|Intermediate Mono-1|cMOP|ERP-8|Myeloid intermediate 3|T CD4 Naive-1|MAIT|MDP-6|pre-DC-1|ERP-7|Erythroblast-2|Classical-Mono|CD8 TEM		5.252568308601518e-05	0.6825553528824917	0.18788586555760328	0.402269752687216	0.8120616087593107	0.356827232167182
CCHMC:1744_E_N1c	p+m-LSC	Multilin-2|LMPP-1-cycling|LMPP-1|MultiLin-GMP-2|MultiLin-GMP-3|LMPP-2|MultiLin-GMP-1|BMCP-1|MEP-2|Multilin-1|preNeu|CLP|MEP-1|MPP-MEP|Pro-B-3|cDC2-2|pre-DC-3	Intermediate Mono-3|Mono-2|Mono-1|pre-DC-2|Erythroblast-3|cDC1|Intermediate Mono-2|T CD8 Naive|Intermediate Mono-1|cMOP|ERP-8|Myeloid intermediate 3|T CD4 Naive-1|MAIT|MDP-6|pre-DC-1|ERP-7|Erythroblast-2|Classical-Mono|CD8 TEM		0.0003485372735400928	0.6825553528824917	0.5116042586594657	0.402269752687216	0.48804720406699426	0.356827232167182
CCHMC:1782_Aft36_P71F	p-LSC	Multilin-2|LMPP-1-cycling|LMPP-1|MultiLin-GMP-2|MultiLin-GMP-3|LMPP-2|MultiLin-GMP-1|BMCP-1|MEP-2|Multilin-1|preNeu|CLP|MEP-1|MPP-MEP|Pro-B-3|cDC2-2|pre-DC-3	Intermediate Mono-3|Mono-2|Mono-1|pre-DC-2|Erythroblast-3|cDC1|Intermediate Mono-2|T CD8 Naive|Intermediate Mono-1|cMOP|ERP-8|Myeloid intermediate 3|T CD4 Naive-1|MAIT|MDP-6|pre-DC-1|ERP-7|Erythroblast-2|Classical-Mono|CD8 TEM		4.1966475583325655e-05	0.6825553528824917	0.07121906872036747	0.402269752687216	0.9287389648040492	0.356827232167182
CCHMC:1827_Af_N1c	p+m-LSC	Multilin-2|LMPP-1-cycling|LMPP-1|MultiLin-GMP-2|MultiLin-GMP-3|LMPP-2|MultiLin-GMP-1|BMCP-1|MEP-2|Multilin-1|preNeu|CLP|MEP-1|MPP-MEP|Pro-B-3|cDC2-2|pre-DC-3	Intermediate Mono-3|Mono-2|Mono-1|pre-DC-2|Erythroblast-3|cDC1|Intermediate Mono-2|T CD8 Naive|Intermediate Mono-1|cMOP|ERP-8|Myeloid intermediate 3|T CD4 Naive-1|MAIT|MDP-6|pre-DC-1|ERP-7|Erythroblast-2|Classical-Mono|CD8 TEM		0.007108768631551503	0.6825553528824917	0.9037362925147596	0.402269752687216	0.08915493885368897	0.356827232167182
CCHMC:1893_Af_N1c	p-LSC	Multilin-2|LMPP-1-cycling|LMPP-1|MultiLin-GMP-2|MultiLin-GMP-3|LMPP-2|MultiLin-GMP-1|BMCP-1|MEP-2|Multilin-1|preNeu|CLP|MEP-1|MPP-MEP|Pro-B-3|cDC2-2|pre-DC-3	Intermediate Mono-3|Mono-2|Mono-1|pre-DC-2|Erythroblast-3|cDC1|Intermediate Mono-2|T CD8 Naive|Intermediate Mono-1|cMOP|ERP-8|Myeloid intermediate 3|T CD4 Naive-1|MAIT|MDP-6|pre-DC-1|ERP-7|Erythroblast-2|Classical-Mono|CD8 TEM		5.147036480457934e-05	0.6825553528824917	0.1879743771086723	0.402269752687216	0.8119741525265232	0.356827232167182
CCHMC:1906_Aft82_P36M	p-LSC	Multilin-2|LMPP-1-cycling|LMPP-1|MultiLin-GMP-2|MultiLin-GMP-3|LMPP-2|MultiLin-GMP-1|BMCP-1|MEP-2|Multilin-1|preNeu|CLP|MEP-1|MPP-MEP|Pro-B-3|cDC2-2|pre-DC-3	Intermediate Mono-3|Mono-2|Mono-1|pre-DC-2|Erythroblast-3|cDC1|Intermediate Mono-2|T CD8 Naive|Intermediate Mono-1|cMOP|ERP-8|Myeloid intermediate 3|T CD4 Naive-1|MAIT|MDP-6|pre-DC-1|ERP-7|Erythroblast-2|Classical-Mono|CD8 TEM		4.424671809919871e-05	0.6825553528824917	0.027565921434985978	0.402269752687216	0.9723898318469149	0.356827232167182
CCHMC:2140_E_N1c	p+m-LSC	Multilin-2|LMPP-1-cycling|LMPP-1|MultiLin-GMP-2|MultiLin-GMP-3|LMPP-2|MultiLin-GMP-1|BMCP-1|MEP-2|Multilin-1|preNeu|CLP|MEP-1|MPP-MEP|Pro-B-3|cDC2-2|pre-DC-3	Intermediate Mono-3|Mono-2|Mono-1|pre-DC-2|Erythroblast-3|cDC1|Intermediate Mono-2|T CD8 Naive|Intermediate Mono-1|cMOP|ERP-8|Myeloid intermediate 3|T CD4 Naive-1|MAIT|MDP-6|pre-DC-1|ERP-7|Erythroblast-2|Classical-Mono|CD8 TEM		0.31053068306982	0.6825553528824917	0.5366399911247609	0.402269752687216	0.15282932580541897	0.356827232167182
CCHMC:2270_Aft36_P71F	p-LSC	Multilin-2|LMPP-1-cycling|LMPP-1|MultiLin-GMP-2|MultiLin-GMP-3|LMPP-2|MultiLin-GMP-1|BMCP-1|MEP-2|Multilin-1|preNeu|CLP|MEP-1|MPP-MEP|Pro-B-3|cDC2-2|pre-DC-3	Intermediate Mono-3|Mono-2|Mono-1|pre-DC-2|Erythroblast-3|cDC1|Intermediate Mono-2|T CD8 Naive|Intermediate Mono-1|cMOP|ERP-8|Myeloid intermediate 3|T CD4 Naive-1|MAIT|MDP-6|pre-DC-1|ERP-7|Erythroblast-2|Classical-Mono|CD8 TEM		0.0006874058400874586	0.6825553528824917	0.016139648257504784	0.402269752687216	0.9831729459024079	0.356827232167182
CCHMC:2660_Ast82_38M	p-LSC	Multilin-2|LMPP-1-cycling|LMPP-1|MultiLin-GMP-2|MultiLin-GMP-3|LMPP-2|MultiLin-GMP-1|BMCP-1|MEP-2|Multilin-1|preNeu|CLP|MEP-1|MPP-MEP|Pro-B-3|cDC2-2|pre-DC-3	Intermediate Mono-3|Mono-2|Mono-1|pre-DC-2|Erythroblast-3|cDC1|Intermediate Mono-2|T CD8 Naive|Intermediate Mono-1|cMOP|ERP-8|Myeloid intermediate 3|T CD4 Naive-1|MAIT|MDP-6|pre-DC-1|ERP-7|Erythroblast-2|Classical-Mono|CD8 TEM		0.00042005368880823667	0.6825553528824917	0.045850426586687545	0.402269752687216	0.9537295197245044	0.356827232167182
CCHMC:2698_EInv16_P47M	p-LSC	Multilin-2|LMPP-1-cycling|LMPP-1|MultiLin-GMP-2|MultiLin-GMP-3|LMPP-2|MultiLin-GMP-1|BMCP-1|MEP-2|Multilin-1|preNeu|CLP|MEP-1|MPP-MEP|Pro-B-3|cDC2-2|pre-DC-3	Intermediate Mono-3|Mono-2|Mono-1|pre-DC-2|Erythroblast-3|cDC1|Intermediate Mono-2|T CD8 Naive|Intermediate Mono-1|cMOP|ERP-8|Myeloid intermediate 3|T CD4 Naive-1|MAIT|MDP-6|pre-DC-1|ERP-7|Erythroblast-2|Classical-Mono|CD8 TEM		0.0010826688864259987	0.6825553528824917	0.1353778625058836	0.402269752687216	0.8635394686076905	0.356827232167182
CCHMC:2853_Aft36_P71F	p-LSC	Multilin-2|LMPP-1-cycling|LMPP-1|MultiLin-GMP-2|MultiLin-GMP-3|LMPP-2|MultiLin-GMP-1|BMCP-1|MEP-2|Multilin-1|preNeu|CLP|MEP-1|MPP-MEP|Pro-B-3|cDC2-2|pre-DC-3	Intermediate Mono-3|Mono-2|Mono-1|pre-DC-2|Erythroblast-3|cDC1|Intermediate Mono-2|T CD8 Naive|Intermediate Mono-1|cMOP|ERP-8|Myeloid intermediate 3|T CD4 Naive-1|MAIT|MDP-6|pre-DC-1|ERP-7|Erythroblast-2|Classical-Mono|CD8 TEM		0.0004283991607610584	0.6825553528824917	0.00358407103446752	0.402269752687216	0.9959875298047713	0.356827232167182
CCHMC:287_AfInv_P53F_N1c	p-LSC	Multilin-2|LMPP-1-cycling|LMPP-1|MultiLin-GMP-2|MultiLin-GMP-3|LMPP-2|MultiLin-GMP-1|BMCP-1|MEP-2|Multilin-1|preNeu|CLP|MEP-1|MPP-MEP|Pro-B-3|cDC2-2|pre-DC-3	Intermediate Mono-3|Mono-2|Mono-1|pre-DC-2|Erythroblast-3|cDC1|Intermediate Mono-2|T CD8 Naive|Intermediate Mono-1|cMOP|ERP-8|Myeloid intermediate 3|T CD4 Naive-1|MAIT|MDP-6|pre-DC-1|ERP-7|Erythroblast-2|Classical-Mono|CD8 TEM		0.006031283554025688	0.6825553528824917	0.14208299725345652	0.402269752687216	0.8518857191925178	0.356827232167182
CCHMC:301_AfInv16_29M	p-LSC	Multilin-2|LMPP-1-cycling|LMPP-1|MultiLin-GMP-2|MultiLin-GMP-3|LMPP-2|MultiLin-GMP-1|BMCP-1|MEP-2|Multilin-1|preNeu|CLP|MEP-1|MPP-MEP|Pro-B-3|cDC2-2|pre-DC-3	Intermediate Mono-3|Mono-2|Mono-1|pre-DC-2|Erythroblast-3|cDC1|Intermediate Mono-2|T CD8 Naive|Intermediate Mono-1|cMOP|ERP-8|Myeloid intermediate 3|T CD4 Naive-1|MAIT|MDP-6|pre-DC-1|ERP-7|Erythroblast-2|Classical-Mono|CD8 TEM		0.000867348785455893	0.6825553528824917	0.12252939495745578	0.402269752687216	0.8766032562570883	0.356827232167182
CCHMC:3114_EInv_45F	p-LSC	Multilin-2|LMPP-1-cycling|LMPP-1|MultiLin-GMP-2|MultiLin-GMP-3|LMPP-2|MultiLin-GMP-1|BMCP-1|MEP-2|Multilin-1|preNeu|CLP|MEP-1|MPP-MEP|Pro-B-3|cDC2-2|pre-DC-3	Intermediate Mono-3|Mono-2|Mono-1|pre-DC-2|Erythroblast-3|cDC1|Intermediate Mono-2|T CD8 Naive|Intermediate Mono-1|cMOP|ERP-8|Myeloid intermediate 3|T CD4 Naive-1|MAIT|MDP-6|pre-DC-1|ERP-7|Erythroblast-2|Classical-Mono|CD8 TEM		0.0015147152677213627	0.6825553528824917	0.05256167347172287	0.402269752687216	0.9459236112605558	0.356827232167182
CCHMC:3410_AfST8_P64M	p-LSC	Multilin-2|LMPP-1-cycling|LMPP-1|MultiLin-GMP-2|MultiLin-GMP-3|LMPP-2|MultiLin-GMP-1|BMCP-1|MEP-2|Multilin-1|preNeu|CLP|MEP-1|MPP-MEP|Pro-B-3|cDC2-2|pre-DC-3	Intermediate Mono-3|Mono-2|Mono-1|pre-DC-2|Erythroblast-3|cDC1|Intermediate Mono-2|T CD8 Naive|Intermediate Mono-1|cMOP|ERP-8|Myeloid intermediate 3|T CD4 Naive-1|MAIT|MDP-6|pre-DC-1|ERP-7|Erythroblast-2|Classical-Mono|CD8 TEM		0.0005457753920996115	0.6825553528824917	0.317934736522521	0.402269752687216	0.6815194880853793	0.356827232167182
CCHMC:376_Af_N1c	p+m-LSC	Multilin-2|LMPP-1-cycling|LMPP-1|MultiLin-GMP-2|MultiLin-GMP-3|LMPP-2|MultiLin-GMP-1|BMCP-1|MEP-2|Multilin-1|preNeu|CLP|MEP-1|MPP-MEP|Pro-B-3|cDC2-2|pre-DC-3	Intermediate Mono-3|Mono-2|Mono-1|pre-DC-2|Erythroblast-3|cDC1|Intermediate Mono-2|T CD8 Naive|Intermediate Mono-1|cMOP|ERP-8|Myeloid intermediate 3|T CD4 Naive-1|MAIT|MDP-6|pre-DC-1|ERP-7|Erythroblast-2|Classical-Mono|CD8 TEM		0.007750122571653659	0.6825553528824917	0.6526525371975563	0.402269752687216	0.33959734023078997	0.356827232167182
CCHMC:4440_AfInv16_P24M	p-LSC	Multilin-2|LMPP-1-cycling|LMPP-1|MultiLin-GMP-2|MultiLin-GMP-3|LMPP-2|MultiLin-GMP-1|BMCP-1|MEP-2|Multilin-1|preNeu|CLP|MEP-1|MPP-MEP|Pro-B-3|cDC2-2|pre-DC-3	Intermediate Mono-3|Mono-2|Mono-1|pre-DC-2|Erythroblast-3|cDC1|Intermediate Mono-2|T CD8 Naive|Intermediate Mono-1|cMOP|ERP-8|Myeloid intermediate 3|T CD4 Naive-1|MAIT|MDP-6|pre-DC-1|ERP-7|Erythroblast-2|Classical-Mono|CD8 TEM		0.0013562578148519691	0.6825553528824917	0.05043528143609288	0.402269752687216	0.9482084607490552	0.356827232167182
CCHMC:4924_AfInv16_P49M	p-LSC	Multilin-2|LMPP-1-cycling|LMPP-1|MultiLin-GMP-2|MultiLin-GMP-3|LMPP-2|MultiLin-GMP-1|BMCP-1|MEP-2|Multilin-1|preNeu|CLP|MEP-1|MPP-MEP|Pro-B-3|cDC2-2|pre-DC-3	Intermediate Mono-3|Mono-2|Mono-1|pre-DC-2|Erythroblast-3|cDC1|Intermediate Mono-2|T CD8 Naive|Intermediate Mono-1|cMOP|ERP-8|Myeloid intermediate 3|T CD4 Naive-1|MAIT|MDP-6|pre-DC-1|ERP-7|Erythroblast-2|Classical-Mono|CD8 TEM		3.2680744466046344e-05	0.6825553528824917	0.1722202388613986	0.402269752687216	0.8277470803941354	0.356827232167182
CCHMC:5381v2_AfInv16_P49M	p-LSC	Multilin-2|LMPP-1-cycling|LMPP-1|MultiLin-GMP-2|MultiLin-GMP-3|LMPP-2|MultiLin-GMP-1|BMCP-1|MEP-2|Multilin-1|preNeu|CLP|MEP-1|MPP-MEP|Pro-B-3|cDC2-2|pre-DC-3	Intermediate Mono-3|Mono-2|Mono-1|pre-DC-2|Erythroblast-3|cDC1|Intermediate Mono-2|T CD8 Naive|Intermediate Mono-1|cMOP|ERP-8|Myeloid intermediate 3|T CD4 Naive-1|MAIT|MDP-6|pre-DC-1|ERP-7|Erythroblast-2|Classical-Mono|CD8 TEM		0.0024325427003859717	0.6825553528824917	0.11182197653492773	0.402269752687216	0.8857454807646864	0.356827232167182
CCHMC:550_EInv16_38M	p-LSC	Multilin-2|LMPP-1-cycling|LMPP-1|MultiLin-GMP-2|MultiLin-GMP-3|LMPP-2|MultiLin-GMP-1|BMCP-1|MEP-2|Multilin-1|preNeu|CLP|MEP-1|MPP-MEP|Pro-B-3|cDC2-2|pre-DC-3	Intermediate Mono-3|Mono-2|Mono-1|pre-DC-2|Erythroblast-3|cDC1|Intermediate Mono-2|T CD8 Naive|Intermediate Mono-1|cMOP|ERP-8|Myeloid intermediate 3|T CD4 Naive-1|MAIT|MDP-6|pre-DC-1|ERP-7|Erythroblast-2|Classical-Mono|CD8 TEM		0.034725667158501373	0.6825553528824917	0.18274825535954528	0.402269752687216	0.7825260774819534	0.356827232167182
CCHMC:562_AfInv16_25F	NULL	Multilin-2|LMPP-1-cycling|LMPP-1|MultiLin-GMP-2|MultiLin-GMP-3|LMPP-2|MultiLin-GMP-1|BMCP-1|MEP-2|Multilin-1|preNeu|CLP|MEP-1|MPP-MEP|Pro-B-3|cDC2-2|pre-DC-3	Intermediate Mono-3|Mono-2|Mono-1|pre-DC-2|Erythroblast-3|cDC1|Intermediate Mono-2|T CD8 Naive|Intermediate Mono-1|cMOP|ERP-8|Myeloid intermediate 3|T CD4 Naive-1|MAIT|MDP-6|pre-DC-1|ERP-7|Erythroblast-2|Classical-Mono|CD8 TEM		0.4766452324115514	0.6825553528824917	0.30438062861080073	0.402269752687216	0.21897413897764795	0.356827232167182
CCHMC:568_AfInv16_P24M	p-LSC	Multilin-2|LMPP-1-cycling|LMPP-1|MultiLin-GMP-2|MultiLin-GMP-3|LMPP-2|MultiLin-GMP-1|BMCP-1|MEP-2|Multilin-1|preNeu|CLP|MEP-1|MPP-MEP|Pro-B-3|cDC2-2|pre-DC-3	Intermediate Mono-3|Mono-2|Mono-1|pre-DC-2|Erythroblast-3|cDC1|Intermediate Mono-2|T CD8 Naive|Intermediate Mono-1|cMOP|ERP-8|Myeloid intermediate 3|T CD4 Naive-1|MAIT|MDP-6|pre-DC-1|ERP-7|Erythroblast-2|Classical-Mono|CD8 TEM		0.0004367659762574271	0.6825553528824917	0.020623134556268394	0.402269752687216	0.9789400994674742	0.356827232167182
CCHMC:596_E_N1c	p-LSC	Multilin-2|LMPP-1-cycling|LMPP-1|MultiLin-GMP-2|MultiLin-GMP-3|LMPP-2|MultiLin-GMP-1|BMCP-1|MEP-2|Multilin-1|preNeu|CLP|MEP-1|MPP-MEP|Pro-B-3|cDC2-2|pre-DC-3	Intermediate Mono-3|Mono-2|Mono-1|pre-DC-2|Erythroblast-3|cDC1|Intermediate Mono-2|T CD8 Naive|Intermediate Mono-1|cMOP|ERP-8|Myeloid intermediate 3|T CD4 Naive-1|MAIT|MDP-6|pre-DC-1|ERP-7|Erythroblast-2|Classical-Mono|CD8 TEM		0.0014114044221670897	0.6825553528824917	0.14880532127648216	0.402269752687216	0.8497832743013507	0.356827232167182
CCHMC:727_EInv16_35M	p-LSC	Multilin-2|LMPP-1-cycling|LMPP-1|MultiLin-GMP-2|MultiLin-GMP-3|LMPP-2|MultiLin-GMP-1|BMCP-1|MEP-2|Multilin-1|preNeu|CLP|MEP-1|MPP-MEP|Pro-B-3|cDC2-2|pre-DC-3	Intermediate Mono-3|Mono-2|Mono-1|pre-DC-2|Erythroblast-3|cDC1|Intermediate Mono-2|T CD8 Naive|Intermediate Mono-1|cMOP|ERP-8|Myeloid intermediate 3|T CD4 Naive-1|MAIT|MDP-6|pre-DC-1|ERP-7|Erythroblast-2|Classical-Mono|CD8 TEM		0.2776101125772307	0.6825553528824917	0.23158976017513885	0.402269752687216	0.4908001272476304	0.356827232167182
CCHMC:754_EInv16_47M	p-LSC	Multilin-2|LMPP-1-cycling|LMPP-1|MultiLin-GMP-2|MultiLin-GMP-3|LMPP-2|MultiLin-GMP-1|BMCP-1|MEP-2|Multilin-1|preNeu|CLP|MEP-1|MPP-MEP|Pro-B-3|cDC2-2|pre-DC-3	Intermediate Mono-3|Mono-2|Mono-1|pre-DC-2|Erythroblast-3|cDC1|Intermediate Mono-2|T CD8 Naive|Intermediate Mono-1|cMOP|ERP-8|Myeloid intermediate 3|T CD4 Naive-1|MAIT|MDP-6|pre-DC-1|ERP-7|Erythroblast-2|Classical-Mono|CD8 TEM		0.0007283911478136271	0.6825553528824917	0.14340575032073008	0.402269752687216	0.8558658585314562	0.356827232167182
CCHMC:98-31_AfInv16_34F	m-LSC	Multilin-2|LMPP-1-cycling|LMPP-1|MultiLin-GMP-2|MultiLin-GMP-3|LMPP-2|MultiLin-GMP-1|BMCP-1|MEP-2|Multilin-1|preNeu|CLP|MEP-1|MPP-MEP|Pro-B-3|cDC2-2|pre-DC-3	Intermediate Mono-3|Mono-2|Mono-1|pre-DC-2|Erythroblast-3|cDC1|Intermediate Mono-2|T CD8 Naive|Intermediate Mono-1|cMOP|ERP-8|Myeloid intermediate 3|T CD4 Naive-1|MAIT|MDP-6|pre-DC-1|ERP-7|Erythroblast-2|Classical-Mono|CD8 TEM		0.757581243657284	0.6825553528824917	0.20434658156872557	0.402269752687216	0.03807217477399047	0.356827232167182
CCHMC:AM72	p-LSC	Multilin-2|LMPP-1-cycling|LMPP-1|MultiLin-GMP-2|MultiLin-GMP-3|LMPP-2|MultiLin-GMP-1|BMCP-1|MEP-2|Multilin-1|preNeu|CLP|MEP-1|MPP-MEP|Pro-B-3|cDC2-2|pre-DC-3	Intermediate Mono-3|Mono-2|Mono-1|pre-DC-2|Erythroblast-3|cDC1|Intermediate Mono-2|T CD8 Naive|Intermediate Mono-1|cMOP|ERP-8|Myeloid intermediate 3|T CD4 Naive-1|MAIT|MDP-6|pre-DC-1|ERP-7|Erythroblast-2|Classical-Mono|CD8 TEM		0.004622910111140618	0.6825553528824917	0.037289314954949956	0.402269752687216	0.9580877749339095	0.356827232167182
CCHMC:AML-12_CCHMC	p+m-LSC	Multilin-2|LMPP-1-cycling|LMPP-1|MultiLin-GMP-2|MultiLin-GMP-3|LMPP-2|MultiLin-GMP-1|BMCP-1|MEP-2|Multilin-1|preNeu|CLP|MEP-1|MPP-MEP|Pro-B-3|cDC2-2|pre-DC-3	Intermediate Mono-3|Mono-2|Mono-1|pre-DC-2|Erythroblast-3|cDC1|Intermediate Mono-2|T CD8 Naive|Intermediate Mono-1|cMOP|ERP-8|Myeloid intermediate 3|T CD4 Naive-1|MAIT|MDP-6|pre-DC-1|ERP-7|Erythroblast-2|Classical-Mono|CD8 TEM		0.027825367423821853	0.6825553528824917	0.5591279892378093	0.402269752687216	0.4130466433383688	0.356827232167182
CCHMC:AML-14_CCHMC	p-LSC	Multilin-2|LMPP-1-cycling|LMPP-1|MultiLin-GMP-2|MultiLin-GMP-3|LMPP-2|MultiLin-GMP-1|BMCP-1|MEP-2|Multilin-1|preNeu|CLP|MEP-1|MPP-MEP|Pro-B-3|cDC2-2|pre-DC-3	Intermediate Mono-3|Mono-2|Mono-1|pre-DC-2|Erythroblast-3|cDC1|Intermediate Mono-2|T CD8 Naive|Intermediate Mono-1|cMOP|ERP-8|Myeloid intermediate 3|T CD4 Naive-1|MAIT|MDP-6|pre-DC-1|ERP-7|Erythroblast-2|Classical-Mono|CD8 TEM		0.0006975579555251695	0.6825553528824917	0.018218765802696883	0.402269752687216	0.9810836762417778	0.356827232167182
CCHMC:AML-7_CCHMC	p+m-LSC	Multilin-2|LMPP-1-cycling|LMPP-1|MultiLin-GMP-2|MultiLin-GMP-3|LMPP-2|MultiLin-GMP-1|BMCP-1|MEP-2|Multilin-1|preNeu|CLP|MEP-1|MPP-MEP|Pro-B-3|cDC2-2|pre-DC-3	Intermediate Mono-3|Mono-2|Mono-1|pre-DC-2|Erythroblast-3|cDC1|Intermediate Mono-2|T CD8 Naive|Intermediate Mono-1|cMOP|ERP-8|Myeloid intermediate 3|T CD4 Naive-1|MAIT|MDP-6|pre-DC-1|ERP-7|Erythroblast-2|Classical-Mono|CD8 TEM		0.01945537875172423	0.6825553528824917	0.49135199060515433	0.402269752687216	0.4891926306431214	0.356827232167182
CCHMC:BF21	p-LSC	Multilin-2|LMPP-1-cycling|LMPP-1|MultiLin-GMP-2|MultiLin-GMP-3|LMPP-2|MultiLin-GMP-1|BMCP-1|MEP-2|Multilin-1|preNeu|CLP|MEP-1|MPP-MEP|Pro-B-3|cDC2-2|pre-DC-3	Intermediate Mono-3|Mono-2|Mono-1|pre-DC-2|Erythroblast-3|cDC1|Intermediate Mono-2|T CD8 Naive|Intermediate Mono-1|cMOP|ERP-8|Myeloid intermediate 3|T CD4 Naive-1|MAIT|MDP-6|pre-DC-1|ERP-7|Erythroblast-2|Classical-Mono|CD8 TEM		0.003713841377766278	0.6825553528824917	0.046564197270035	0.402269752687216	0.9497219613521988	0.356827232167182
CCHMC:BF32	p-LSC	Multilin-2|LMPP-1-cycling|LMPP-1|MultiLin-GMP-2|MultiLin-GMP-3|LMPP-2|MultiLin-GMP-1|BMCP-1|MEP-2|Multilin-1|preNeu|CLP|MEP-1|MPP-MEP|Pro-B-3|cDC2-2|pre-DC-3	Intermediate Mono-3|Mono-2|Mono-1|pre-DC-2|Erythroblast-3|cDC1|Intermediate Mono-2|T CD8 Naive|Intermediate Mono-1|cMOP|ERP-8|Myeloid intermediate 3|T CD4 Naive-1|MAIT|MDP-6|pre-DC-1|ERP-7|Erythroblast-2|Classical-Mono|CD8 TEM		0.00043448391559548386	0.6825553528824917	0.004541316233268496	0.402269752687216	0.9950241998511359	0.356827232167182
CCHMC:BF71	p-LSC	Multilin-2|LMPP-1-cycling|LMPP-1|MultiLin-GMP-2|MultiLin-GMP-3|LMPP-2|MultiLin-GMP-1|BMCP-1|MEP-2|Multilin-1|preNeu|CLP|MEP-1|MPP-MEP|Pro-B-3|cDC2-2|pre-DC-3	Intermediate Mono-3|Mono-2|Mono-1|pre-DC-2|Erythroblast-3|cDC1|Intermediate Mono-2|T CD8 Naive|Intermediate Mono-1|cMOP|ERP-8|Myeloid intermediate 3|T CD4 Naive-1|MAIT|MDP-6|pre-DC-1|ERP-7|Erythroblast-2|Classical-Mono|CD8 TEM		0.018792298536199844	0.6825553528824917	0.05075681581614037	0.402269752687216	0.9304508856476599	0.356827232167182
CCHMC:BM27	p-LSC	Multilin-2|LMPP-1-cycling|LMPP-1|MultiLin-GMP-2|MultiLin-GMP-3|LMPP-2|MultiLin-GMP-1|BMCP-1|MEP-2|Multilin-1|preNeu|CLP|MEP-1|MPP-MEP|Pro-B-3|cDC2-2|pre-DC-3	Intermediate Mono-3|Mono-2|Mono-1|pre-DC-2|Erythroblast-3|cDC1|Intermediate Mono-2|T CD8 Naive|Intermediate Mono-1|cMOP|ERP-8|Myeloid intermediate 3|T CD4 Naive-1|MAIT|MDP-6|pre-DC-1|ERP-7|Erythroblast-2|Classical-Mono|CD8 TEM		0.001118300643317455	0.6825553528824917	0.006844176721787166	0.402269752687216	0.9920375226348954	0.356827232167182
CCHMC:BM32	p-LSC	Multilin-2|LMPP-1-cycling|LMPP-1|MultiLin-GMP-2|MultiLin-GMP-3|LMPP-2|MultiLin-GMP-1|BMCP-1|MEP-2|Multilin-1|preNeu|CLP|MEP-1|MPP-MEP|Pro-B-3|cDC2-2|pre-DC-3	Intermediate Mono-3|Mono-2|Mono-1|pre-DC-2|Erythroblast-3|cDC1|Intermediate Mono-2|T CD8 Naive|Intermediate Mono-1|cMOP|ERP-8|Myeloid intermediate 3|T CD4 Naive-1|MAIT|MDP-6|pre-DC-1|ERP-7|Erythroblast-2|Classical-Mono|CD8 TEM		0.0015778690532483963	0.6825553528824917	0.023936934015354128	0.402269752687216	0.9744851969313973	0.356827232167182
CCHMC:WF26	p-LSC	Multilin-2|LMPP-1-cycling|LMPP-1|MultiLin-GMP-2|MultiLin-GMP-3|LMPP-2|MultiLin-GMP-1|BMCP-1|MEP-2|Multilin-1|preNeu|CLP|MEP-1|MPP-MEP|Pro-B-3|cDC2-2|pre-DC-3	Intermediate Mono-3|Mono-2|Mono-1|pre-DC-2|Erythroblast-3|cDC1|Intermediate Mono-2|T CD8 Naive|Intermediate Mono-1|cMOP|ERP-8|Myeloid intermediate 3|T CD4 Naive-1|MAIT|MDP-6|pre-DC-1|ERP-7|Erythroblast-2|Classical-Mono|CD8 TEM		0.00045822605601948994	0.6825553528824917	0.004432506107048709	0.402269752687216	0.9951092678369317	0.356827232167182
CCHMC:WF32	p-LSC	Multilin-2|LMPP-1-cycling|LMPP-1|MultiLin-GMP-2|MultiLin-GMP-3|LMPP-2|MultiLin-GMP-1|BMCP-1|MEP-2|Multilin-1|preNeu|CLP|MEP-1|MPP-MEP|Pro-B-3|cDC2-2|pre-DC-3	Intermediate Mono-3|Mono-2|Mono-1|pre-DC-2|Erythroblast-3|cDC1|Intermediate Mono-2|T CD8 Naive|Intermediate Mono-1|cMOP|ERP-8|Myeloid intermediate 3|T CD4 Naive-1|MAIT|MDP-6|pre-DC-1|ERP-7|Erythroblast-2|Classical-Mono|CD8 TEM		0.0004531818447814458	0.6825553528824917	0.005797933264792526	0.402269752687216	0.993748884890426	0.356827232167182
CCHMC:WF83	p-LSC	Multilin-2|LMPP-1-cycling|LMPP-1|MultiLin-GMP-2|MultiLin-GMP-3|LMPP-2|MultiLin-GMP-1|BMCP-1|MEP-2|Multilin-1|preNeu|CLP|MEP-1|MPP-MEP|Pro-B-3|cDC2-2|pre-DC-3	Intermediate Mono-3|Mono-2|Mono-1|pre-DC-2|Erythroblast-3|cDC1|Intermediate Mono-2|T CD8 Naive|Intermediate Mono-1|cMOP|ERP-8|Myeloid intermediate 3|T CD4 Naive-1|MAIT|MDP-6|pre-DC-1|ERP-7|Erythroblast-2|Classical-Mono|CD8 TEM		0.012558984206257296	0.6825553528824917	0.10151193575000586	0.402269752687216	0.8859290800437368	0.356827232167182
CCHMC:WM22	p-LSC	Multilin-2|LMPP-1-cycling|LMPP-1|MultiLin-GMP-2|MultiLin-GMP-3|LMPP-2|MultiLin-GMP-1|BMCP-1|MEP-2|Multilin-1|preNeu|CLP|MEP-1|MPP-MEP|Pro-B-3|cDC2-2|pre-DC-3	Intermediate Mono-3|Mono-2|Mono-1|pre-DC-2|Erythroblast-3|cDC1|Intermediate Mono-2|T CD8 Naive|Intermediate Mono-1|cMOP|ERP-8|Myeloid intermediate 3|T CD4 Naive-1|MAIT|MDP-6|pre-DC-1|ERP-7|Erythroblast-2|Classical-Mono|CD8 TEM		0.00021238695090483017	0.6825553528824917	0.0015891186313670251	0.402269752687216	0.9981984944177281	0.356827232167182
CCHMC:WM34	p-LSC	Multilin-2|LMPP-1-cycling|LMPP-1|MultiLin-GMP-2|MultiLin-GMP-3|LMPP-2|MultiLin-GMP-1|BMCP-1|MEP-2|Multilin-1|preNeu|CLP|MEP-1|MPP-MEP|Pro-B-3|cDC2-2|pre-DC-3	Intermediate Mono-3|Mono-2|Mono-1|pre-DC-2|Erythroblast-3|cDC1|Intermediate Mono-2|T CD8 Naive|Intermediate Mono-1|cMOP|ERP-8|Myeloid intermediate 3|T CD4 Naive-1|MAIT|MDP-6|pre-DC-1|ERP-7|Erythroblast-2|Classical-Mono|CD8 TEM		0.0009915938959950818	0.6825553528824917	0.006451198867071819	0.402269752687216	0.9925572072369331	0.356827232167182
CCHMC:WM72	p-LSC	Multilin-2|LMPP-1-cycling|LMPP-1|MultiLin-GMP-2|MultiLin-GMP-3|LMPP-2|MultiLin-GMP-1|BMCP-1|MEP-2|Multilin-1|preNeu|CLP|MEP-1|MPP-MEP|Pro-B-3|cDC2-2|pre-DC-3	Intermediate Mono-3|Mono-2|Mono-1|pre-DC-2|Erythroblast-3|cDC1|Intermediate Mono-2|T CD8 Naive|Intermediate Mono-1|cMOP|ERP-8|Myeloid intermediate 3|T CD4 Naive-1|MAIT|MDP-6|pre-DC-1|ERP-7|Erythroblast-2|Classical-Mono|CD8 TEM		0.002383310886624292	0.6825553528824917	0.029587245841788647	0.402269752687216	0.968029443271587	0.356827232167182
Colorado:AML-01	p-LSC	Multilin-2|LMPP-1-cycling|LMPP-1|MultiLin-GMP-2|MultiLin-GMP-3|LMPP-2|MultiLin-GMP-1|BMCP-1|MEP-2|Multilin-1|preNeu|CLP|MEP-1|MPP-MEP|Pro-B-3|cDC2-2|pre-DC-3	Intermediate Mono-3|Mono-2|Mono-1|pre-DC-2|Erythroblast-3|cDC1|Intermediate Mono-2|T CD8 Naive|Intermediate Mono-1|cMOP|ERP-8|Myeloid intermediate 3|T CD4 Naive-1|MAIT|MDP-6|pre-DC-1|ERP-7|Erythroblast-2|Classical-Mono|CD8 TEM		0.00015734202384329785	0.6825553528824917	0.05470032009344609	0.402269752687216	0.9451423378827105	0.356827232167182
Colorado:AML-02	p-LSC	Multilin-2|LMPP-1-cycling|LMPP-1|MultiLin-GMP-2|MultiLin-GMP-3|LMPP-2|MultiLin-GMP-1|BMCP-1|MEP-2|Multilin-1|preNeu|CLP|MEP-1|MPP-MEP|Pro-B-3|cDC2-2|pre-DC-3	Intermediate Mono-3|Mono-2|Mono-1|pre-DC-2|Erythroblast-3|cDC1|Intermediate Mono-2|T CD8 Naive|Intermediate Mono-1|cMOP|ERP-8|Myeloid intermediate 3|T CD4 Naive-1|MAIT|MDP-6|pre-DC-1|ERP-7|Erythroblast-2|Classical-Mono|CD8 TEM		0.0009148562251698091	0.6825553528824917	0.40226975268821596	0.402269752687216	0.5968153910866142	0.356827232167182
Colorado:AML-03	p-LSC	Multilin-2|LMPP-1-cycling|LMPP-1|MultiLin-GMP-2|MultiLin-GMP-3|LMPP-2|MultiLin-GMP-1|BMCP-1|MEP-2|Multilin-1|preNeu|CLP|MEP-1|MPP-MEP|Pro-B-3|cDC2-2|pre-DC-3	Intermediate Mono-3|Mono-2|Mono-1|pre-DC-2|Erythroblast-3|cDC1|Intermediate Mono-2|T CD8 Naive|Intermediate Mono-1|cMOP|ERP-8|Myeloid intermediate 3|T CD4 Naive-1|MAIT|MDP-6|pre-DC-1|ERP-7|Erythroblast-2|Classical-Mono|CD8 TEM		2.865699075602584e-05	0.6825553528824917	0.1740879533066765	0.402269752687216	0.8258833897025674	0.356827232167182
Colorado:AML-04	p-LSC	Multilin-2|LMPP-1-cycling|LMPP-1|MultiLin-GMP-2|MultiLin-GMP-3|LMPP-2|MultiLin-GMP-1|BMCP-1|MEP-2|Multilin-1|preNeu|CLP|MEP-1|MPP-MEP|Pro-B-3|cDC2-2|pre-DC-3	Intermediate Mono-3|Mono-2|Mono-1|pre-DC-2|Erythroblast-3|cDC1|Intermediate Mono-2|T CD8 Naive|Intermediate Mono-1|cMOP|ERP-8|Myeloid intermediate 3|T CD4 Naive-1|MAIT|MDP-6|pre-DC-1|ERP-7|Erythroblast-2|Classical-Mono|CD8 TEM		0.00015217618212431318	0.6825553528824917	0.23836177844684348	0.402269752687216	0.7614860453710321	0.356827232167182
Colorado:AML-05	p+m-LSC	Multilin-2|LMPP-1-cycling|LMPP-1|MultiLin-GMP-2|MultiLin-GMP-3|LMPP-2|MultiLin-GMP-1|BMCP-1|MEP-2|Multilin-1|preNeu|CLP|MEP-1|MPP-MEP|Pro-B-3|cDC2-2|pre-DC-3	Intermediate Mono-3|Mono-2|Mono-1|pre-DC-2|Erythroblast-3|cDC1|Intermediate Mono-2|T CD8 Naive|Intermediate Mono-1|cMOP|ERP-8|Myeloid intermediate 3|T CD4 Naive-1|MAIT|MDP-6|pre-DC-1|ERP-7|Erythroblast-2|Classical-Mono|CD8 TEM		0.021987996218652713	0.6825553528824917	0.977867342547499	0.402269752687216	0.00014466123384827086	0.356827232167182
Colorado:AML-06	p+m-LSC	Multilin-2|LMPP-1-cycling|LMPP-1|MultiLin-GMP-2|MultiLin-GMP-3|LMPP-2|MultiLin-GMP-1|BMCP-1|MEP-2|Multilin-1|preNeu|CLP|MEP-1|MPP-MEP|Pro-B-3|cDC2-2|pre-DC-3	Intermediate Mono-3|Mono-2|Mono-1|pre-DC-2|Erythroblast-3|cDC1|Intermediate Mono-2|T CD8 Naive|Intermediate Mono-1|cMOP|ERP-8|Myeloid intermediate 3|T CD4 Naive-1|MAIT|MDP-6|pre-DC-1|ERP-7|Erythroblast-2|Classical-Mono|CD8 TEM		0.021987996218652713	0.6825553528824917	0.977867342547499	0.402269752687216	0.00014466123384827086	0.356827232167182
Colorado:AML-07	p+m-LSC	Multilin-2|LMPP-1-cycling|LMPP-1|MultiLin-GMP-2|MultiLin-GMP-3|LMPP-2|MultiLin-GMP-1|BMCP-1|MEP-2|Multilin-1|preNeu|CLP|MEP-1|MPP-MEP|Pro-B-3|cDC2-2|pre-DC-3	Intermediate Mono-3|Mono-2|Mono-1|pre-DC-2|Erythroblast-3|cDC1|Intermediate Mono-2|T CD8 Naive|Intermediate Mono-1|cMOP|ERP-8|Myeloid intermediate 3|T CD4 Naive-1|MAIT|MDP-6|pre-DC-1|ERP-7|Erythroblast-2|Classical-Mono|CD8 TEM		0.025201773134786096	0.6825553528824917	0.5865397137746692	0.402269752687216	0.38825851309054465	0.356827232167182
Colorado:AML-08	p+m-LSC	Multilin-2|LMPP-1-cycling|LMPP-1|MultiLin-GMP-2|MultiLin-GMP-3|LMPP-2|MultiLin-GMP-1|BMCP-1|MEP-2|Multilin-1|preNeu|CLP|MEP-1|MPP-MEP|Pro-B-3|cDC2-2|pre-DC-3	Intermediate Mono-3|Mono-2|Mono-1|pre-DC-2|Erythroblast-3|cDC1|Intermediate Mono-2|T CD8 Naive|Intermediate Mono-1|cMOP|ERP-8|Myeloid intermediate 3|T CD4 Naive-1|MAIT|MDP-6|pre-DC-1|ERP-7|Erythroblast-2|Classical-Mono|CD8 TEM		0.04065686593980124	0.6825553528824917	0.6025159018920169	0.402269752687216	0.35682723216818196	0.356827232167182
Colorado:AML-09	p-LSC	Multilin-2|LMPP-1-cycling|LMPP-1|MultiLin-GMP-2|MultiLin-GMP-3|LMPP-2|MultiLin-GMP-1|BMCP-1|MEP-2|Multilin-1|preNeu|CLP|MEP-1|MPP-MEP|Pro-B-3|cDC2-2|pre-DC-3	Intermediate Mono-3|Mono-2|Mono-1|pre-DC-2|Erythroblast-3|cDC1|Intermediate Mono-2|T CD8 Naive|Intermediate Mono-1|cMOP|ERP-8|Myeloid intermediate 3|T CD4 Naive-1|MAIT|MDP-6|pre-DC-1|ERP-7|Erythroblast-2|Classical-Mono|CD8 TEM		0.002240946867873619	0.6825553528824917	0.27235478808125185	0.402269752687216	0.7254042650508745	0.356827232167182
Colorado:AML-10	p-LSC	Multilin-2|LMPP-1-cycling|LMPP-1|MultiLin-GMP-2|MultiLin-GMP-3|LMPP-2|MultiLin-GMP-1|BMCP-1|MEP-2|Multilin-1|preNeu|CLP|MEP-1|MPP-MEP|Pro-B-3|cDC2-2|pre-DC-3	Intermediate Mono-3|Mono-2|Mono-1|pre-DC-2|Erythroblast-3|cDC1|Intermediate Mono-2|T CD8 Naive|Intermediate Mono-1|cMOP|ERP-8|Myeloid intermediate 3|T CD4 Naive-1|MAIT|MDP-6|pre-DC-1|ERP-7|Erythroblast-2|Classical-Mono|CD8 TEM		0.0005929168227856975	0.6825553528824917	0.021663011758379997	0.402269752687216	0.9777440714188342	0.356827232167182
Colorado:AML-11	p+m-LSC	Multilin-2|LMPP-1-cycling|LMPP-1|MultiLin-GMP-2|MultiLin-GMP-3|LMPP-2|MultiLin-GMP-1|BMCP-1|MEP-2|Multilin-1|preNeu|CLP|MEP-1|MPP-MEP|Pro-B-3|cDC2-2|pre-DC-3	Intermediate Mono-3|Mono-2|Mono-1|pre-DC-2|Erythroblast-3|cDC1|Intermediate Mono-2|T CD8 Naive|Intermediate Mono-1|cMOP|ERP-8|Myeloid intermediate 3|T CD4 Naive-1|MAIT|MDP-6|pre-DC-1|ERP-7|Erythroblast-2|Classical-Mono|CD8 TEM		0.021987996218652713	0.6825553528824917	0.977867342547499	0.402269752687216	0.00014466123384827086	0.356827232167182
Colorado:AML-12	p+m-LSC	Multilin-2|LMPP-1-cycling|LMPP-1|MultiLin-GMP-2|MultiLin-GMP-3|LMPP-2|MultiLin-GMP-1|BMCP-1|MEP-2|Multilin-1|preNeu|CLP|MEP-1|MPP-MEP|Pro-B-3|cDC2-2|pre-DC-3	Intermediate Mono-3|Mono-2|Mono-1|pre-DC-2|Erythroblast-3|cDC1|Intermediate Mono-2|T CD8 Naive|Intermediate Mono-1|cMOP|ERP-8|Myeloid intermediate 3|T CD4 Naive-1|MAIT|MDP-6|pre-DC-1|ERP-7|Erythroblast-2|Classical-Mono|CD8 TEM		0.0002048494714178646	0.6825553528824917	0.5112269447365498	0.402269752687216	0.48856820579203236	0.356827232167182
Colorado:AML-13	p+m-LSC	Multilin-2|LMPP-1-cycling|LMPP-1|MultiLin-GMP-2|MultiLin-GMP-3|LMPP-2|MultiLin-GMP-1|BMCP-1|MEP-2|Multilin-1|preNeu|CLP|MEP-1|MPP-MEP|Pro-B-3|cDC2-2|pre-DC-3	Intermediate Mono-3|Mono-2|Mono-1|pre-DC-2|Erythroblast-3|cDC1|Intermediate Mono-2|T CD8 Naive|Intermediate Mono-1|cMOP|ERP-8|Myeloid intermediate 3|T CD4 Naive-1|MAIT|MDP-6|pre-DC-1|ERP-7|Erythroblast-2|Classical-Mono|CD8 TEM		0.00831760935981693	0.6825553528824917	0.6775385095454042	0.402269752687216	0.3141438810947789	0.356827232167182
Colorado:AML-14	p-LSC	Multilin-2|LMPP-1-cycling|LMPP-1|MultiLin-GMP-2|MultiLin-GMP-3|LMPP-2|MultiLin-GMP-1|BMCP-1|MEP-2|Multilin-1|preNeu|CLP|MEP-1|MPP-MEP|Pro-B-3|cDC2-2|pre-DC-3	Intermediate Mono-3|Mono-2|Mono-1|pre-DC-2|Erythroblast-3|cDC1|Intermediate Mono-2|T CD8 Naive|Intermediate Mono-1|cMOP|ERP-8|Myeloid intermediate 3|T CD4 Naive-1|MAIT|MDP-6|pre-DC-1|ERP-7|Erythroblast-2|Classical-Mono|CD8 TEM		0.0003876774553077091	0.6825553528824917	0.009417053228992837	0.402269752687216	0.9901952693156995	0.356827232167182
Colorado:AML-15	p+m-LSC	Multilin-2|LMPP-1-cycling|LMPP-1|MultiLin-GMP-2|MultiLin-GMP-3|LMPP-2|MultiLin-GMP-1|BMCP-1|MEP-2|Multilin-1|preNeu|CLP|MEP-1|MPP-MEP|Pro-B-3|cDC2-2|pre-DC-3	Intermediate Mono-3|Mono-2|Mono-1|pre-DC-2|Erythroblast-3|cDC1|Intermediate Mono-2|T CD8 Naive|Intermediate Mono-1|cMOP|ERP-8|Myeloid intermediate 3|T CD4 Naive-1|MAIT|MDP-6|pre-DC-1|ERP-7|Erythroblast-2|Classical-Mono|CD8 TEM		0.021987996218652713	0.6825553528824917	0.977867342547499	0.402269752687216	0.00014466123384827086	0.356827232167182
Colorado:AML-16	m-LSC	Multilin-2|LMPP-1-cycling|LMPP-1|MultiLin-GMP-2|MultiLin-GMP-3|LMPP-2|MultiLin-GMP-1|BMCP-1|MEP-2|Multilin-1|preNeu|CLP|MEP-1|MPP-MEP|Pro-B-3|cDC2-2|pre-DC-3	Intermediate Mono-3|Mono-2|Mono-1|pre-DC-2|Erythroblast-3|cDC1|Intermediate Mono-2|T CD8 Naive|Intermediate Mono-1|cMOP|ERP-8|Myeloid intermediate 3|T CD4 Naive-1|MAIT|MDP-6|pre-DC-1|ERP-7|Erythroblast-2|Classical-Mono|CD8 TEM		0.9439257257371246	0.6825553528824917	0.053199216872715054	0.402269752687216	0.0028750573901602915	0.356827232167182
Colorado:AML-17	m-LSC	Multilin-2|LMPP-1-cycling|LMPP-1|MultiLin-GMP-2|MultiLin-GMP-3|LMPP-2|MultiLin-GMP-1|BMCP-1|MEP-2|Multilin-1|preNeu|CLP|MEP-1|MPP-MEP|Pro-B-3|cDC2-2|pre-DC-3	Intermediate Mono-3|Mono-2|Mono-1|pre-DC-2|Erythroblast-3|cDC1|Intermediate Mono-2|T CD8 Naive|Intermediate Mono-1|cMOP|ERP-8|Myeloid intermediate 3|T CD4 Naive-1|MAIT|MDP-6|pre-DC-1|ERP-7|Erythroblast-2|Classical-Mono|CD8 TEM		0.783831858307341	0.6825553528824917	0.17406279475669162	0.402269752687216	0.04210534693596725	0.356827232167182
Colorado:AML-18	m-LSC	Multilin-2|LMPP-1-cycling|LMPP-1|MultiLin-GMP-2|MultiLin-GMP-3|LMPP-2|MultiLin-GMP-1|BMCP-1|MEP-2|Multilin-1|preNeu|CLP|MEP-1|MPP-MEP|Pro-B-3|cDC2-2|pre-DC-3	Intermediate Mono-3|Mono-2|Mono-1|pre-DC-2|Erythroblast-3|cDC1|Intermediate Mono-2|T CD8 Naive|Intermediate Mono-1|cMOP|ERP-8|Myeloid intermediate 3|T CD4 Naive-1|MAIT|MDP-6|pre-DC-1|ERP-7|Erythroblast-2|Classical-Mono|CD8 TEM		0.9685532442953867	0.6825553528824917	0.029180609411212907	0.402269752687216	0.002266146293400452	0.356827232167182
Colorado:AML-19	m-LSC	Multilin-2|LMPP-1-cycling|LMPP-1|MultiLin-GMP-2|MultiLin-GMP-3|LMPP-2|MultiLin-GMP-1|BMCP-1|MEP-2|Multilin-1|preNeu|CLP|MEP-1|MPP-MEP|Pro-B-3|cDC2-2|pre-DC-3	Intermediate Mono-3|Mono-2|Mono-1|pre-DC-2|Erythroblast-3|cDC1|Intermediate Mono-2|T CD8 Naive|Intermediate Mono-1|cMOP|ERP-8|Myeloid intermediate 3|T CD4 Naive-1|MAIT|MDP-6|pre-DC-1|ERP-7|Erythroblast-2|Classical-Mono|CD8 TEM		0.8990282250933453	0.6825553528824917	0.09159367077994403	0.402269752687216	0.009378104126710637	0.356827232167182
Colorado:AML-20	m-LSC	Multilin-2|LMPP-1-cycling|LMPP-1|MultiLin-GMP-2|MultiLin-GMP-3|LMPP-2|MultiLin-GMP-1|BMCP-1|MEP-2|Multilin-1|preNeu|CLP|MEP-1|MPP-MEP|Pro-B-3|cDC2-2|pre-DC-3	Intermediate Mono-3|Mono-2|Mono-1|pre-DC-2|Erythroblast-3|cDC1|Intermediate Mono-2|T CD8 Naive|Intermediate Mono-1|cMOP|ERP-8|Myeloid intermediate 3|T CD4 Naive-1|MAIT|MDP-6|pre-DC-1|ERP-7|Erythroblast-2|Classical-Mono|CD8 TEM		0.7791277455449459	0.6825553528824917	0.21051951677848152	0.402269752687216	0.010352737676572646	0.356827232167182
Colorado:AML-21	p-LSC	Multilin-2|LMPP-1-cycling|LMPP-1|MultiLin-GMP-2|MultiLin-GMP-3|LMPP-2|MultiLin-GMP-1|BMCP-1|MEP-2|Multilin-1|preNeu|CLP|MEP-1|MPP-MEP|Pro-B-3|cDC2-2|pre-DC-3	Intermediate Mono-3|Mono-2|Mono-1|pre-DC-2|Erythroblast-3|cDC1|Intermediate Mono-2|T CD8 Naive|Intermediate Mono-1|cMOP|ERP-8|Myeloid intermediate 3|T CD4 Naive-1|MAIT|MDP-6|pre-DC-1|ERP-7|Erythroblast-2|Classical-Mono|CD8 TEM		4.4736020896191244e-05	0.6825553528824917	0.17335171159464105	0.402269752687216	0.8266035523844628	0.356827232167182
Colorado:AML-22	p+m-LSC	Multilin-2|LMPP-1-cycling|LMPP-1|MultiLin-GMP-2|MultiLin-GMP-3|LMPP-2|MultiLin-GMP-1|BMCP-1|MEP-2|Multilin-1|preNeu|CLP|MEP-1|MPP-MEP|Pro-B-3|cDC2-2|pre-DC-3	Intermediate Mono-3|Mono-2|Mono-1|pre-DC-2|Erythroblast-3|cDC1|Intermediate Mono-2|T CD8 Naive|Intermediate Mono-1|cMOP|ERP-8|Myeloid intermediate 3|T CD4 Naive-1|MAIT|MDP-6|pre-DC-1|ERP-7|Erythroblast-2|Classical-Mono|CD8 TEM		0.00015410902586147302	0.6825553528824917	0.7048913968512535	0.402269752687216	0.29495449412288505	0.356827232167182
Colorado:AML-23	p+m-LSC	Multilin-2|LMPP-1-cycling|LMPP-1|MultiLin-GMP-2|MultiLin-GMP-3|LMPP-2|MultiLin-GMP-1|BMCP-1|MEP-2|Multilin-1|preNeu|CLP|MEP-1|MPP-MEP|Pro-B-3|cDC2-2|pre-DC-3	Intermediate Mono-3|Mono-2|Mono-1|pre-DC-2|Erythroblast-3|cDC1|Intermediate Mono-2|T CD8 Naive|Intermediate Mono-1|cMOP|ERP-8|Myeloid intermediate 3|T CD4 Naive-1|MAIT|MDP-6|pre-DC-1|ERP-7|Erythroblast-2|Classical-Mono|CD8 TEM		0.11526936263283288	0.6825553528824917	0.8388698581797092	0.402269752687216	0.04586077918745784	0.356827232167182
Colorado:AML-24	m-LSC	Multilin-2|LMPP-1-cycling|LMPP-1|MultiLin-GMP-2|MultiLin-GMP-3|LMPP-2|MultiLin-GMP-1|BMCP-1|MEP-2|Multilin-1|preNeu|CLP|MEP-1|MPP-MEP|Pro-B-3|cDC2-2|pre-DC-3	Intermediate Mono-3|Mono-2|Mono-1|pre-DC-2|Erythroblast-3|cDC1|Intermediate Mono-2|T CD8 Naive|Intermediate Mono-1|cMOP|ERP-8|Myeloid intermediate 3|T CD4 Naive-1|MAIT|MDP-6|pre-DC-1|ERP-7|Erythroblast-2|Classical-Mono|CD8 TEM		0.9180507971045113	0.6825553528824917	0.06596472419791215	0.402269752687216	0.01598447869757665	0.356827232167182
Colorado:Pt-12_Dx	p+m-LSC	Multilin-2|LMPP-1-cycling|LMPP-1|MultiLin-GMP-2|MultiLin-GMP-3|LMPP-2|MultiLin-GMP-1|BMCP-1|MEP-2|Multilin-1|preNeu|CLP|MEP-1|MPP-MEP|Pro-B-3|cDC2-2|pre-DC-3	Intermediate Mono-3|Mono-2|Mono-1|pre-DC-2|Erythroblast-3|cDC1|Intermediate Mono-2|T CD8 Naive|Intermediate Mono-1|cMOP|ERP-8|Myeloid intermediate 3|T CD4 Naive-1|MAIT|MDP-6|pre-DC-1|ERP-7|Erythroblast-2|Classical-Mono|CD8 TEM		0.1776304559040686	0.6825553528824917	0.7728959635414653	0.402269752687216	0.04947358055446623	0.356827232167182
Colorado:Pt-12_Rl	m-LSC	Multilin-2|LMPP-1-cycling|LMPP-1|MultiLin-GMP-2|MultiLin-GMP-3|LMPP-2|MultiLin-GMP-1|BMCP-1|MEP-2|Multilin-1|preNeu|CLP|MEP-1|MPP-MEP|Pro-B-3|cDC2-2|pre-DC-3	Intermediate Mono-3|Mono-2|Mono-1|pre-DC-2|Erythroblast-3|cDC1|Intermediate Mono-2|T CD8 Naive|Intermediate Mono-1|cMOP|ERP-8|Myeloid intermediate 3|T CD4 Naive-1|MAIT|MDP-6|pre-DC-1|ERP-7|Erythroblast-2|Classical-Mono|CD8 TEM		0.6825553528834917	0.6825553528824917	0.3147429459076708	0.402269752687216	0.002701701208837513	0.356827232167182
Colorado:Pt-16_Dx	p-LSC	Multilin-2|LMPP-1-cycling|LMPP-1|MultiLin-GMP-2|MultiLin-GMP-3|LMPP-2|MultiLin-GMP-1|BMCP-1|MEP-2|Multilin-1|preNeu|CLP|MEP-1|MPP-MEP|Pro-B-3|cDC2-2|pre-DC-3	Intermediate Mono-3|Mono-2|Mono-1|pre-DC-2|Erythroblast-3|cDC1|Intermediate Mono-2|T CD8 Naive|Intermediate Mono-1|cMOP|ERP-8|Myeloid intermediate 3|T CD4 Naive-1|MAIT|MDP-6|pre-DC-1|ERP-7|Erythroblast-2|Classical-Mono|CD8 TEM		0.013539471456094231	0.6825553528824917	0.4807239338069617	0.402269752687216	0.5057365947369441	0.356827232167182
Colorado:Pt-20_Dx	p-LSC	Multilin-2|LMPP-1-cycling|LMPP-1|MultiLin-GMP-2|MultiLin-GMP-3|LMPP-2|MultiLin-GMP-1|BMCP-1|MEP-2|Multilin-1|preNeu|CLP|MEP-1|MPP-MEP|Pro-B-3|cDC2-2|pre-DC-3	Intermediate Mono-3|Mono-2|Mono-1|pre-DC-2|Erythroblast-3|cDC1|Intermediate Mono-2|T CD8 Naive|Intermediate Mono-1|cMOP|ERP-8|Myeloid intermediate 3|T CD4 Naive-1|MAIT|MDP-6|pre-DC-1|ERP-7|Erythroblast-2|Classical-Mono|CD8 TEM		0.008999567627756545	0.6825553528824917	0.3706702451792298	0.402269752687216	0.6203301871930137	0.356827232167182
Colorado:Pt-69_Dx	p+m-LSC	Multilin-2|LMPP-1-cycling|LMPP-1|MultiLin-GMP-2|MultiLin-GMP-3|LMPP-2|MultiLin-GMP-1|BMCP-1|MEP-2|Multilin-1|preNeu|CLP|MEP-1|MPP-MEP|Pro-B-3|cDC2-2|pre-DC-3	Intermediate Mono-3|Mono-2|Mono-1|pre-DC-2|Erythroblast-3|cDC1|Intermediate Mono-2|T CD8 Naive|Intermediate Mono-1|cMOP|ERP-8|Myeloid intermediate 3|T CD4 Naive-1|MAIT|MDP-6|pre-DC-1|ERP-7|Erythroblast-2|Classical-Mono|CD8 TEM		0.5532825776163085	0.6825553528824917	0.42018407797377605	0.402269752687216	0.026533344409915508	0.356827232167182
Colorado:Pt-69_Rl	m-LSC	Multilin-2|LMPP-1-cycling|LMPP-1|MultiLin-GMP-2|MultiLin-GMP-3|LMPP-2|MultiLin-GMP-1|BMCP-1|MEP-2|Multilin-1|preNeu|CLP|MEP-1|MPP-MEP|Pro-B-3|cDC2-2|pre-DC-3	Intermediate Mono-3|Mono-2|Mono-1|pre-DC-2|Erythroblast-3|cDC1|Intermediate Mono-2|T CD8 Naive|Intermediate Mono-1|cMOP|ERP-8|Myeloid intermediate 3|T CD4 Naive-1|MAIT|MDP-6|pre-DC-1|ERP-7|Erythroblast-2|Classical-Mono|CD8 TEM		0.9734438151700302	0.6825553528824917	0.02602502110561636	0.402269752687216	0.0005311637243534056	0.356827232167182
Colorado:Pt-89_Dx	p-LSC	Multilin-2|LMPP-1-cycling|LMPP-1|MultiLin-GMP-2|MultiLin-GMP-3|LMPP-2|MultiLin-GMP-1|BMCP-1|MEP-2|Multilin-1|preNeu|CLP|MEP-1|MPP-MEP|Pro-B-3|cDC2-2|pre-DC-3	Intermediate Mono-3|Mono-2|Mono-1|pre-DC-2|Erythroblast-3|cDC1|Intermediate Mono-2|T CD8 Naive|Intermediate Mono-1|cMOP|ERP-8|Myeloid intermediate 3|T CD4 Naive-1|MAIT|MDP-6|pre-DC-1|ERP-7|Erythroblast-2|Classical-Mono|CD8 TEM		0.0002547334699810385	0.6825553528824917	0.09481444101275723	0.402269752687216	0.9049308255172617	0.356827232167182
Columbia:AML1	p-LSC	Multilin-2|LMPP-1-cycling|LMPP-1|MultiLin-GMP-2|MultiLin-GMP-3|LMPP-2|MultiLin-GMP-1|BMCP-1|MEP-2|Multilin-1|preNeu|CLP|MEP-1|MPP-MEP|Pro-B-3|cDC2-2|pre-DC-3	Intermediate Mono-3|Mono-2|Mono-1|pre-DC-2|Erythroblast-3|cDC1|Intermediate Mono-2|T CD8 Naive|Intermediate Mono-1|cMOP|ERP-8|Myeloid intermediate 3|T CD4 Naive-1|MAIT|MDP-6|pre-DC-1|ERP-7|Erythroblast-2|Classical-Mono|CD8 TEM		0.016098477171006074	0.6825553528824917	0.06389795930155089	0.402269752687216	0.9200035635274431	0.356827232167182
Columbia:AML10	p-LSC	Multilin-2|LMPP-1-cycling|LMPP-1|MultiLin-GMP-2|MultiLin-GMP-3|LMPP-2|MultiLin-GMP-1|BMCP-1|MEP-2|Multilin-1|preNeu|CLP|MEP-1|MPP-MEP|Pro-B-3|cDC2-2|pre-DC-3	Intermediate Mono-3|Mono-2|Mono-1|pre-DC-2|Erythroblast-3|cDC1|Intermediate Mono-2|T CD8 Naive|Intermediate Mono-1|cMOP|ERP-8|Myeloid intermediate 3|T CD4 Naive-1|MAIT|MDP-6|pre-DC-1|ERP-7|Erythroblast-2|Classical-Mono|CD8 TEM		0.06772803680526265	0.6825553528824917	0.16776146766414934	0.402269752687216	0.7645104955305879	0.356827232167182
Columbia:AML11	p-LSC	Multilin-2|LMPP-1-cycling|LMPP-1|MultiLin-GMP-2|MultiLin-GMP-3|LMPP-2|MultiLin-GMP-1|BMCP-1|MEP-2|Multilin-1|preNeu|CLP|MEP-1|MPP-MEP|Pro-B-3|cDC2-2|pre-DC-3	Intermediate Mono-3|Mono-2|Mono-1|pre-DC-2|Erythroblast-3|cDC1|Intermediate Mono-2|T CD8 Naive|Intermediate Mono-1|cMOP|ERP-8|Myeloid intermediate 3|T CD4 Naive-1|MAIT|MDP-6|pre-DC-1|ERP-7|Erythroblast-2|Classical-Mono|CD8 TEM		0.00014190235907535415	0.6825553528824917	0.1494600735376375	0.402269752687216	0.850398024103287	0.356827232167182
Columbia:AML12	p-LSC	Multilin-2|LMPP-1-cycling|LMPP-1|MultiLin-GMP-2|MultiLin-GMP-3|LMPP-2|MultiLin-GMP-1|BMCP-1|MEP-2|Multilin-1|preNeu|CLP|MEP-1|MPP-MEP|Pro-B-3|cDC2-2|pre-DC-3	Intermediate Mono-3|Mono-2|Mono-1|pre-DC-2|Erythroblast-3|cDC1|Intermediate Mono-2|T CD8 Naive|Intermediate Mono-1|cMOP|ERP-8|Myeloid intermediate 3|T CD4 Naive-1|MAIT|MDP-6|pre-DC-1|ERP-7|Erythroblast-2|Classical-Mono|CD8 TEM		8.967075475576563e-05	0.6825553528824917	0.09740141587940873	0.402269752687216	0.9025089133658355	0.356827232167182
Columbia:AML13	p-LSC	Multilin-2|LMPP-1-cycling|LMPP-1|MultiLin-GMP-2|MultiLin-GMP-3|LMPP-2|MultiLin-GMP-1|BMCP-1|MEP-2|Multilin-1|preNeu|CLP|MEP-1|MPP-MEP|Pro-B-3|cDC2-2|pre-DC-3	Intermediate Mono-3|Mono-2|Mono-1|pre-DC-2|Erythroblast-3|cDC1|Intermediate Mono-2|T CD8 Naive|Intermediate Mono-1|cMOP|ERP-8|Myeloid intermediate 3|T CD4 Naive-1|MAIT|MDP-6|pre-DC-1|ERP-7|Erythroblast-2|Classical-Mono|CD8 TEM		0.009411569996473914	0.6825553528824917	0.4118325550751179	0.402269752687216	0.5787558749284082	0.356827232167182
Columbia:AML14	p-LSC	Multilin-2|LMPP-1-cycling|LMPP-1|MultiLin-GMP-2|MultiLin-GMP-3|LMPP-2|MultiLin-GMP-1|BMCP-1|MEP-2|Multilin-1|preNeu|CLP|MEP-1|MPP-MEP|Pro-B-3|cDC2-2|pre-DC-3	Intermediate Mono-3|Mono-2|Mono-1|pre-DC-2|Erythroblast-3|cDC1|Intermediate Mono-2|T CD8 Naive|Intermediate Mono-1|cMOP|ERP-8|Myeloid intermediate 3|T CD4 Naive-1|MAIT|MDP-6|pre-DC-1|ERP-7|Erythroblast-2|Classical-Mono|CD8 TEM		1.8127095964577723e-05	0.6825553528824917	0.08992253291445187	0.402269752687216	0.9100593399895835	0.356827232167182
Columbia:AML2	p+m-LSC	Multilin-2|LMPP-1-cycling|LMPP-1|MultiLin-GMP-2|MultiLin-GMP-3|LMPP-2|MultiLin-GMP-1|BMCP-1|MEP-2|Multilin-1|preNeu|CLP|MEP-1|MPP-MEP|Pro-B-3|cDC2-2|pre-DC-3	Intermediate Mono-3|Mono-2|Mono-1|pre-DC-2|Erythroblast-3|cDC1|Intermediate Mono-2|T CD8 Naive|Intermediate Mono-1|cMOP|ERP-8|Myeloid intermediate 3|T CD4 Naive-1|MAIT|MDP-6|pre-DC-1|ERP-7|Erythroblast-2|Classical-Mono|CD8 TEM		0.09858172762175403	0.6825553528824917	0.5081500785105639	0.402269752687216	0.393268193867682	0.356827232167182
Columbia:AML3	p-LSC	Multilin-2|LMPP-1-cycling|LMPP-1|MultiLin-GMP-2|MultiLin-GMP-3|LMPP-2|MultiLin-GMP-1|BMCP-1|MEP-2|Multilin-1|preNeu|CLP|MEP-1|MPP-MEP|Pro-B-3|cDC2-2|pre-DC-3	Intermediate Mono-3|Mono-2|Mono-1|pre-DC-2|Erythroblast-3|cDC1|Intermediate Mono-2|T CD8 Naive|Intermediate Mono-1|cMOP|ERP-8|Myeloid intermediate 3|T CD4 Naive-1|MAIT|MDP-6|pre-DC-1|ERP-7|Erythroblast-2|Classical-Mono|CD8 TEM		0.015530769486799382	0.6825553528824917	0.1832330529615323	0.402269752687216	0.8012361775516683	0.356827232167182
Columbia:AML4	p-LSC	Multilin-2|LMPP-1-cycling|LMPP-1|MultiLin-GMP-2|MultiLin-GMP-3|LMPP-2|MultiLin-GMP-1|BMCP-1|MEP-2|Multilin-1|preNeu|CLP|MEP-1|MPP-MEP|Pro-B-3|cDC2-2|pre-DC-3	Intermediate Mono-3|Mono-2|Mono-1|pre-DC-2|Erythroblast-3|cDC1|Intermediate Mono-2|T CD8 Naive|Intermediate Mono-1|cMOP|ERP-8|Myeloid intermediate 3|T CD4 Naive-1|MAIT|MDP-6|pre-DC-1|ERP-7|Erythroblast-2|Classical-Mono|CD8 TEM		0.08060246625694716	0.6825553528824917	0.28690098609228426	0.402269752687216	0.6324965476507687	0.356827232167182
Columbia:AML5	p-LSC	Multilin-2|LMPP-1-cycling|LMPP-1|MultiLin-GMP-2|MultiLin-GMP-3|LMPP-2|MultiLin-GMP-1|BMCP-1|MEP-2|Multilin-1|preNeu|CLP|MEP-1|MPP-MEP|Pro-B-3|cDC2-2|pre-DC-3	Intermediate Mono-3|Mono-2|Mono-1|pre-DC-2|Erythroblast-3|cDC1|Intermediate Mono-2|T CD8 Naive|Intermediate Mono-1|cMOP|ERP-8|Myeloid intermediate 3|T CD4 Naive-1|MAIT|MDP-6|pre-DC-1|ERP-7|Erythroblast-2|Classical-Mono|CD8 TEM		0.00011497549371923966	0.6825553528824917	0.22488951015205746	0.402269752687216	0.7749955143542233	0.356827232167182
Columbia:AML6	p-LSC	Multilin-2|LMPP-1-cycling|LMPP-1|MultiLin-GMP-2|MultiLin-GMP-3|LMPP-2|MultiLin-GMP-1|BMCP-1|MEP-2|Multilin-1|preNeu|CLP|MEP-1|MPP-MEP|Pro-B-3|cDC2-2|pre-DC-3	Intermediate Mono-3|Mono-2|Mono-1|pre-DC-2|Erythroblast-3|cDC1|Intermediate Mono-2|T CD8 Naive|Intermediate Mono-1|cMOP|ERP-8|Myeloid intermediate 3|T CD4 Naive-1|MAIT|MDP-6|pre-DC-1|ERP-7|Erythroblast-2|Classical-Mono|CD8 TEM		0.002054352362150174	0.6825553528824917	0.2528927278748704	0.402269752687216	0.7450529197629795	0.356827232167182
Columbia:AML7	m-LSC	Multilin-2|LMPP-1-cycling|LMPP-1|MultiLin-GMP-2|MultiLin-GMP-3|LMPP-2|MultiLin-GMP-1|BMCP-1|MEP-2|Multilin-1|preNeu|CLP|MEP-1|MPP-MEP|Pro-B-3|cDC2-2|pre-DC-3	Intermediate Mono-3|Mono-2|Mono-1|pre-DC-2|Erythroblast-3|cDC1|Intermediate Mono-2|T CD8 Naive|Intermediate Mono-1|cMOP|ERP-8|Myeloid intermediate 3|T CD4 Naive-1|MAIT|MDP-6|pre-DC-1|ERP-7|Erythroblast-2|Classical-Mono|CD8 TEM		0.9999995015486665	0.6825553528824917	4.937628460685379e-07	0.402269752687216	4.688487411026868e-09	0.356827232167182
Columbia:AML9	p+m-LSC	Multilin-2|LMPP-1-cycling|LMPP-1|MultiLin-GMP-2|MultiLin-GMP-3|LMPP-2|MultiLin-GMP-1|BMCP-1|MEP-2|Multilin-1|preNeu|CLP|MEP-1|MPP-MEP|Pro-B-3|cDC2-2|pre-DC-3	Intermediate Mono-3|Mono-2|Mono-1|pre-DC-2|Erythroblast-3|cDC1|Intermediate Mono-2|T CD8 Naive|Intermediate Mono-1|cMOP|ERP-8|Myeloid intermediate 3|T CD4 Naive-1|MAIT|MDP-6|pre-DC-1|ERP-7|Erythroblast-2|Classical-Mono|CD8 TEM		0.27672464918170214	0.6825553528824917	0.4187046390390616	0.402269752687216	0.3045707117792363	0.356827232167182
Columbia:BM_control	p-LSC	Multilin-2|LMPP-1-cycling|LMPP-1|MultiLin-GMP-2|MultiLin-GMP-3|LMPP-2|MultiLin-GMP-1|BMCP-1|MEP-2|Multilin-1|preNeu|CLP|MEP-1|MPP-MEP|Pro-B-3|cDC2-2|pre-DC-3	Intermediate Mono-3|Mono-2|Mono-1|pre-DC-2|Erythroblast-3|cDC1|Intermediate Mono-2|T CD8 Naive|Intermediate Mono-1|cMOP|ERP-8|Myeloid intermediate 3|T CD4 Naive-1|MAIT|MDP-6|pre-DC-1|ERP-7|Erythroblast-2|Classical-Mono|CD8 TEM		1.092181720369758e-05	0.6825553528824917	0.0010350063110694705	0.402269752687216	0.9989540718717269	0.356827232167182
EBI:Donor 1	p+m-LSC	Multilin-2|LMPP-1-cycling|LMPP-1|MultiLin-GMP-2|MultiLin-GMP-3|LMPP-2|MultiLin-GMP-1|BMCP-1|MEP-2|Multilin-1|preNeu|CLP|MEP-1|MPP-MEP|Pro-B-3|cDC2-2|pre-DC-3	Intermediate Mono-3|Mono-2|Mono-1|pre-DC-2|Erythroblast-3|cDC1|Intermediate Mono-2|T CD8 Naive|Intermediate Mono-1|cMOP|ERP-8|Myeloid intermediate 3|T CD4 Naive-1|MAIT|MDP-6|pre-DC-1|ERP-7|Erythroblast-2|Classical-Mono|CD8 TEM		0.13719947236711605	0.6825553528824917	0.5452753552230658	0.402269752687216	0.31752517240981815	0.356827232167182
EBI:Donor 10	NULL	Multilin-2|LMPP-1-cycling|LMPP-1|MultiLin-GMP-2|MultiLin-GMP-3|LMPP-2|MultiLin-GMP-1|BMCP-1|MEP-2|Multilin-1|preNeu|CLP|MEP-1|MPP-MEP|Pro-B-3|cDC2-2|pre-DC-3	Intermediate Mono-3|Mono-2|Mono-1|pre-DC-2|Erythroblast-3|cDC1|Intermediate Mono-2|T CD8 Naive|Intermediate Mono-1|cMOP|ERP-8|Myeloid intermediate 3|T CD4 Naive-1|MAIT|MDP-6|pre-DC-1|ERP-7|Erythroblast-2|Classical-Mono|CD8 TEM		0.5634000408886425	0.6825553528824917	0.2288842931621649	0.402269752687216	0.20771566594919272	0.356827232167182
EBI:Donor 2	p-LSC	Multilin-2|LMPP-1-cycling|LMPP-1|MultiLin-GMP-2|MultiLin-GMP-3|LMPP-2|MultiLin-GMP-1|BMCP-1|MEP-2|Multilin-1|preNeu|CLP|MEP-1|MPP-MEP|Pro-B-3|cDC2-2|pre-DC-3	Intermediate Mono-3|Mono-2|Mono-1|pre-DC-2|Erythroblast-3|cDC1|Intermediate Mono-2|T CD8 Naive|Intermediate Mono-1|cMOP|ERP-8|Myeloid intermediate 3|T CD4 Naive-1|MAIT|MDP-6|pre-DC-1|ERP-7|Erythroblast-2|Classical-Mono|CD8 TEM		0.12071456291152159	0.6825553528824917	0.412595932920106	0.402269752687216	0.46668950416837235	0.356827232167182
EBI:Donor 3	p+m-LSC	Multilin-2|LMPP-1-cycling|LMPP-1|MultiLin-GMP-2|MultiLin-GMP-3|LMPP-2|MultiLin-GMP-1|BMCP-1|MEP-2|Multilin-1|preNeu|CLP|MEP-1|MPP-MEP|Pro-B-3|cDC2-2|pre-DC-3	Intermediate Mono-3|Mono-2|Mono-1|pre-DC-2|Erythroblast-3|cDC1|Intermediate Mono-2|T CD8 Naive|Intermediate Mono-1|cMOP|ERP-8|Myeloid intermediate 3|T CD4 Naive-1|MAIT|MDP-6|pre-DC-1|ERP-7|Erythroblast-2|Classical-Mono|CD8 TEM		0.19750016086617928	0.6825553528824917	0.42468243862126404	0.402269752687216	0.37781740051255674	0.356827232167182
EBI:Donor 4	NULL	Multilin-2|LMPP-1-cycling|LMPP-1|MultiLin-GMP-2|MultiLin-GMP-3|LMPP-2|MultiLin-GMP-1|BMCP-1|MEP-2|Multilin-1|preNeu|CLP|MEP-1|MPP-MEP|Pro-B-3|cDC2-2|pre-DC-3	Intermediate Mono-3|Mono-2|Mono-1|pre-DC-2|Erythroblast-3|cDC1|Intermediate Mono-2|T CD8 Naive|Intermediate Mono-1|cMOP|ERP-8|Myeloid intermediate 3|T CD4 Naive-1|MAIT|MDP-6|pre-DC-1|ERP-7|Erythroblast-2|Classical-Mono|CD8 TEM		0.3975713969540226	0.6825553528824917	0.3909308576905218	0.402269752687216	0.2114977453554557	0.356827232167182
EBI:Donor 5	p+m-LSC	Multilin-2|LMPP-1-cycling|LMPP-1|MultiLin-GMP-2|MultiLin-GMP-3|LMPP-2|MultiLin-GMP-1|BMCP-1|MEP-2|Multilin-1|preNeu|CLP|MEP-1|MPP-MEP|Pro-B-3|cDC2-2|pre-DC-3	Intermediate Mono-3|Mono-2|Mono-1|pre-DC-2|Erythroblast-3|cDC1|Intermediate Mono-2|T CD8 Naive|Intermediate Mono-1|cMOP|ERP-8|Myeloid intermediate 3|T CD4 Naive-1|MAIT|MDP-6|pre-DC-1|ERP-7|Erythroblast-2|Classical-Mono|CD8 TEM		0.03483283952301261	0.6825553528824917	0.5634882179620114	0.402269752687216	0.401678942514976	0.356827232167182
EBI:Donor 6	p+m-LSC	Multilin-2|LMPP-1-cycling|LMPP-1|MultiLin-GMP-2|MultiLin-GMP-3|LMPP-2|MultiLin-GMP-1|BMCP-1|MEP-2|Multilin-1|preNeu|CLP|MEP-1|MPP-MEP|Pro-B-3|cDC2-2|pre-DC-3	Intermediate Mono-3|Mono-2|Mono-1|pre-DC-2|Erythroblast-3|cDC1|Intermediate Mono-2|T CD8 Naive|Intermediate Mono-1|cMOP|ERP-8|Myeloid intermediate 3|T CD4 Naive-1|MAIT|MDP-6|pre-DC-1|ERP-7|Erythroblast-2|Classical-Mono|CD8 TEM		0.13511790785514013	0.6825553528824917	0.6197701024158568	0.402269752687216	0.2451119897290029	0.356827232167182
EBI:Donor 7	m-LSC	Multilin-2|LMPP-1-cycling|LMPP-1|MultiLin-GMP-2|MultiLin-GMP-3|LMPP-2|MultiLin-GMP-1|BMCP-1|MEP-2|Multilin-1|preNeu|CLP|MEP-1|MPP-MEP|Pro-B-3|cDC2-2|pre-DC-3	Intermediate Mono-3|Mono-2|Mono-1|pre-DC-2|Erythroblast-3|cDC1|Intermediate Mono-2|T CD8 Naive|Intermediate Mono-1|cMOP|ERP-8|Myeloid intermediate 3|T CD4 Naive-1|MAIT|MDP-6|pre-DC-1|ERP-7|Erythroblast-2|Classical-Mono|CD8 TEM		0.7151574097506636	0.6825553528824917	0.16816548766047223	0.402269752687216	0.11667710258886416	0.356827232167182
EBI:Donor 8	NULL	Multilin-2|LMPP-1-cycling|LMPP-1|MultiLin-GMP-2|MultiLin-GMP-3|LMPP-2|MultiLin-GMP-1|BMCP-1|MEP-2|Multilin-1|preNeu|CLP|MEP-1|MPP-MEP|Pro-B-3|cDC2-2|pre-DC-3	Intermediate Mono-3|Mono-2|Mono-1|pre-DC-2|Erythroblast-3|cDC1|Intermediate Mono-2|T CD8 Naive|Intermediate Mono-1|cMOP|ERP-8|Myeloid intermediate 3|T CD4 Naive-1|MAIT|MDP-6|pre-DC-1|ERP-7|Erythroblast-2|Classical-Mono|CD8 TEM		0.4560782053755272	0.6825553528824917	0.24498284932086853	0.402269752687216	0.2989389453036044	0.356827232167182
EBI:Donor 9	NULL	Multilin-2|LMPP-1-cycling|LMPP-1|MultiLin-GMP-2|MultiLin-GMP-3|LMPP-2|MultiLin-GMP-1|BMCP-1|MEP-2|Multilin-1|preNeu|CLP|MEP-1|MPP-MEP|Pro-B-3|cDC2-2|pre-DC-3	Intermediate Mono-3|Mono-2|Mono-1|pre-DC-2|Erythroblast-3|cDC1|Intermediate Mono-2|T CD8 Naive|Intermediate Mono-1|cMOP|ERP-8|Myeloid intermediate 3|T CD4 Naive-1|MAIT|MDP-6|pre-DC-1|ERP-7|Erythroblast-2|Classical-Mono|CD8 TEM		0.5198284577725281	0.6825553528824917	0.23210383047382432	0.402269752687216	0.2480677117536476	0.356827232167182
EBI:P01__Diagnosis	p-LSC	Multilin-2|LMPP-1-cycling|LMPP-1|MultiLin-GMP-2|MultiLin-GMP-3|LMPP-2|MultiLin-GMP-1|BMCP-1|MEP-2|Multilin-1|preNeu|CLP|MEP-1|MPP-MEP|Pro-B-3|cDC2-2|pre-DC-3	Intermediate Mono-3|Mono-2|Mono-1|pre-DC-2|Erythroblast-3|cDC1|Intermediate Mono-2|T CD8 Naive|Intermediate Mono-1|cMOP|ERP-8|Myeloid intermediate 3|T CD4 Naive-1|MAIT|MDP-6|pre-DC-1|ERP-7|Erythroblast-2|Classical-Mono|CD8 TEM		0.0002095092891385514	0.6825553528824917	0.04470617511540787	0.402269752687216	0.9550843155954535	0.356827232167182
EBI:P01__Relapse	p-LSC	Multilin-2|LMPP-1-cycling|LMPP-1|MultiLin-GMP-2|MultiLin-GMP-3|LMPP-2|MultiLin-GMP-1|BMCP-1|MEP-2|Multilin-1|preNeu|CLP|MEP-1|MPP-MEP|Pro-B-3|cDC2-2|pre-DC-3	Intermediate Mono-3|Mono-2|Mono-1|pre-DC-2|Erythroblast-3|cDC1|Intermediate Mono-2|T CD8 Naive|Intermediate Mono-1|cMOP|ERP-8|Myeloid intermediate 3|T CD4 Naive-1|MAIT|MDP-6|pre-DC-1|ERP-7|Erythroblast-2|Classical-Mono|CD8 TEM		0.00021295104724678598	0.6825553528824917	0.16971127445079937	0.402269752687216	0.8300757745019538	0.356827232167182
EBI:P02__Diagnosis	p-LSC	Multilin-2|LMPP-1-cycling|LMPP-1|MultiLin-GMP-2|MultiLin-GMP-3|LMPP-2|MultiLin-GMP-1|BMCP-1|MEP-2|Multilin-1|preNeu|CLP|MEP-1|MPP-MEP|Pro-B-3|cDC2-2|pre-DC-3	Intermediate Mono-3|Mono-2|Mono-1|pre-DC-2|Erythroblast-3|cDC1|Intermediate Mono-2|T CD8 Naive|Intermediate Mono-1|cMOP|ERP-8|Myeloid intermediate 3|T CD4 Naive-1|MAIT|MDP-6|pre-DC-1|ERP-7|Erythroblast-2|Classical-Mono|CD8 TEM		5.729443537404645e-05	0.6825553528824917	0.02691445929044134	0.402269752687216	0.9730282462741847	0.356827232167182
EBI:P02__Relapse	m-LSC	Multilin-2|LMPP-1-cycling|LMPP-1|MultiLin-GMP-2|MultiLin-GMP-3|LMPP-2|MultiLin-GMP-1|BMCP-1|MEP-2|Multilin-1|preNeu|CLP|MEP-1|MPP-MEP|Pro-B-3|cDC2-2|pre-DC-3	Intermediate Mono-3|Mono-2|Mono-1|pre-DC-2|Erythroblast-3|cDC1|Intermediate Mono-2|T CD8 Naive|Intermediate Mono-1|cMOP|ERP-8|Myeloid intermediate 3|T CD4 Naive-1|MAIT|MDP-6|pre-DC-1|ERP-7|Erythroblast-2|Classical-Mono|CD8 TEM		0.9637863608721908	0.6825553528824917	0.023384507184038394	0.402269752687216	0.012829131943770666	0.356827232167182
EBI:P03__Diagnosis	p-LSC	Multilin-2|LMPP-1-cycling|LMPP-1|MultiLin-GMP-2|MultiLin-GMP-3|LMPP-2|MultiLin-GMP-1|BMCP-1|MEP-2|Multilin-1|preNeu|CLP|MEP-1|MPP-MEP|Pro-B-3|cDC2-2|pre-DC-3	Intermediate Mono-3|Mono-2|Mono-1|pre-DC-2|Erythroblast-3|cDC1|Intermediate Mono-2|T CD8 Naive|Intermediate Mono-1|cMOP|ERP-8|Myeloid intermediate 3|T CD4 Naive-1|MAIT|MDP-6|pre-DC-1|ERP-7|Erythroblast-2|Classical-Mono|CD8 TEM		0.3785932881656848	0.6825553528824917	0.16632086812842728	0.402269752687216	0.4550858437058879	0.356827232167182
EBI:P03__Relapse	p-LSC	Multilin-2|LMPP-1-cycling|LMPP-1|MultiLin-GMP-2|MultiLin-GMP-3|LMPP-2|MultiLin-GMP-1|BMCP-1|MEP-2|Multilin-1|preNeu|CLP|MEP-1|MPP-MEP|Pro-B-3|cDC2-2|pre-DC-3	Intermediate Mono-3|Mono-2|Mono-1|pre-DC-2|Erythroblast-3|cDC1|Intermediate Mono-2|T CD8 Naive|Intermediate Mono-1|cMOP|ERP-8|Myeloid intermediate 3|T CD4 Naive-1|MAIT|MDP-6|pre-DC-1|ERP-7|Erythroblast-2|Classical-Mono|CD8 TEM		3.5918404165754545e-05	0.6825553528824917	0.004475840487371356	0.402269752687216	0.9954882411084629	0.356827232167182
EBI:P04__Diagnosis	p+m-LSC	Multilin-2|LMPP-1-cycling|LMPP-1|MultiLin-GMP-2|MultiLin-GMP-3|LMPP-2|MultiLin-GMP-1|BMCP-1|MEP-2|Multilin-1|preNeu|CLP|MEP-1|MPP-MEP|Pro-B-3|cDC2-2|pre-DC-3	Intermediate Mono-3|Mono-2|Mono-1|pre-DC-2|Erythroblast-3|cDC1|Intermediate Mono-2|T CD8 Naive|Intermediate Mono-1|cMOP|ERP-8|Myeloid intermediate 3|T CD4 Naive-1|MAIT|MDP-6|pre-DC-1|ERP-7|Erythroblast-2|Classical-Mono|CD8 TEM		0.03796524602412476	0.6825553528824917	0.5596024327770478	0.402269752687216	0.40243232119882755	0.356827232167182
EBI:P04__Relapse	p-LSC	Multilin-2|LMPP-1-cycling|LMPP-1|MultiLin-GMP-2|MultiLin-GMP-3|LMPP-2|MultiLin-GMP-1|BMCP-1|MEP-2|Multilin-1|preNeu|CLP|MEP-1|MPP-MEP|Pro-B-3|cDC2-2|pre-DC-3	Intermediate Mono-3|Mono-2|Mono-1|pre-DC-2|Erythroblast-3|cDC1|Intermediate Mono-2|T CD8 Naive|Intermediate Mono-1|cMOP|ERP-8|Myeloid intermediate 3|T CD4 Naive-1|MAIT|MDP-6|pre-DC-1|ERP-7|Erythroblast-2|Classical-Mono|CD8 TEM		2.814831617981698e-06	0.6825553528824917	0.0014788274294571919	0.402269752687216	0.9985183577389247	0.356827232167182
EBI:P05__Diagnosis	NULL	Multilin-2|LMPP-1-cycling|LMPP-1|MultiLin-GMP-2|MultiLin-GMP-3|LMPP-2|MultiLin-GMP-1|BMCP-1|MEP-2|Multilin-1|preNeu|CLP|MEP-1|MPP-MEP|Pro-B-3|cDC2-2|pre-DC-3	Intermediate Mono-3|Mono-2|Mono-1|pre-DC-2|Erythroblast-3|cDC1|Intermediate Mono-2|T CD8 Naive|Intermediate Mono-1|cMOP|ERP-8|Myeloid intermediate 3|T CD4 Naive-1|MAIT|MDP-6|pre-DC-1|ERP-7|Erythroblast-2|Classical-Mono|CD8 TEM		0.47908164217577964	0.6825553528824917	0.26180710417774095	0.402269752687216	0.25911125364647936	0.356827232167182
EBI:P05__Relapse	p-LSC	Multilin-2|LMPP-1-cycling|LMPP-1|MultiLin-GMP-2|MultiLin-GMP-3|LMPP-2|MultiLin-GMP-1|BMCP-1|MEP-2|Multilin-1|preNeu|CLP|MEP-1|MPP-MEP|Pro-B-3|cDC2-2|pre-DC-3	Intermediate Mono-3|Mono-2|Mono-1|pre-DC-2|Erythroblast-3|cDC1|Intermediate Mono-2|T CD8 Naive|Intermediate Mono-1|cMOP|ERP-8|Myeloid intermediate 3|T CD4 Naive-1|MAIT|MDP-6|pre-DC-1|ERP-7|Erythroblast-2|Classical-Mono|CD8 TEM		5.195593836289193e-06	0.6825553528824917	0.0029740628858976894	0.402269752687216	0.997020741520266	0.356827232167182
EBI:P06__Diagnosis	p+m-LSC	Multilin-2|LMPP-1-cycling|LMPP-1|MultiLin-GMP-2|MultiLin-GMP-3|LMPP-2|MultiLin-GMP-1|BMCP-1|MEP-2|Multilin-1|preNeu|CLP|MEP-1|MPP-MEP|Pro-B-3|cDC2-2|pre-DC-3	Intermediate Mono-3|Mono-2|Mono-1|pre-DC-2|Erythroblast-3|cDC1|Intermediate Mono-2|T CD8 Naive|Intermediate Mono-1|cMOP|ERP-8|Myeloid intermediate 3|T CD4 Naive-1|MAIT|MDP-6|pre-DC-1|ERP-7|Erythroblast-2|Classical-Mono|CD8 TEM		0.3847876778398235	0.6825553528824917	0.546951075942507	0.402269752687216	0.06826124621766944	0.356827232167182
EBI:P06__Relapse	p+m-LSC	Multilin-2|LMPP-1-cycling|LMPP-1|MultiLin-GMP-2|MultiLin-GMP-3|LMPP-2|MultiLin-GMP-1|BMCP-1|MEP-2|Multilin-1|preNeu|CLP|MEP-1|MPP-MEP|Pro-B-3|cDC2-2|pre-DC-3	Intermediate Mono-3|Mono-2|Mono-1|pre-DC-2|Erythroblast-3|cDC1|Intermediate Mono-2|T CD8 Naive|Intermediate Mono-1|cMOP|ERP-8|Myeloid intermediate 3|T CD4 Naive-1|MAIT|MDP-6|pre-DC-1|ERP-7|Erythroblast-2|Classical-Mono|CD8 TEM		0.3473251268112756	0.6825553528824917	0.5134219730224434	0.402269752687216	0.139252900166281	0.356827232167182
EBI:P07__Diagnosis	m-LSC	Multilin-2|LMPP-1-cycling|LMPP-1|MultiLin-GMP-2|MultiLin-GMP-3|LMPP-2|MultiLin-GMP-1|BMCP-1|MEP-2|Multilin-1|preNeu|CLP|MEP-1|MPP-MEP|Pro-B-3|cDC2-2|pre-DC-3	Intermediate Mono-3|Mono-2|Mono-1|pre-DC-2|Erythroblast-3|cDC1|Intermediate Mono-2|T CD8 Naive|Intermediate Mono-1|cMOP|ERP-8|Myeloid intermediate 3|T CD4 Naive-1|MAIT|MDP-6|pre-DC-1|ERP-7|Erythroblast-2|Classical-Mono|CD8 TEM		0.8374176980630937	0.6825553528824917	0.141487884891062	0.402269752687216	0.021094417045844294	0.356827232167182
EBI:P07__Relapse	p-LSC	Multilin-2|LMPP-1-cycling|LMPP-1|MultiLin-GMP-2|MultiLin-GMP-3|LMPP-2|MultiLin-GMP-1|BMCP-1|MEP-2|Multilin-1|preNeu|CLP|MEP-1|MPP-MEP|Pro-B-3|cDC2-2|pre-DC-3	Intermediate Mono-3|Mono-2|Mono-1|pre-DC-2|Erythroblast-3|cDC1|Intermediate Mono-2|T CD8 Naive|Intermediate Mono-1|cMOP|ERP-8|Myeloid intermediate 3|T CD4 Naive-1|MAIT|MDP-6|pre-DC-1|ERP-7|Erythroblast-2|Classical-Mono|CD8 TEM		0.0103004111481328	0.6825553528824917	0.059868758950790024	0.402269752687216	0.9298308299010771	0.356827232167182
EBI:P08__Diagnosis	p-LSC	Multilin-2|LMPP-1-cycling|LMPP-1|MultiLin-GMP-2|MultiLin-GMP-3|LMPP-2|MultiLin-GMP-1|BMCP-1|MEP-2|Multilin-1|preNeu|CLP|MEP-1|MPP-MEP|Pro-B-3|cDC2-2|pre-DC-3	Intermediate Mono-3|Mono-2|Mono-1|pre-DC-2|Erythroblast-3|cDC1|Intermediate Mono-2|T CD8 Naive|Intermediate Mono-1|cMOP|ERP-8|Myeloid intermediate 3|T CD4 Naive-1|MAIT|MDP-6|pre-DC-1|ERP-7|Erythroblast-2|Classical-Mono|CD8 TEM		0.004431124261642533	0.6825553528824917	0.05109240457723846	0.402269752687216	0.944476471161119	0.356827232167182
EBI:P08__Relapse	m-LSC	Multilin-2|LMPP-1-cycling|LMPP-1|MultiLin-GMP-2|MultiLin-GMP-3|LMPP-2|MultiLin-GMP-1|BMCP-1|MEP-2|Multilin-1|preNeu|CLP|MEP-1|MPP-MEP|Pro-B-3|cDC2-2|pre-DC-3	Intermediate Mono-3|Mono-2|Mono-1|pre-DC-2|Erythroblast-3|cDC1|Intermediate Mono-2|T CD8 Naive|Intermediate Mono-1|cMOP|ERP-8|Myeloid intermediate 3|T CD4 Naive-1|MAIT|MDP-6|pre-DC-1|ERP-7|Erythroblast-2|Classical-Mono|CD8 TEM		0.9187797853369198	0.6825553528824917	0.04767859312059617	0.402269752687216	0.03354162154248399	0.356827232167182
EBI:P09__Diagnosis	p+m-LSC	Multilin-2|LMPP-1-cycling|LMPP-1|MultiLin-GMP-2|MultiLin-GMP-3|LMPP-2|MultiLin-GMP-1|BMCP-1|MEP-2|Multilin-1|preNeu|CLP|MEP-1|MPP-MEP|Pro-B-3|cDC2-2|pre-DC-3	Intermediate Mono-3|Mono-2|Mono-1|pre-DC-2|Erythroblast-3|cDC1|Intermediate Mono-2|T CD8 Naive|Intermediate Mono-1|cMOP|ERP-8|Myeloid intermediate 3|T CD4 Naive-1|MAIT|MDP-6|pre-DC-1|ERP-7|Erythroblast-2|Classical-Mono|CD8 TEM		0.0032109703393242593	0.6825553528824917	0.7372440531698314	0.402269752687216	0.2595449764908442	0.356827232167182
EBI:P09__Relapse	p+m-LSC	Multilin-2|LMPP-1-cycling|LMPP-1|MultiLin-GMP-2|MultiLin-GMP-3|LMPP-2|MultiLin-GMP-1|BMCP-1|MEP-2|Multilin-1|preNeu|CLP|MEP-1|MPP-MEP|Pro-B-3|cDC2-2|pre-DC-3	Intermediate Mono-3|Mono-2|Mono-1|pre-DC-2|Erythroblast-3|cDC1|Intermediate Mono-2|T CD8 Naive|Intermediate Mono-1|cMOP|ERP-8|Myeloid intermediate 3|T CD4 Naive-1|MAIT|MDP-6|pre-DC-1|ERP-7|Erythroblast-2|Classical-Mono|CD8 TEM		0.002778293969616782	0.6825553528824917	0.699507686796156	0.402269752687216	0.2977140192342271	0.356827232167182
EBI:P10__Diagnosis	p-LSC	Multilin-2|LMPP-1-cycling|LMPP-1|MultiLin-GMP-2|MultiLin-GMP-3|LMPP-2|MultiLin-GMP-1|BMCP-1|MEP-2|Multilin-1|preNeu|CLP|MEP-1|MPP-MEP|Pro-B-3|cDC2-2|pre-DC-3	Intermediate Mono-3|Mono-2|Mono-1|pre-DC-2|Erythroblast-3|cDC1|Intermediate Mono-2|T CD8 Naive|Intermediate Mono-1|cMOP|ERP-8|Myeloid intermediate 3|T CD4 Naive-1|MAIT|MDP-6|pre-DC-1|ERP-7|Erythroblast-2|Classical-Mono|CD8 TEM		3.9269303561274616e-06	0.6825553528824917	5.764013792595824e-05	0.402269752687216	0.9999384329317178	0.356827232167182
EBI:P10__Relapse	p+m-LSC	Multilin-2|LMPP-1-cycling|LMPP-1|MultiLin-GMP-2|MultiLin-GMP-3|LMPP-2|MultiLin-GMP-1|BMCP-1|MEP-2|Multilin-1|preNeu|CLP|MEP-1|MPP-MEP|Pro-B-3|cDC2-2|pre-DC-3	Intermediate Mono-3|Mono-2|Mono-1|pre-DC-2|Erythroblast-3|cDC1|Intermediate Mono-2|T CD8 Naive|Intermediate Mono-1|cMOP|ERP-8|Myeloid intermediate 3|T CD4 Naive-1|MAIT|MDP-6|pre-DC-1|ERP-7|Erythroblast-2|Classical-Mono|CD8 TEM		0.036606412763145954	0.6825553528824917	0.638892074629537	0.402269752687216	0.3245015126073169	0.356827232167182
EBI:P11__Diagnosis	p+m-LSC	Multilin-2|LMPP-1-cycling|LMPP-1|MultiLin-GMP-2|MultiLin-GMP-3|LMPP-2|MultiLin-GMP-1|BMCP-1|MEP-2|Multilin-1|preNeu|CLP|MEP-1|MPP-MEP|Pro-B-3|cDC2-2|pre-DC-3	Intermediate Mono-3|Mono-2|Mono-1|pre-DC-2|Erythroblast-3|cDC1|Intermediate Mono-2|T CD8 Naive|Intermediate Mono-1|cMOP|ERP-8|Myeloid intermediate 3|T CD4 Naive-1|MAIT|MDP-6|pre-DC-1|ERP-7|Erythroblast-2|Classical-Mono|CD8 TEM		0.2582805031889268	0.6825553528824917	0.46016086199198303	0.402269752687216	0.2815586348190902	0.356827232167182
EBI:P11__Relapse	NULL	Multilin-2|LMPP-1-cycling|LMPP-1|MultiLin-GMP-2|MultiLin-GMP-3|LMPP-2|MultiLin-GMP-1|BMCP-1|MEP-2|Multilin-1|preNeu|CLP|MEP-1|MPP-MEP|Pro-B-3|cDC2-2|pre-DC-3	Intermediate Mono-3|Mono-2|Mono-1|pre-DC-2|Erythroblast-3|cDC1|Intermediate Mono-2|T CD8 Naive|Intermediate Mono-1|cMOP|ERP-8|Myeloid intermediate 3|T CD4 Naive-1|MAIT|MDP-6|pre-DC-1|ERP-7|Erythroblast-2|Classical-Mono|CD8 TEM		0.6656926601676977	0.6825553528824917	0.2852059180876505	0.402269752687216	0.04910142174465182	0.356827232167182
EBI:P12__Diagnosis	p+m-LSC	Multilin-2|LMPP-1-cycling|LMPP-1|MultiLin-GMP-2|MultiLin-GMP-3|LMPP-2|MultiLin-GMP-1|BMCP-1|MEP-2|Multilin-1|preNeu|CLP|MEP-1|MPP-MEP|Pro-B-3|cDC2-2|pre-DC-3	Intermediate Mono-3|Mono-2|Mono-1|pre-DC-2|Erythroblast-3|cDC1|Intermediate Mono-2|T CD8 Naive|Intermediate Mono-1|cMOP|ERP-8|Myeloid intermediate 3|T CD4 Naive-1|MAIT|MDP-6|pre-DC-1|ERP-7|Erythroblast-2|Classical-Mono|CD8 TEM		0.0002951479663643952	0.6825553528824917	0.8452607772738311	0.402269752687216	0.15444407475980437	0.356827232167182
EBI:P12__Relapse	p-LSC	Multilin-2|LMPP-1-cycling|LMPP-1|MultiLin-GMP-2|MultiLin-GMP-3|LMPP-2|MultiLin-GMP-1|BMCP-1|MEP-2|Multilin-1|preNeu|CLP|MEP-1|MPP-MEP|Pro-B-3|cDC2-2|pre-DC-3	Intermediate Mono-3|Mono-2|Mono-1|pre-DC-2|Erythroblast-3|cDC1|Intermediate Mono-2|T CD8 Naive|Intermediate Mono-1|cMOP|ERP-8|Myeloid intermediate 3|T CD4 Naive-1|MAIT|MDP-6|pre-DC-1|ERP-7|Erythroblast-2|Classical-Mono|CD8 TEM		0.0006743089514027087	0.6825553528824917	0.033885537669417806	0.402269752687216	0.9654401533791795	0.356827232167182
EBI:P13__Diagnosis	p-LSC	Multilin-2|LMPP-1-cycling|LMPP-1|MultiLin-GMP-2|MultiLin-GMP-3|LMPP-2|MultiLin-GMP-1|BMCP-1|MEP-2|Multilin-1|preNeu|CLP|MEP-1|MPP-MEP|Pro-B-3|cDC2-2|pre-DC-3	Intermediate Mono-3|Mono-2|Mono-1|pre-DC-2|Erythroblast-3|cDC1|Intermediate Mono-2|T CD8 Naive|Intermediate Mono-1|cMOP|ERP-8|Myeloid intermediate 3|T CD4 Naive-1|MAIT|MDP-6|pre-DC-1|ERP-7|Erythroblast-2|Classical-Mono|CD8 TEM		0.21946456850288437	0.6825553528824917	0.24126098643789318	0.402269752687216	0.5392744450592225	0.356827232167182
EBI:P13__Relapse	p-LSC	Multilin-2|LMPP-1-cycling|LMPP-1|MultiLin-GMP-2|MultiLin-GMP-3|LMPP-2|MultiLin-GMP-1|BMCP-1|MEP-2|Multilin-1|preNeu|CLP|MEP-1|MPP-MEP|Pro-B-3|cDC2-2|pre-DC-3	Intermediate Mono-3|Mono-2|Mono-1|pre-DC-2|Erythroblast-3|cDC1|Intermediate Mono-2|T CD8 Naive|Intermediate Mono-1|cMOP|ERP-8|Myeloid intermediate 3|T CD4 Naive-1|MAIT|MDP-6|pre-DC-1|ERP-7|Erythroblast-2|Classical-Mono|CD8 TEM		6.594443548279932e-05	0.6825553528824917	0.005438310070759484	0.402269752687216	0.9944957454937577	0.356827232167182
EBI:P14__Diagnosis	p-LSC	Multilin-2|LMPP-1-cycling|LMPP-1|MultiLin-GMP-2|MultiLin-GMP-3|LMPP-2|MultiLin-GMP-1|BMCP-1|MEP-2|Multilin-1|preNeu|CLP|MEP-1|MPP-MEP|Pro-B-3|cDC2-2|pre-DC-3	Intermediate Mono-3|Mono-2|Mono-1|pre-DC-2|Erythroblast-3|cDC1|Intermediate Mono-2|T CD8 Naive|Intermediate Mono-1|cMOP|ERP-8|Myeloid intermediate 3|T CD4 Naive-1|MAIT|MDP-6|pre-DC-1|ERP-7|Erythroblast-2|Classical-Mono|CD8 TEM		0.00019369718455040973	0.6825553528824917	0.11960781744343896	0.402269752687216	0.8801984853720106	0.356827232167182
EBI:P14__Relapse	p-LSC	Multilin-2|LMPP-1-cycling|LMPP-1|MultiLin-GMP-2|MultiLin-GMP-3|LMPP-2|MultiLin-GMP-1|BMCP-1|MEP-2|Multilin-1|preNeu|CLP|MEP-1|MPP-MEP|Pro-B-3|cDC2-2|pre-DC-3	Intermediate Mono-3|Mono-2|Mono-1|pre-DC-2|Erythroblast-3|cDC1|Intermediate Mono-2|T CD8 Naive|Intermediate Mono-1|cMOP|ERP-8|Myeloid intermediate 3|T CD4 Naive-1|MAIT|MDP-6|pre-DC-1|ERP-7|Erythroblast-2|Classical-Mono|CD8 TEM		0.0028838474754728158	0.6825553528824917	0.13396918736098098	0.402269752687216	0.863146965163546	0.356827232167182
EBI:P15__Diagnosis	p-LSC	Multilin-2|LMPP-1-cycling|LMPP-1|MultiLin-GMP-2|MultiLin-GMP-3|LMPP-2|MultiLin-GMP-1|BMCP-1|MEP-2|Multilin-1|preNeu|CLP|MEP-1|MPP-MEP|Pro-B-3|cDC2-2|pre-DC-3	Intermediate Mono-3|Mono-2|Mono-1|pre-DC-2|Erythroblast-3|cDC1|Intermediate Mono-2|T CD8 Naive|Intermediate Mono-1|cMOP|ERP-8|Myeloid intermediate 3|T CD4 Naive-1|MAIT|MDP-6|pre-DC-1|ERP-7|Erythroblast-2|Classical-Mono|CD8 TEM		0.016836236834249105	0.6825553528824917	0.2673044294112434	0.402269752687216	0.7158593337545076	0.356827232167182
EBI:P15__Relapse	p+m-LSC	Multilin-2|LMPP-1-cycling|LMPP-1|MultiLin-GMP-2|MultiLin-GMP-3|LMPP-2|MultiLin-GMP-1|BMCP-1|MEP-2|Multilin-1|preNeu|CLP|MEP-1|MPP-MEP|Pro-B-3|cDC2-2|pre-DC-3	Intermediate Mono-3|Mono-2|Mono-1|pre-DC-2|Erythroblast-3|cDC1|Intermediate Mono-2|T CD8 Naive|Intermediate Mono-1|cMOP|ERP-8|Myeloid intermediate 3|T CD4 Naive-1|MAIT|MDP-6|pre-DC-1|ERP-7|Erythroblast-2|Classical-Mono|CD8 TEM		0.15507587491765343	0.6825553528824917	0.6235159929395496	0.402269752687216	0.22140813214279695	0.356827232167182
EBI:P16__Diagnosis	p-LSC	Multilin-2|LMPP-1-cycling|LMPP-1|MultiLin-GMP-2|MultiLin-GMP-3|LMPP-2|MultiLin-GMP-1|BMCP-1|MEP-2|Multilin-1|preNeu|CLP|MEP-1|MPP-MEP|Pro-B-3|cDC2-2|pre-DC-3	Intermediate Mono-3|Mono-2|Mono-1|pre-DC-2|Erythroblast-3|cDC1|Intermediate Mono-2|T CD8 Naive|Intermediate Mono-1|cMOP|ERP-8|Myeloid intermediate 3|T CD4 Naive-1|MAIT|MDP-6|pre-DC-1|ERP-7|Erythroblast-2|Classical-Mono|CD8 TEM		0.02378559500489774	0.6825553528824917	0.11210334289909553	0.402269752687216	0.8641110620960069	0.356827232167182
EBI:P16__Relapse	p+m-LSC	Multilin-2|LMPP-1-cycling|LMPP-1|MultiLin-GMP-2|MultiLin-GMP-3|LMPP-2|MultiLin-GMP-1|BMCP-1|MEP-2|Multilin-1|preNeu|CLP|MEP-1|MPP-MEP|Pro-B-3|cDC2-2|pre-DC-3	Intermediate Mono-3|Mono-2|Mono-1|pre-DC-2|Erythroblast-3|cDC1|Intermediate Mono-2|T CD8 Naive|Intermediate Mono-1|cMOP|ERP-8|Myeloid intermediate 3|T CD4 Naive-1|MAIT|MDP-6|pre-DC-1|ERP-7|Erythroblast-2|Classical-Mono|CD8 TEM		0.005798268839599055	0.6825553528824917	0.8577396850524118	0.402269752687216	0.13646204610798895	0.356827232167182
EBI:P17__Diagnosis	NULL	Multilin-2|LMPP-1-cycling|LMPP-1|MultiLin-GMP-2|MultiLin-GMP-3|LMPP-2|MultiLin-GMP-1|BMCP-1|MEP-2|Multilin-1|preNeu|CLP|MEP-1|MPP-MEP|Pro-B-3|cDC2-2|pre-DC-3	Intermediate Mono-3|Mono-2|Mono-1|pre-DC-2|Erythroblast-3|cDC1|Intermediate Mono-2|T CD8 Naive|Intermediate Mono-1|cMOP|ERP-8|Myeloid intermediate 3|T CD4 Naive-1|MAIT|MDP-6|pre-DC-1|ERP-7|Erythroblast-2|Classical-Mono|CD8 TEM		0.48587063174776296	0.6825553528824917	0.3686650515673583	0.402269752687216	0.14546431668487883	0.356827232167182
EBI:P17__Relapse	m-LSC	Multilin-2|LMPP-1-cycling|LMPP-1|MultiLin-GMP-2|MultiLin-GMP-3|LMPP-2|MultiLin-GMP-1|BMCP-1|MEP-2|Multilin-1|preNeu|CLP|MEP-1|MPP-MEP|Pro-B-3|cDC2-2|pre-DC-3	Intermediate Mono-3|Mono-2|Mono-1|pre-DC-2|Erythroblast-3|cDC1|Intermediate Mono-2|T CD8 Naive|Intermediate Mono-1|cMOP|ERP-8|Myeloid intermediate 3|T CD4 Naive-1|MAIT|MDP-6|pre-DC-1|ERP-7|Erythroblast-2|Classical-Mono|CD8 TEM		0.9999026542172578	0.6825553528824917	8.646169800032555e-05	0.402269752687216	1.0884084741798144e-05	0.356827232167182
EBI:P18__Diagnosis	p-LSC	Multilin-2|LMPP-1-cycling|LMPP-1|MultiLin-GMP-2|MultiLin-GMP-3|LMPP-2|MultiLin-GMP-1|BMCP-1|MEP-2|Multilin-1|preNeu|CLP|MEP-1|MPP-MEP|Pro-B-3|cDC2-2|pre-DC-3	Intermediate Mono-3|Mono-2|Mono-1|pre-DC-2|Erythroblast-3|cDC1|Intermediate Mono-2|T CD8 Naive|Intermediate Mono-1|cMOP|ERP-8|Myeloid intermediate 3|T CD4 Naive-1|MAIT|MDP-6|pre-DC-1|ERP-7|Erythroblast-2|Classical-Mono|CD8 TEM		2.4150436524658462e-05	0.6825553528824917	0.0005717807640311085	0.402269752687216	0.9994040687994442	0.356827232167182
EBI:P18__Relapse	p+m-LSC	Multilin-2|LMPP-1-cycling|LMPP-1|MultiLin-GMP-2|MultiLin-GMP-3|LMPP-2|MultiLin-GMP-1|BMCP-1|MEP-2|Multilin-1|preNeu|CLP|MEP-1|MPP-MEP|Pro-B-3|cDC2-2|pre-DC-3	Intermediate Mono-3|Mono-2|Mono-1|pre-DC-2|Erythroblast-3|cDC1|Intermediate Mono-2|T CD8 Naive|Intermediate Mono-1|cMOP|ERP-8|Myeloid intermediate 3|T CD4 Naive-1|MAIT|MDP-6|pre-DC-1|ERP-7|Erythroblast-2|Classical-Mono|CD8 TEM		0.12817152376087038	0.6825553528824917	0.8245582699308859	0.402269752687216	0.047270206308243884	0.356827232167182
EBI:P19__Diagnosis	p+m-LSC	Multilin-2|LMPP-1-cycling|LMPP-1|MultiLin-GMP-2|MultiLin-GMP-3|LMPP-2|MultiLin-GMP-1|BMCP-1|MEP-2|Multilin-1|preNeu|CLP|MEP-1|MPP-MEP|Pro-B-3|cDC2-2|pre-DC-3	Intermediate Mono-3|Mono-2|Mono-1|pre-DC-2|Erythroblast-3|cDC1|Intermediate Mono-2|T CD8 Naive|Intermediate Mono-1|cMOP|ERP-8|Myeloid intermediate 3|T CD4 Naive-1|MAIT|MDP-6|pre-DC-1|ERP-7|Erythroblast-2|Classical-Mono|CD8 TEM		0.15922885659043112	0.6825553528824917	0.4848698893540901	0.402269752687216	0.3559012540554788	0.356827232167182
EBI:P19__Relapse	p+m-LSC	Multilin-2|LMPP-1-cycling|LMPP-1|MultiLin-GMP-2|MultiLin-GMP-3|LMPP-2|MultiLin-GMP-1|BMCP-1|MEP-2|Multilin-1|preNeu|CLP|MEP-1|MPP-MEP|Pro-B-3|cDC2-2|pre-DC-3	Intermediate Mono-3|Mono-2|Mono-1|pre-DC-2|Erythroblast-3|cDC1|Intermediate Mono-2|T CD8 Naive|Intermediate Mono-1|cMOP|ERP-8|Myeloid intermediate 3|T CD4 Naive-1|MAIT|MDP-6|pre-DC-1|ERP-7|Erythroblast-2|Classical-Mono|CD8 TEM		0.08488303562534305	0.6825553528824917	0.49665342005026614	0.402269752687216	0.4184635443243909	0.356827232167182
EBI:P20__Diagnosis	p-LSC	Multilin-2|LMPP-1-cycling|LMPP-1|MultiLin-GMP-2|MultiLin-GMP-3|LMPP-2|MultiLin-GMP-1|BMCP-1|MEP-2|Multilin-1|preNeu|CLP|MEP-1|MPP-MEP|Pro-B-3|cDC2-2|pre-DC-3	Intermediate Mono-3|Mono-2|Mono-1|pre-DC-2|Erythroblast-3|cDC1|Intermediate Mono-2|T CD8 Naive|Intermediate Mono-1|cMOP|ERP-8|Myeloid intermediate 3|T CD4 Naive-1|MAIT|MDP-6|pre-DC-1|ERP-7|Erythroblast-2|Classical-Mono|CD8 TEM		0.00012372663874955027	0.6825553528824917	0.001658228051807001	0.402269752687216	0.9982180453094435	0.356827232167182
EBI:P20__Relapse	p-LSC	Multilin-2|LMPP-1-cycling|LMPP-1|MultiLin-GMP-2|MultiLin-GMP-3|LMPP-2|MultiLin-GMP-1|BMCP-1|MEP-2|Multilin-1|preNeu|CLP|MEP-1|MPP-MEP|Pro-B-3|cDC2-2|pre-DC-3	Intermediate Mono-3|Mono-2|Mono-1|pre-DC-2|Erythroblast-3|cDC1|Intermediate Mono-2|T CD8 Naive|Intermediate Mono-1|cMOP|ERP-8|Myeloid intermediate 3|T CD4 Naive-1|MAIT|MDP-6|pre-DC-1|ERP-7|Erythroblast-2|Classical-Mono|CD8 TEM		0.00026222974501262435	0.6825553528824917	0.074123039535457	0.402269752687216	0.9256147307195303	0.356827232167182
EBI:P21__Diagnosis	p-LSC	Multilin-2|LMPP-1-cycling|LMPP-1|MultiLin-GMP-2|MultiLin-GMP-3|LMPP-2|MultiLin-GMP-1|BMCP-1|MEP-2|Multilin-1|preNeu|CLP|MEP-1|MPP-MEP|Pro-B-3|cDC2-2|pre-DC-3	Intermediate Mono-3|Mono-2|Mono-1|pre-DC-2|Erythroblast-3|cDC1|Intermediate Mono-2|T CD8 Naive|Intermediate Mono-1|cMOP|ERP-8|Myeloid intermediate 3|T CD4 Naive-1|MAIT|MDP-6|pre-DC-1|ERP-7|Erythroblast-2|Classical-Mono|CD8 TEM		8.798751560800937e-05	0.6825553528824917	0.08263565784674311	0.402269752687216	0.9172763546376489	0.356827232167182
EBI:P21__Relapse	p+m-LSC	Multilin-2|LMPP-1-cycling|LMPP-1|MultiLin-GMP-2|MultiLin-GMP-3|LMPP-2|MultiLin-GMP-1|BMCP-1|MEP-2|Multilin-1|preNeu|CLP|MEP-1|MPP-MEP|Pro-B-3|cDC2-2|pre-DC-3	Intermediate Mono-3|Mono-2|Mono-1|pre-DC-2|Erythroblast-3|cDC1|Intermediate Mono-2|T CD8 Naive|Intermediate Mono-1|cMOP|ERP-8|Myeloid intermediate 3|T CD4 Naive-1|MAIT|MDP-6|pre-DC-1|ERP-7|Erythroblast-2|Classical-Mono|CD8 TEM		0.000361767170341238	0.6825553528824917	0.5234586613220044	0.402269752687216	0.4761795715076544	0.356827232167182
EBI:P22__Diagnosis	p-LSC	Multilin-2|LMPP-1-cycling|LMPP-1|MultiLin-GMP-2|MultiLin-GMP-3|LMPP-2|MultiLin-GMP-1|BMCP-1|MEP-2|Multilin-1|preNeu|CLP|MEP-1|MPP-MEP|Pro-B-3|cDC2-2|pre-DC-3	Intermediate Mono-3|Mono-2|Mono-1|pre-DC-2|Erythroblast-3|cDC1|Intermediate Mono-2|T CD8 Naive|Intermediate Mono-1|cMOP|ERP-8|Myeloid intermediate 3|T CD4 Naive-1|MAIT|MDP-6|pre-DC-1|ERP-7|Erythroblast-2|Classical-Mono|CD8 TEM		0.009627921759526774	0.6825553528824917	0.3477197508400025	0.402269752687216	0.6426523274004707	0.356827232167182
EBI:P22__Relapse	p-LSC	Multilin-2|LMPP-1-cycling|LMPP-1|MultiLin-GMP-2|MultiLin-GMP-3|LMPP-2|MultiLin-GMP-1|BMCP-1|MEP-2|Multilin-1|preNeu|CLP|MEP-1|MPP-MEP|Pro-B-3|cDC2-2|pre-DC-3	Intermediate Mono-3|Mono-2|Mono-1|pre-DC-2|Erythroblast-3|cDC1|Intermediate Mono-2|T CD8 Naive|Intermediate Mono-1|cMOP|ERP-8|Myeloid intermediate 3|T CD4 Naive-1|MAIT|MDP-6|pre-DC-1|ERP-7|Erythroblast-2|Classical-Mono|CD8 TEM		0.00921877527765003	0.6825553528824917	0.28116703913357044	0.402269752687216	0.7096141855887795	0.356827232167182
EBI:P23__Diagnosis	p-LSC	Multilin-2|LMPP-1-cycling|LMPP-1|MultiLin-GMP-2|MultiLin-GMP-3|LMPP-2|MultiLin-GMP-1|BMCP-1|MEP-2|Multilin-1|preNeu|CLP|MEP-1|MPP-MEP|Pro-B-3|cDC2-2|pre-DC-3	Intermediate Mono-3|Mono-2|Mono-1|pre-DC-2|Erythroblast-3|cDC1|Intermediate Mono-2|T CD8 Naive|Intermediate Mono-1|cMOP|ERP-8|Myeloid intermediate 3|T CD4 Naive-1|MAIT|MDP-6|pre-DC-1|ERP-7|Erythroblast-2|Classical-Mono|CD8 TEM		0.00035445182385722494	0.6825553528824917	0.06010389580668413	0.402269752687216	0.9395416523694586	0.356827232167182
EBI:P23__Relapse	p-LSC	Multilin-2|LMPP-1-cycling|LMPP-1|MultiLin-GMP-2|MultiLin-GMP-3|LMPP-2|MultiLin-GMP-1|BMCP-1|MEP-2|Multilin-1|preNeu|CLP|MEP-1|MPP-MEP|Pro-B-3|cDC2-2|pre-DC-3	Intermediate Mono-3|Mono-2|Mono-1|pre-DC-2|Erythroblast-3|cDC1|Intermediate Mono-2|T CD8 Naive|Intermediate Mono-1|cMOP|ERP-8|Myeloid intermediate 3|T CD4 Naive-1|MAIT|MDP-6|pre-DC-1|ERP-7|Erythroblast-2|Classical-Mono|CD8 TEM		7.743653768936173e-05	0.6825553528824917	0.05867781489872774	0.402269752687216	0.941244748563583	0.356827232167182
EBI:P24__Diagnosis	p-LSC	Multilin-2|LMPP-1-cycling|LMPP-1|MultiLin-GMP-2|MultiLin-GMP-3|LMPP-2|MultiLin-GMP-1|BMCP-1|MEP-2|Multilin-1|preNeu|CLP|MEP-1|MPP-MEP|Pro-B-3|cDC2-2|pre-DC-3	Intermediate Mono-3|Mono-2|Mono-1|pre-DC-2|Erythroblast-3|cDC1|Intermediate Mono-2|T CD8 Naive|Intermediate Mono-1|cMOP|ERP-8|Myeloid intermediate 3|T CD4 Naive-1|MAIT|MDP-6|pre-DC-1|ERP-7|Erythroblast-2|Classical-Mono|CD8 TEM		0.00022448618453465883	0.6825553528824917	0.22478181093550642	0.402269752687216	0.774993702879959	0.356827232167182
EBI:P24__Relapse	p-LSC	Multilin-2|LMPP-1-cycling|LMPP-1|MultiLin-GMP-2|MultiLin-GMP-3|LMPP-2|MultiLin-GMP-1|BMCP-1|MEP-2|Multilin-1|preNeu|CLP|MEP-1|MPP-MEP|Pro-B-3|cDC2-2|pre-DC-3	Intermediate Mono-3|Mono-2|Mono-1|pre-DC-2|Erythroblast-3|cDC1|Intermediate Mono-2|T CD8 Naive|Intermediate Mono-1|cMOP|ERP-8|Myeloid intermediate 3|T CD4 Naive-1|MAIT|MDP-6|pre-DC-1|ERP-7|Erythroblast-2|Classical-Mono|CD8 TEM		4.155691792725726e-05	0.6825553528824917	0.2705984126957906	0.402269752687216	0.7293600303862822	0.356827232167182
EBI:P25__Diagnosis	p-LSC	Multilin-2|LMPP-1-cycling|LMPP-1|MultiLin-GMP-2|MultiLin-GMP-3|LMPP-2|MultiLin-GMP-1|BMCP-1|MEP-2|Multilin-1|preNeu|CLP|MEP-1|MPP-MEP|Pro-B-3|cDC2-2|pre-DC-3	Intermediate Mono-3|Mono-2|Mono-1|pre-DC-2|Erythroblast-3|cDC1|Intermediate Mono-2|T CD8 Naive|Intermediate Mono-1|cMOP|ERP-8|Myeloid intermediate 3|T CD4 Naive-1|MAIT|MDP-6|pre-DC-1|ERP-7|Erythroblast-2|Classical-Mono|CD8 TEM		1.3460744898577757e-05	0.6825553528824917	0.0002509585235947971	0.402269752687216	0.9997355807315066	0.356827232167182
EBI:P25__Relapse	p-LSC	Multilin-2|LMPP-1-cycling|LMPP-1|MultiLin-GMP-2|MultiLin-GMP-3|LMPP-2|MultiLin-GMP-1|BMCP-1|MEP-2|Multilin-1|preNeu|CLP|MEP-1|MPP-MEP|Pro-B-3|cDC2-2|pre-DC-3	Intermediate Mono-3|Mono-2|Mono-1|pre-DC-2|Erythroblast-3|cDC1|Intermediate Mono-2|T CD8 Naive|Intermediate Mono-1|cMOP|ERP-8|Myeloid intermediate 3|T CD4 Naive-1|MAIT|MDP-6|pre-DC-1|ERP-7|Erythroblast-2|Classical-Mono|CD8 TEM		0.041358552356523824	0.6825553528824917	0.060602052643560514	0.402269752687216	0.8980393949999156	0.356827232167182
EBI:P26__Diagnosis	p+m-LSC	Multilin-2|LMPP-1-cycling|LMPP-1|MultiLin-GMP-2|MultiLin-GMP-3|LMPP-2|MultiLin-GMP-1|BMCP-1|MEP-2|Multilin-1|preNeu|CLP|MEP-1|MPP-MEP|Pro-B-3|cDC2-2|pre-DC-3	Intermediate Mono-3|Mono-2|Mono-1|pre-DC-2|Erythroblast-3|cDC1|Intermediate Mono-2|T CD8 Naive|Intermediate Mono-1|cMOP|ERP-8|Myeloid intermediate 3|T CD4 Naive-1|MAIT|MDP-6|pre-DC-1|ERP-7|Erythroblast-2|Classical-Mono|CD8 TEM		0.17310209670326776	0.6825553528824917	0.5454754116805223	0.402269752687216	0.28142249161620997	0.356827232167182
EBI:P26__Relapse	NULL	Multilin-2|LMPP-1-cycling|LMPP-1|MultiLin-GMP-2|MultiLin-GMP-3|LMPP-2|MultiLin-GMP-1|BMCP-1|MEP-2|Multilin-1|preNeu|CLP|MEP-1|MPP-MEP|Pro-B-3|cDC2-2|pre-DC-3	Intermediate Mono-3|Mono-2|Mono-1|pre-DC-2|Erythroblast-3|cDC1|Intermediate Mono-2|T CD8 Naive|Intermediate Mono-1|cMOP|ERP-8|Myeloid intermediate 3|T CD4 Naive-1|MAIT|MDP-6|pre-DC-1|ERP-7|Erythroblast-2|Classical-Mono|CD8 TEM		0.5572320834676192	0.6825553528824917	0.18321602275069743	0.402269752687216	0.25955189378168336	0.356827232167182
Milan:PT01_PT10__D30	p-LSC	Multilin-2|LMPP-1-cycling|LMPP-1|MultiLin-GMP-2|MultiLin-GMP-3|LMPP-2|MultiLin-GMP-1|BMCP-1|MEP-2|Multilin-1|preNeu|CLP|MEP-1|MPP-MEP|Pro-B-3|cDC2-2|pre-DC-3	Intermediate Mono-3|Mono-2|Mono-1|pre-DC-2|Erythroblast-3|cDC1|Intermediate Mono-2|T CD8 Naive|Intermediate Mono-1|cMOP|ERP-8|Myeloid intermediate 3|T CD4 Naive-1|MAIT|MDP-6|pre-DC-1|ERP-7|Erythroblast-2|Classical-Mono|CD8 TEM		0.0008981642484506997	0.6825553528824917	0.05036775840413029	0.402269752687216	0.9487340773474189	0.356827232167182
Milan:PT01__D30	p+m-LSC	Multilin-2|LMPP-1-cycling|LMPP-1|MultiLin-GMP-2|MultiLin-GMP-3|LMPP-2|MultiLin-GMP-1|BMCP-1|MEP-2|Multilin-1|preNeu|CLP|MEP-1|MPP-MEP|Pro-B-3|cDC2-2|pre-DC-3	Intermediate Mono-3|Mono-2|Mono-1|pre-DC-2|Erythroblast-3|cDC1|Intermediate Mono-2|T CD8 Naive|Intermediate Mono-1|cMOP|ERP-8|Myeloid intermediate 3|T CD4 Naive-1|MAIT|MDP-6|pre-DC-1|ERP-7|Erythroblast-2|Classical-Mono|CD8 TEM		0.002629489390384738	0.6825553528824917	0.9881213575410361	0.402269752687216	0.009249153068579378	0.356827232167182
Milan:PT01__Diagnosis	p-LSC	Multilin-2|LMPP-1-cycling|LMPP-1|MultiLin-GMP-2|MultiLin-GMP-3|LMPP-2|MultiLin-GMP-1|BMCP-1|MEP-2|Multilin-1|preNeu|CLP|MEP-1|MPP-MEP|Pro-B-3|cDC2-2|pre-DC-3	Intermediate Mono-3|Mono-2|Mono-1|pre-DC-2|Erythroblast-3|cDC1|Intermediate Mono-2|T CD8 Naive|Intermediate Mono-1|cMOP|ERP-8|Myeloid intermediate 3|T CD4 Naive-1|MAIT|MDP-6|pre-DC-1|ERP-7|Erythroblast-2|Classical-Mono|CD8 TEM		2.6621677134848343e-07	0.6825553528824917	1.85284833353778e-05	0.402269752687216	0.9999812052998933	0.356827232167182
Milan:PT02__D30	p-LSC	Multilin-2|LMPP-1-cycling|LMPP-1|MultiLin-GMP-2|MultiLin-GMP-3|LMPP-2|MultiLin-GMP-1|BMCP-1|MEP-2|Multilin-1|preNeu|CLP|MEP-1|MPP-MEP|Pro-B-3|cDC2-2|pre-DC-3	Intermediate Mono-3|Mono-2|Mono-1|pre-DC-2|Erythroblast-3|cDC1|Intermediate Mono-2|T CD8 Naive|Intermediate Mono-1|cMOP|ERP-8|Myeloid intermediate 3|T CD4 Naive-1|MAIT|MDP-6|pre-DC-1|ERP-7|Erythroblast-2|Classical-Mono|CD8 TEM		0.004513667177084665	0.6825553528824917	0.06417100111163632	0.402269752687216	0.931315331711279	0.356827232167182
Milan:PT02__Diagnosis	p-LSC	Multilin-2|LMPP-1-cycling|LMPP-1|MultiLin-GMP-2|MultiLin-GMP-3|LMPP-2|MultiLin-GMP-1|BMCP-1|MEP-2|Multilin-1|preNeu|CLP|MEP-1|MPP-MEP|Pro-B-3|cDC2-2|pre-DC-3	Intermediate Mono-3|Mono-2|Mono-1|pre-DC-2|Erythroblast-3|cDC1|Intermediate Mono-2|T CD8 Naive|Intermediate Mono-1|cMOP|ERP-8|Myeloid intermediate 3|T CD4 Naive-1|MAIT|MDP-6|pre-DC-1|ERP-7|Erythroblast-2|Classical-Mono|CD8 TEM		2.3968298533694104e-06	0.6825553528824917	0.0015542850115011781	0.402269752687216	0.9984433181586455	0.356827232167182
Milan:PT06__Diagnosis	p-LSC	Multilin-2|LMPP-1-cycling|LMPP-1|MultiLin-GMP-2|MultiLin-GMP-3|LMPP-2|MultiLin-GMP-1|BMCP-1|MEP-2|Multilin-1|preNeu|CLP|MEP-1|MPP-MEP|Pro-B-3|cDC2-2|pre-DC-3	Intermediate Mono-3|Mono-2|Mono-1|pre-DC-2|Erythroblast-3|cDC1|Intermediate Mono-2|T CD8 Naive|Intermediate Mono-1|cMOP|ERP-8|Myeloid intermediate 3|T CD4 Naive-1|MAIT|MDP-6|pre-DC-1|ERP-7|Erythroblast-2|Classical-Mono|CD8 TEM		7.801934157819546e-05	0.6825553528824917	0.05828128649343978	0.402269752687216	0.941640694164982	0.356827232167182
Milan:PT07__D14	p+m-LSC	Multilin-2|LMPP-1-cycling|LMPP-1|MultiLin-GMP-2|MultiLin-GMP-3|LMPP-2|MultiLin-GMP-1|BMCP-1|MEP-2|Multilin-1|preNeu|CLP|MEP-1|MPP-MEP|Pro-B-3|cDC2-2|pre-DC-3	Intermediate Mono-3|Mono-2|Mono-1|pre-DC-2|Erythroblast-3|cDC1|Intermediate Mono-2|T CD8 Naive|Intermediate Mono-1|cMOP|ERP-8|Myeloid intermediate 3|T CD4 Naive-1|MAIT|MDP-6|pre-DC-1|ERP-7|Erythroblast-2|Classical-Mono|CD8 TEM		0.0017516631698836552	0.6825553528824917	0.9929234429131844	0.402269752687216	0.005324893916931924	0.356827232167182
Milan:PT07__Diagnosis	NULL	Multilin-2|LMPP-1-cycling|LMPP-1|MultiLin-GMP-2|MultiLin-GMP-3|LMPP-2|MultiLin-GMP-1|BMCP-1|MEP-2|Multilin-1|preNeu|CLP|MEP-1|MPP-MEP|Pro-B-3|cDC2-2|pre-DC-3	Intermediate Mono-3|Mono-2|Mono-1|pre-DC-2|Erythroblast-3|cDC1|Intermediate Mono-2|T CD8 Naive|Intermediate Mono-1|cMOP|ERP-8|Myeloid intermediate 3|T CD4 Naive-1|MAIT|MDP-6|pre-DC-1|ERP-7|Erythroblast-2|Classical-Mono|CD8 TEM		0.5202720062609983	0.6825553528824917	0.30201790735404105	0.402269752687216	0.17771008638496055	0.356827232167182
Milan:PT08__D14	p+m-LSC	Multilin-2|LMPP-1-cycling|LMPP-1|MultiLin-GMP-2|MultiLin-GMP-3|LMPP-2|MultiLin-GMP-1|BMCP-1|MEP-2|Multilin-1|preNeu|CLP|MEP-1|MPP-MEP|Pro-B-3|cDC2-2|pre-DC-3	Intermediate Mono-3|Mono-2|Mono-1|pre-DC-2|Erythroblast-3|cDC1|Intermediate Mono-2|T CD8 Naive|Intermediate Mono-1|cMOP|ERP-8|Myeloid intermediate 3|T CD4 Naive-1|MAIT|MDP-6|pre-DC-1|ERP-7|Erythroblast-2|Classical-Mono|CD8 TEM		0.06047247106825779	0.6825553528824917	0.9373041779366345	0.402269752687216	0.002223350995107724	0.356827232167182
Milan:PT08__D30	p+m-LSC	Multilin-2|LMPP-1-cycling|LMPP-1|MultiLin-GMP-2|MultiLin-GMP-3|LMPP-2|MultiLin-GMP-1|BMCP-1|MEP-2|Multilin-1|preNeu|CLP|MEP-1|MPP-MEP|Pro-B-3|cDC2-2|pre-DC-3	Intermediate Mono-3|Mono-2|Mono-1|pre-DC-2|Erythroblast-3|cDC1|Intermediate Mono-2|T CD8 Naive|Intermediate Mono-1|cMOP|ERP-8|Myeloid intermediate 3|T CD4 Naive-1|MAIT|MDP-6|pre-DC-1|ERP-7|Erythroblast-2|Classical-Mono|CD8 TEM		0.018554025675376295	0.6825553528824917	0.973769920485967	0.402269752687216	0.007676053838656639	0.356827232167182
Milan:PT08__Diagnosis	p-LSC	Multilin-2|LMPP-1-cycling|LMPP-1|MultiLin-GMP-2|MultiLin-GMP-3|LMPP-2|MultiLin-GMP-1|BMCP-1|MEP-2|Multilin-1|preNeu|CLP|MEP-1|MPP-MEP|Pro-B-3|cDC2-2|pre-DC-3	Intermediate Mono-3|Mono-2|Mono-1|pre-DC-2|Erythroblast-3|cDC1|Intermediate Mono-2|T CD8 Naive|Intermediate Mono-1|cMOP|ERP-8|Myeloid intermediate 3|T CD4 Naive-1|MAIT|MDP-6|pre-DC-1|ERP-7|Erythroblast-2|Classical-Mono|CD8 TEM		2.2664346968652562e-05	0.6825553528824917	0.06845428468096842	0.402269752687216	0.9315230509720629	0.356827232167182
Milan:PT08__Relapse	p-LSC	Multilin-2|LMPP-1-cycling|LMPP-1|MultiLin-GMP-2|MultiLin-GMP-3|LMPP-2|MultiLin-GMP-1|BMCP-1|MEP-2|Multilin-1|preNeu|CLP|MEP-1|MPP-MEP|Pro-B-3|cDC2-2|pre-DC-3	Intermediate Mono-3|Mono-2|Mono-1|pre-DC-2|Erythroblast-3|cDC1|Intermediate Mono-2|T CD8 Naive|Intermediate Mono-1|cMOP|ERP-8|Myeloid intermediate 3|T CD4 Naive-1|MAIT|MDP-6|pre-DC-1|ERP-7|Erythroblast-2|Classical-Mono|CD8 TEM		0.00011648274485480366	0.6825553528824917	0.047501413281674	0.402269752687216	0.9523821039734712	0.356827232167182
Milan:PT09_PT13__D30	p-LSC	Multilin-2|LMPP-1-cycling|LMPP-1|MultiLin-GMP-2|MultiLin-GMP-3|LMPP-2|MultiLin-GMP-1|BMCP-1|MEP-2|Multilin-1|preNeu|CLP|MEP-1|MPP-MEP|Pro-B-3|cDC2-2|pre-DC-3	Intermediate Mono-3|Mono-2|Mono-1|pre-DC-2|Erythroblast-3|cDC1|Intermediate Mono-2|T CD8 Naive|Intermediate Mono-1|cMOP|ERP-8|Myeloid intermediate 3|T CD4 Naive-1|MAIT|MDP-6|pre-DC-1|ERP-7|Erythroblast-2|Classical-Mono|CD8 TEM		1.6110285879170732e-05	0.6825553528824917	0.007997422417124162	0.402269752687216	0.9919864672969967	0.356827232167182
Milan:PT09__D14	p+m-LSC	Multilin-2|LMPP-1-cycling|LMPP-1|MultiLin-GMP-2|MultiLin-GMP-3|LMPP-2|MultiLin-GMP-1|BMCP-1|MEP-2|Multilin-1|preNeu|CLP|MEP-1|MPP-MEP|Pro-B-3|cDC2-2|pre-DC-3	Intermediate Mono-3|Mono-2|Mono-1|pre-DC-2|Erythroblast-3|cDC1|Intermediate Mono-2|T CD8 Naive|Intermediate Mono-1|cMOP|ERP-8|Myeloid intermediate 3|T CD4 Naive-1|MAIT|MDP-6|pre-DC-1|ERP-7|Erythroblast-2|Classical-Mono|CD8 TEM		0.0018310550974910006	0.6825553528824917	0.9964617615726431	0.402269752687216	0.0017071833298659635	0.356827232167182
Milan:PT09__Diagnosis	p-LSC	Multilin-2|LMPP-1-cycling|LMPP-1|MultiLin-GMP-2|MultiLin-GMP-3|LMPP-2|MultiLin-GMP-1|BMCP-1|MEP-2|Multilin-1|preNeu|CLP|MEP-1|MPP-MEP|Pro-B-3|cDC2-2|pre-DC-3	Intermediate Mono-3|Mono-2|Mono-1|pre-DC-2|Erythroblast-3|cDC1|Intermediate Mono-2|T CD8 Naive|Intermediate Mono-1|cMOP|ERP-8|Myeloid intermediate 3|T CD4 Naive-1|MAIT|MDP-6|pre-DC-1|ERP-7|Erythroblast-2|Classical-Mono|CD8 TEM		0.00013237036094384795	0.6825553528824917	0.007238612740776636	0.402269752687216	0.9926290168982794	0.356827232167182
Milan:PT10__D14	p+m-LSC	Multilin-2|LMPP-1-cycling|LMPP-1|MultiLin-GMP-2|MultiLin-GMP-3|LMPP-2|MultiLin-GMP-1|BMCP-1|MEP-2|Multilin-1|preNeu|CLP|MEP-1|MPP-MEP|Pro-B-3|cDC2-2|pre-DC-3	Intermediate Mono-3|Mono-2|Mono-1|pre-DC-2|Erythroblast-3|cDC1|Intermediate Mono-2|T CD8 Naive|Intermediate Mono-1|cMOP|ERP-8|Myeloid intermediate 3|T CD4 Naive-1|MAIT|MDP-6|pre-DC-1|ERP-7|Erythroblast-2|Classical-Mono|CD8 TEM		0.017739398865005165	0.6825553528824917	0.9797526472400317	0.402269752687216	0.0025079538949631035	0.356827232167182
Milan:PT10__Diagnosis	p-LSC	Multilin-2|LMPP-1-cycling|LMPP-1|MultiLin-GMP-2|MultiLin-GMP-3|LMPP-2|MultiLin-GMP-1|BMCP-1|MEP-2|Multilin-1|preNeu|CLP|MEP-1|MPP-MEP|Pro-B-3|cDC2-2|pre-DC-3	Intermediate Mono-3|Mono-2|Mono-1|pre-DC-2|Erythroblast-3|cDC1|Intermediate Mono-2|T CD8 Naive|Intermediate Mono-1|cMOP|ERP-8|Myeloid intermediate 3|T CD4 Naive-1|MAIT|MDP-6|pre-DC-1|ERP-7|Erythroblast-2|Classical-Mono|CD8 TEM		0.0016246970055746332	0.6825553528824917	0.1891532464093788	0.402269752687216	0.8092220565850465	0.356827232167182
Milan:PT10__Relapse	m-LSC	Multilin-2|LMPP-1-cycling|LMPP-1|MultiLin-GMP-2|MultiLin-GMP-3|LMPP-2|MultiLin-GMP-1|BMCP-1|MEP-2|Multilin-1|preNeu|CLP|MEP-1|MPP-MEP|Pro-B-3|cDC2-2|pre-DC-3	Intermediate Mono-3|Mono-2|Mono-1|pre-DC-2|Erythroblast-3|cDC1|Intermediate Mono-2|T CD8 Naive|Intermediate Mono-1|cMOP|ERP-8|Myeloid intermediate 3|T CD4 Naive-1|MAIT|MDP-6|pre-DC-1|ERP-7|Erythroblast-2|Classical-Mono|CD8 TEM		0.9999722917261801	0.6825553528824917	2.769181892291976e-05	0.402269752687216	1.645489704273749e-08	0.356827232167182
Milan:PT11__D30	p-LSC	Multilin-2|LMPP-1-cycling|LMPP-1|MultiLin-GMP-2|MultiLin-GMP-3|LMPP-2|MultiLin-GMP-1|BMCP-1|MEP-2|Multilin-1|preNeu|CLP|MEP-1|MPP-MEP|Pro-B-3|cDC2-2|pre-DC-3	Intermediate Mono-3|Mono-2|Mono-1|pre-DC-2|Erythroblast-3|cDC1|Intermediate Mono-2|T CD8 Naive|Intermediate Mono-1|cMOP|ERP-8|Myeloid intermediate 3|T CD4 Naive-1|MAIT|MDP-6|pre-DC-1|ERP-7|Erythroblast-2|Classical-Mono|CD8 TEM		0.0020608829594230276	0.6825553528824917	0.28483201095383476	0.402269752687216	0.7131071060867422	0.356827232167182
Milan:PT11__Diagnosis	p-LSC	Multilin-2|LMPP-1-cycling|LMPP-1|MultiLin-GMP-2|MultiLin-GMP-3|LMPP-2|MultiLin-GMP-1|BMCP-1|MEP-2|Multilin-1|preNeu|CLP|MEP-1|MPP-MEP|Pro-B-3|cDC2-2|pre-DC-3	Intermediate Mono-3|Mono-2|Mono-1|pre-DC-2|Erythroblast-3|cDC1|Intermediate Mono-2|T CD8 Naive|Intermediate Mono-1|cMOP|ERP-8|Myeloid intermediate 3|T CD4 Naive-1|MAIT|MDP-6|pre-DC-1|ERP-7|Erythroblast-2|Classical-Mono|CD8 TEM		4.481982911827035e-06	0.6825553528824917	0.00025579699231909883	0.402269752687216	0.999739721024769	0.356827232167182
Milan:PT12_PT13__D14	p+m-LSC	Multilin-2|LMPP-1-cycling|LMPP-1|MultiLin-GMP-2|MultiLin-GMP-3|LMPP-2|MultiLin-GMP-1|BMCP-1|MEP-2|Multilin-1|preNeu|CLP|MEP-1|MPP-MEP|Pro-B-3|cDC2-2|pre-DC-3	Intermediate Mono-3|Mono-2|Mono-1|pre-DC-2|Erythroblast-3|cDC1|Intermediate Mono-2|T CD8 Naive|Intermediate Mono-1|cMOP|ERP-8|Myeloid intermediate 3|T CD4 Naive-1|MAIT|MDP-6|pre-DC-1|ERP-7|Erythroblast-2|Classical-Mono|CD8 TEM		0.05577853772893442	0.6825553528824917	0.8635133804120426	0.402269752687216	0.08070808185902305	0.356827232167182
Milan:PT12__D30	p-LSC	Multilin-2|LMPP-1-cycling|LMPP-1|MultiLin-GMP-2|MultiLin-GMP-3|LMPP-2|MultiLin-GMP-1|BMCP-1|MEP-2|Multilin-1|preNeu|CLP|MEP-1|MPP-MEP|Pro-B-3|cDC2-2|pre-DC-3	Intermediate Mono-3|Mono-2|Mono-1|pre-DC-2|Erythroblast-3|cDC1|Intermediate Mono-2|T CD8 Naive|Intermediate Mono-1|cMOP|ERP-8|Myeloid intermediate 3|T CD4 Naive-1|MAIT|MDP-6|pre-DC-1|ERP-7|Erythroblast-2|Classical-Mono|CD8 TEM		0.003545937655048175	0.6825553528824917	0.13343015503090133	0.402269752687216	0.8630239073140505	0.356827232167182
Milan:PT12__Diagnosis	p-LSC	Multilin-2|LMPP-1-cycling|LMPP-1|MultiLin-GMP-2|MultiLin-GMP-3|LMPP-2|MultiLin-GMP-1|BMCP-1|MEP-2|Multilin-1|preNeu|CLP|MEP-1|MPP-MEP|Pro-B-3|cDC2-2|pre-DC-3	Intermediate Mono-3|Mono-2|Mono-1|pre-DC-2|Erythroblast-3|cDC1|Intermediate Mono-2|T CD8 Naive|Intermediate Mono-1|cMOP|ERP-8|Myeloid intermediate 3|T CD4 Naive-1|MAIT|MDP-6|pre-DC-1|ERP-7|Erythroblast-2|Classical-Mono|CD8 TEM		0.00646564416582144	0.6825553528824917	0.3104390364391226	0.402269752687216	0.6830953193950561	0.356827232167182
Milan:PT13__Diagnosis	p-LSC	Multilin-2|LMPP-1-cycling|LMPP-1|MultiLin-GMP-2|MultiLin-GMP-3|LMPP-2|MultiLin-GMP-1|BMCP-1|MEP-2|Multilin-1|preNeu|CLP|MEP-1|MPP-MEP|Pro-B-3|cDC2-2|pre-DC-3	Intermediate Mono-3|Mono-2|Mono-1|pre-DC-2|Erythroblast-3|cDC1|Intermediate Mono-2|T CD8 Naive|Intermediate Mono-1|cMOP|ERP-8|Myeloid intermediate 3|T CD4 Naive-1|MAIT|MDP-6|pre-DC-1|ERP-7|Erythroblast-2|Classical-Mono|CD8 TEM		3.861015043887707e-07	0.6825553528824917	0.00029989183990696786	0.402269752687216	0.9996997220585887	0.356827232167182
Milan:PT15__Diagnosis	p-LSC	Multilin-2|LMPP-1-cycling|LMPP-1|MultiLin-GMP-2|MultiLin-GMP-3|LMPP-2|MultiLin-GMP-1|BMCP-1|MEP-2|Multilin-1|preNeu|CLP|MEP-1|MPP-MEP|Pro-B-3|cDC2-2|pre-DC-3	Intermediate Mono-3|Mono-2|Mono-1|pre-DC-2|Erythroblast-3|cDC1|Intermediate Mono-2|T CD8 Naive|Intermediate Mono-1|cMOP|ERP-8|Myeloid intermediate 3|T CD4 Naive-1|MAIT|MDP-6|pre-DC-1|ERP-7|Erythroblast-2|Classical-Mono|CD8 TEM		0.00018698196567196537	0.6825553528824917	0.0023395402422903434	0.402269752687216	0.9974734777920377	0.356827232167182
Milan:PT15__Relapse	p-LSC	Multilin-2|LMPP-1-cycling|LMPP-1|MultiLin-GMP-2|MultiLin-GMP-3|LMPP-2|MultiLin-GMP-1|BMCP-1|MEP-2|Multilin-1|preNeu|CLP|MEP-1|MPP-MEP|Pro-B-3|cDC2-2|pre-DC-3	Intermediate Mono-3|Mono-2|Mono-1|pre-DC-2|Erythroblast-3|cDC1|Intermediate Mono-2|T CD8 Naive|Intermediate Mono-1|cMOP|ERP-8|Myeloid intermediate 3|T CD4 Naive-1|MAIT|MDP-6|pre-DC-1|ERP-7|Erythroblast-2|Classical-Mono|CD8 TEM		8.138200260476317e-08	0.6825553528824917	3.259092681163981e-06	0.402269752687216	0.9999966595253162	0.356827232167182
Milan:PT17__D14	p-LSC	Multilin-2|LMPP-1-cycling|LMPP-1|MultiLin-GMP-2|MultiLin-GMP-3|LMPP-2|MultiLin-GMP-1|BMCP-1|MEP-2|Multilin-1|preNeu|CLP|MEP-1|MPP-MEP|Pro-B-3|cDC2-2|pre-DC-3	Intermediate Mono-3|Mono-2|Mono-1|pre-DC-2|Erythroblast-3|cDC1|Intermediate Mono-2|T CD8 Naive|Intermediate Mono-1|cMOP|ERP-8|Myeloid intermediate 3|T CD4 Naive-1|MAIT|MDP-6|pre-DC-1|ERP-7|Erythroblast-2|Classical-Mono|CD8 TEM		0.23656936448058125	0.6825553528824917	0.22846017701579865	0.402269752687216	0.5349704585036201	0.356827232167182
Milan:PT17__D30	p-LSC	Multilin-2|LMPP-1-cycling|LMPP-1|MultiLin-GMP-2|MultiLin-GMP-3|LMPP-2|MultiLin-GMP-1|BMCP-1|MEP-2|Multilin-1|preNeu|CLP|MEP-1|MPP-MEP|Pro-B-3|cDC2-2|pre-DC-3	Intermediate Mono-3|Mono-2|Mono-1|pre-DC-2|Erythroblast-3|cDC1|Intermediate Mono-2|T CD8 Naive|Intermediate Mono-1|cMOP|ERP-8|Myeloid intermediate 3|T CD4 Naive-1|MAIT|MDP-6|pre-DC-1|ERP-7|Erythroblast-2|Classical-Mono|CD8 TEM		4.924533140991575e-05	0.6825553528824917	0.0012781985647271903	0.402269752687216	0.998672556103863	0.356827232167182
Milan:PT17__Diagnosis	p-LSC	Multilin-2|LMPP-1-cycling|LMPP-1|MultiLin-GMP-2|MultiLin-GMP-3|LMPP-2|MultiLin-GMP-1|BMCP-1|MEP-2|Multilin-1|preNeu|CLP|MEP-1|MPP-MEP|Pro-B-3|cDC2-2|pre-DC-3	Intermediate Mono-3|Mono-2|Mono-1|pre-DC-2|Erythroblast-3|cDC1|Intermediate Mono-2|T CD8 Naive|Intermediate Mono-1|cMOP|ERP-8|Myeloid intermediate 3|T CD4 Naive-1|MAIT|MDP-6|pre-DC-1|ERP-7|Erythroblast-2|Classical-Mono|CD8 TEM		7.880487867044292e-05	0.6825553528824917	0.022585844821208387	0.402269752687216	0.9773353503001211	0.356827232167182
Milan:PT18__D14	p-LSC	Multilin-2|LMPP-1-cycling|LMPP-1|MultiLin-GMP-2|MultiLin-GMP-3|LMPP-2|MultiLin-GMP-1|BMCP-1|MEP-2|Multilin-1|preNeu|CLP|MEP-1|MPP-MEP|Pro-B-3|cDC2-2|pre-DC-3	Intermediate Mono-3|Mono-2|Mono-1|pre-DC-2|Erythroblast-3|cDC1|Intermediate Mono-2|T CD8 Naive|Intermediate Mono-1|cMOP|ERP-8|Myeloid intermediate 3|T CD4 Naive-1|MAIT|MDP-6|pre-DC-1|ERP-7|Erythroblast-2|Classical-Mono|CD8 TEM		2.672757724191761e-06	0.6825553528824917	0.011309656606784537	0.402269752687216	0.9886876706354912	0.356827232167182
Milan:PT18__Diagnosis	p-LSC	Multilin-2|LMPP-1-cycling|LMPP-1|MultiLin-GMP-2|MultiLin-GMP-3|LMPP-2|MultiLin-GMP-1|BMCP-1|MEP-2|Multilin-1|preNeu|CLP|MEP-1|MPP-MEP|Pro-B-3|cDC2-2|pre-DC-3	Intermediate Mono-3|Mono-2|Mono-1|pre-DC-2|Erythroblast-3|cDC1|Intermediate Mono-2|T CD8 Naive|Intermediate Mono-1|cMOP|ERP-8|Myeloid intermediate 3|T CD4 Naive-1|MAIT|MDP-6|pre-DC-1|ERP-7|Erythroblast-2|Classical-Mono|CD8 TEM		1.84101197751496e-05	0.6825553528824917	0.14569041314971407	0.402269752687216	0.8542911767305107	0.356827232167182
Milan:PT19__Relapse	p-LSC	Multilin-2|LMPP-1-cycling|LMPP-1|MultiLin-GMP-2|MultiLin-GMP-3|LMPP-2|MultiLin-GMP-1|BMCP-1|MEP-2|Multilin-1|preNeu|CLP|MEP-1|MPP-MEP|Pro-B-3|cDC2-2|pre-DC-3	Intermediate Mono-3|Mono-2|Mono-1|pre-DC-2|Erythroblast-3|cDC1|Intermediate Mono-2|T CD8 Naive|Intermediate Mono-1|cMOP|ERP-8|Myeloid intermediate 3|T CD4 Naive-1|MAIT|MDP-6|pre-DC-1|ERP-7|Erythroblast-2|Classical-Mono|CD8 TEM		3.3114286338692025e-07	0.6825553528824917	0.00550187844670908	0.402269752687216	0.9944977904104275	0.356827232167182
NIH:UPN111	p-LSC	Multilin-2|LMPP-1-cycling|LMPP-1|MultiLin-GMP-2|MultiLin-GMP-3|LMPP-2|MultiLin-GMP-1|BMCP-1|MEP-2|Multilin-1|preNeu|CLP|MEP-1|MPP-MEP|Pro-B-3|cDC2-2|pre-DC-3	Intermediate Mono-3|Mono-2|Mono-1|pre-DC-2|Erythroblast-3|cDC1|Intermediate Mono-2|T CD8 Naive|Intermediate Mono-1|cMOP|ERP-8|Myeloid intermediate 3|T CD4 Naive-1|MAIT|MDP-6|pre-DC-1|ERP-7|Erythroblast-2|Classical-Mono|CD8 TEM		0.007313171726412947	0.6825553528824917	0.025145329918293567	0.402269752687216	0.9675414983552936	0.356827232167182
NIH:UPN112	p-LSC	Multilin-2|LMPP-1-cycling|LMPP-1|MultiLin-GMP-2|MultiLin-GMP-3|LMPP-2|MultiLin-GMP-1|BMCP-1|MEP-2|Multilin-1|preNeu|CLP|MEP-1|MPP-MEP|Pro-B-3|cDC2-2|pre-DC-3	Intermediate Mono-3|Mono-2|Mono-1|pre-DC-2|Erythroblast-3|cDC1|Intermediate Mono-2|T CD8 Naive|Intermediate Mono-1|cMOP|ERP-8|Myeloid intermediate 3|T CD4 Naive-1|MAIT|MDP-6|pre-DC-1|ERP-7|Erythroblast-2|Classical-Mono|CD8 TEM		0.0026113218757043105	0.6825553528824917	0.03588473386005766	0.402269752687216	0.9615039442642381	0.356827232167182
NIH:UPN113	p-LSC	Multilin-2|LMPP-1-cycling|LMPP-1|MultiLin-GMP-2|MultiLin-GMP-3|LMPP-2|MultiLin-GMP-1|BMCP-1|MEP-2|Multilin-1|preNeu|CLP|MEP-1|MPP-MEP|Pro-B-3|cDC2-2|pre-DC-3	Intermediate Mono-3|Mono-2|Mono-1|pre-DC-2|Erythroblast-3|cDC1|Intermediate Mono-2|T CD8 Naive|Intermediate Mono-1|cMOP|ERP-8|Myeloid intermediate 3|T CD4 Naive-1|MAIT|MDP-6|pre-DC-1|ERP-7|Erythroblast-2|Classical-Mono|CD8 TEM		0.007438943090658012	0.6825553528824917	0.030159665724184447	0.402269752687216	0.9624013911851574	0.356827232167182
NIH:UPN114	p-LSC	Multilin-2|LMPP-1-cycling|LMPP-1|MultiLin-GMP-2|MultiLin-GMP-3|LMPP-2|MultiLin-GMP-1|BMCP-1|MEP-2|Multilin-1|preNeu|CLP|MEP-1|MPP-MEP|Pro-B-3|cDC2-2|pre-DC-3	Intermediate Mono-3|Mono-2|Mono-1|pre-DC-2|Erythroblast-3|cDC1|Intermediate Mono-2|T CD8 Naive|Intermediate Mono-1|cMOP|ERP-8|Myeloid intermediate 3|T CD4 Naive-1|MAIT|MDP-6|pre-DC-1|ERP-7|Erythroblast-2|Classical-Mono|CD8 TEM		0.3179331083411239	0.6825553528824917	0.22174553428482546	0.402269752687216	0.4603213573740507	0.356827232167182
NYU-1:AML0024	m-LSC	Multilin-2|LMPP-1-cycling|LMPP-1|MultiLin-GMP-2|MultiLin-GMP-3|LMPP-2|MultiLin-GMP-1|BMCP-1|MEP-2|Multilin-1|preNeu|CLP|MEP-1|MPP-MEP|Pro-B-3|cDC2-2|pre-DC-3	Intermediate Mono-3|Mono-2|Mono-1|pre-DC-2|Erythroblast-3|cDC1|Intermediate Mono-2|T CD8 Naive|Intermediate Mono-1|cMOP|ERP-8|Myeloid intermediate 3|T CD4 Naive-1|MAIT|MDP-6|pre-DC-1|ERP-7|Erythroblast-2|Classical-Mono|CD8 TEM		0.9999614684550178	0.6825553528824917	3.765346870468717e-05	0.402269752687216	8.780762776533646e-07	0.356827232167182
NYU-1:AML003	p-LSC	Multilin-2|LMPP-1-cycling|LMPP-1|MultiLin-GMP-2|MultiLin-GMP-3|LMPP-2|MultiLin-GMP-1|BMCP-1|MEP-2|Multilin-1|preNeu|CLP|MEP-1|MPP-MEP|Pro-B-3|cDC2-2|pre-DC-3	Intermediate Mono-3|Mono-2|Mono-1|pre-DC-2|Erythroblast-3|cDC1|Intermediate Mono-2|T CD8 Naive|Intermediate Mono-1|cMOP|ERP-8|Myeloid intermediate 3|T CD4 Naive-1|MAIT|MDP-6|pre-DC-1|ERP-7|Erythroblast-2|Classical-Mono|CD8 TEM		0.44120131481558367	0.6825553528824917	0.12524843680461015	0.402269752687216	0.43355024837980627	0.356827232167182
NYU-1:AML0048	p-LSC	Multilin-2|LMPP-1-cycling|LMPP-1|MultiLin-GMP-2|MultiLin-GMP-3|LMPP-2|MultiLin-GMP-1|BMCP-1|MEP-2|Multilin-1|preNeu|CLP|MEP-1|MPP-MEP|Pro-B-3|cDC2-2|pre-DC-3	Intermediate Mono-3|Mono-2|Mono-1|pre-DC-2|Erythroblast-3|cDC1|Intermediate Mono-2|T CD8 Naive|Intermediate Mono-1|cMOP|ERP-8|Myeloid intermediate 3|T CD4 Naive-1|MAIT|MDP-6|pre-DC-1|ERP-7|Erythroblast-2|Classical-Mono|CD8 TEM		0.29663353652672886	0.6825553528824917	0.19517569436764876	0.402269752687216	0.5081907691056223	0.356827232167182
NYU-1:AML005	p-LSC	Multilin-2|LMPP-1-cycling|LMPP-1|MultiLin-GMP-2|MultiLin-GMP-3|LMPP-2|MultiLin-GMP-1|BMCP-1|MEP-2|Multilin-1|preNeu|CLP|MEP-1|MPP-MEP|Pro-B-3|cDC2-2|pre-DC-3	Intermediate Mono-3|Mono-2|Mono-1|pre-DC-2|Erythroblast-3|cDC1|Intermediate Mono-2|T CD8 Naive|Intermediate Mono-1|cMOP|ERP-8|Myeloid intermediate 3|T CD4 Naive-1|MAIT|MDP-6|pre-DC-1|ERP-7|Erythroblast-2|Classical-Mono|CD8 TEM		0.00012278999432362622	0.6825553528824917	0.011685087793546978	0.402269752687216	0.9881921222121293	0.356827232167182
NYU-1:AML006	p+m-LSC	Multilin-2|LMPP-1-cycling|LMPP-1|MultiLin-GMP-2|MultiLin-GMP-3|LMPP-2|MultiLin-GMP-1|BMCP-1|MEP-2|Multilin-1|preNeu|CLP|MEP-1|MPP-MEP|Pro-B-3|cDC2-2|pre-DC-3	Intermediate Mono-3|Mono-2|Mono-1|pre-DC-2|Erythroblast-3|cDC1|Intermediate Mono-2|T CD8 Naive|Intermediate Mono-1|cMOP|ERP-8|Myeloid intermediate 3|T CD4 Naive-1|MAIT|MDP-6|pre-DC-1|ERP-7|Erythroblast-2|Classical-Mono|CD8 TEM		0.15249304150020854	0.6825553528824917	0.48385386423125176	0.402269752687216	0.36365309426853965	0.356827232167182
NYU-1:AML008	m-LSC	Multilin-2|LMPP-1-cycling|LMPP-1|MultiLin-GMP-2|MultiLin-GMP-3|LMPP-2|MultiLin-GMP-1|BMCP-1|MEP-2|Multilin-1|preNeu|CLP|MEP-1|MPP-MEP|Pro-B-3|cDC2-2|pre-DC-3	Intermediate Mono-3|Mono-2|Mono-1|pre-DC-2|Erythroblast-3|cDC1|Intermediate Mono-2|T CD8 Naive|Intermediate Mono-1|cMOP|ERP-8|Myeloid intermediate 3|T CD4 Naive-1|MAIT|MDP-6|pre-DC-1|ERP-7|Erythroblast-2|Classical-Mono|CD8 TEM		0.9961473872649272	0.6825553528824917	0.003531475245980498	0.402269752687216	0.00032113748909214714	0.356827232167182
NYU-1:AML009	p-LSC	Multilin-2|LMPP-1-cycling|LMPP-1|MultiLin-GMP-2|MultiLin-GMP-3|LMPP-2|MultiLin-GMP-1|BMCP-1|MEP-2|Multilin-1|preNeu|CLP|MEP-1|MPP-MEP|Pro-B-3|cDC2-2|pre-DC-3	Intermediate Mono-3|Mono-2|Mono-1|pre-DC-2|Erythroblast-3|cDC1|Intermediate Mono-2|T CD8 Naive|Intermediate Mono-1|cMOP|ERP-8|Myeloid intermediate 3|T CD4 Naive-1|MAIT|MDP-6|pre-DC-1|ERP-7|Erythroblast-2|Classical-Mono|CD8 TEM		0.0001923215886571187	0.6825553528824917	0.08217017243760903	0.402269752687216	0.9176375059737338	0.356827232167182
NYU-1:AML0114	p-LSC	Multilin-2|LMPP-1-cycling|LMPP-1|MultiLin-GMP-2|MultiLin-GMP-3|LMPP-2|MultiLin-GMP-1|BMCP-1|MEP-2|Multilin-1|preNeu|CLP|MEP-1|MPP-MEP|Pro-B-3|cDC2-2|pre-DC-3	Intermediate Mono-3|Mono-2|Mono-1|pre-DC-2|Erythroblast-3|cDC1|Intermediate Mono-2|T CD8 Naive|Intermediate Mono-1|cMOP|ERP-8|Myeloid intermediate 3|T CD4 Naive-1|MAIT|MDP-6|pre-DC-1|ERP-7|Erythroblast-2|Classical-Mono|CD8 TEM		0.004768176051746585	0.6825553528824917	0.17637855837842742	0.402269752687216	0.818853265569826	0.356827232167182
NYU-1:AML012	m-LSC	Multilin-2|LMPP-1-cycling|LMPP-1|MultiLin-GMP-2|MultiLin-GMP-3|LMPP-2|MultiLin-GMP-1|BMCP-1|MEP-2|Multilin-1|preNeu|CLP|MEP-1|MPP-MEP|Pro-B-3|cDC2-2|pre-DC-3	Intermediate Mono-3|Mono-2|Mono-1|pre-DC-2|Erythroblast-3|cDC1|Intermediate Mono-2|T CD8 Naive|Intermediate Mono-1|cMOP|ERP-8|Myeloid intermediate 3|T CD4 Naive-1|MAIT|MDP-6|pre-DC-1|ERP-7|Erythroblast-2|Classical-Mono|CD8 TEM		0.892573606781456	0.6825553528824917	0.06759188965814307	0.402269752687216	0.03983450356040099	0.356827232167182
NYU-1:AML0160	p-LSC	Multilin-2|LMPP-1-cycling|LMPP-1|MultiLin-GMP-2|MultiLin-GMP-3|LMPP-2|MultiLin-GMP-1|BMCP-1|MEP-2|Multilin-1|preNeu|CLP|MEP-1|MPP-MEP|Pro-B-3|cDC2-2|pre-DC-3	Intermediate Mono-3|Mono-2|Mono-1|pre-DC-2|Erythroblast-3|cDC1|Intermediate Mono-2|T CD8 Naive|Intermediate Mono-1|cMOP|ERP-8|Myeloid intermediate 3|T CD4 Naive-1|MAIT|MDP-6|pre-DC-1|ERP-7|Erythroblast-2|Classical-Mono|CD8 TEM		0.3026478074359198	0.6825553528824917	0.25525394833206916	0.402269752687216	0.442098244232011	0.356827232167182
NYU-1:AML022	p-LSC	Multilin-2|LMPP-1-cycling|LMPP-1|MultiLin-GMP-2|MultiLin-GMP-3|LMPP-2|MultiLin-GMP-1|BMCP-1|MEP-2|Multilin-1|preNeu|CLP|MEP-1|MPP-MEP|Pro-B-3|cDC2-2|pre-DC-3	Intermediate Mono-3|Mono-2|Mono-1|pre-DC-2|Erythroblast-3|cDC1|Intermediate Mono-2|T CD8 Naive|Intermediate Mono-1|cMOP|ERP-8|Myeloid intermediate 3|T CD4 Naive-1|MAIT|MDP-6|pre-DC-1|ERP-7|Erythroblast-2|Classical-Mono|CD8 TEM		0.019011601734487557	0.6825553528824917	0.2664625530767247	0.402269752687216	0.7145258451887878	0.356827232167182
NYU-1:AML025	p-LSC	Multilin-2|LMPP-1-cycling|LMPP-1|MultiLin-GMP-2|MultiLin-GMP-3|LMPP-2|MultiLin-GMP-1|BMCP-1|MEP-2|Multilin-1|preNeu|CLP|MEP-1|MPP-MEP|Pro-B-3|cDC2-2|pre-DC-3	Intermediate Mono-3|Mono-2|Mono-1|pre-DC-2|Erythroblast-3|cDC1|Intermediate Mono-2|T CD8 Naive|Intermediate Mono-1|cMOP|ERP-8|Myeloid intermediate 3|T CD4 Naive-1|MAIT|MDP-6|pre-DC-1|ERP-7|Erythroblast-2|Classical-Mono|CD8 TEM		0.0005028452257482903	0.6825553528824917	0.021765831826027343	0.402269752687216	0.9777313229482244	0.356827232167182
NYU-1:AML026	p+m-LSC	Multilin-2|LMPP-1-cycling|LMPP-1|MultiLin-GMP-2|MultiLin-GMP-3|LMPP-2|MultiLin-GMP-1|BMCP-1|MEP-2|Multilin-1|preNeu|CLP|MEP-1|MPP-MEP|Pro-B-3|cDC2-2|pre-DC-3	Intermediate Mono-3|Mono-2|Mono-1|pre-DC-2|Erythroblast-3|cDC1|Intermediate Mono-2|T CD8 Naive|Intermediate Mono-1|cMOP|ERP-8|Myeloid intermediate 3|T CD4 Naive-1|MAIT|MDP-6|pre-DC-1|ERP-7|Erythroblast-2|Classical-Mono|CD8 TEM		0.3471508491063558	0.6825553528824917	0.5419545461092132	0.402269752687216	0.11089460478443094	0.356827232167182
NYU-1:AML028	m-LSC	Multilin-2|LMPP-1-cycling|LMPP-1|MultiLin-GMP-2|MultiLin-GMP-3|LMPP-2|MultiLin-GMP-1|BMCP-1|MEP-2|Multilin-1|preNeu|CLP|MEP-1|MPP-MEP|Pro-B-3|cDC2-2|pre-DC-3	Intermediate Mono-3|Mono-2|Mono-1|pre-DC-2|Erythroblast-3|cDC1|Intermediate Mono-2|T CD8 Naive|Intermediate Mono-1|cMOP|ERP-8|Myeloid intermediate 3|T CD4 Naive-1|MAIT|MDP-6|pre-DC-1|ERP-7|Erythroblast-2|Classical-Mono|CD8 TEM		0.9967636338894657	0.6825553528824917	0.0028314173472880045	0.402269752687216	0.0004049487632464537	0.356827232167182
NYU-1:AML0310	m-LSC	Multilin-2|LMPP-1-cycling|LMPP-1|MultiLin-GMP-2|MultiLin-GMP-3|LMPP-2|MultiLin-GMP-1|BMCP-1|MEP-2|Multilin-1|preNeu|CLP|MEP-1|MPP-MEP|Pro-B-3|cDC2-2|pre-DC-3	Intermediate Mono-3|Mono-2|Mono-1|pre-DC-2|Erythroblast-3|cDC1|Intermediate Mono-2|T CD8 Naive|Intermediate Mono-1|cMOP|ERP-8|Myeloid intermediate 3|T CD4 Naive-1|MAIT|MDP-6|pre-DC-1|ERP-7|Erythroblast-2|Classical-Mono|CD8 TEM		0.9891688609246048	0.6825553528824917	0.009954174259289553	0.402269752687216	0.0008769648161055657	0.356827232167182
NYU-1:AML033	p-LSC	Multilin-2|LMPP-1-cycling|LMPP-1|MultiLin-GMP-2|MultiLin-GMP-3|LMPP-2|MultiLin-GMP-1|BMCP-1|MEP-2|Multilin-1|preNeu|CLP|MEP-1|MPP-MEP|Pro-B-3|cDC2-2|pre-DC-3	Intermediate Mono-3|Mono-2|Mono-1|pre-DC-2|Erythroblast-3|cDC1|Intermediate Mono-2|T CD8 Naive|Intermediate Mono-1|cMOP|ERP-8|Myeloid intermediate 3|T CD4 Naive-1|MAIT|MDP-6|pre-DC-1|ERP-7|Erythroblast-2|Classical-Mono|CD8 TEM		0.3203073386381484	0.6825553528824917	0.23242404789124277	0.402269752687216	0.4472686134706088	0.356827232167182
NYU-1:AML0361	p-LSC	Multilin-2|LMPP-1-cycling|LMPP-1|MultiLin-GMP-2|MultiLin-GMP-3|LMPP-2|MultiLin-GMP-1|BMCP-1|MEP-2|Multilin-1|preNeu|CLP|MEP-1|MPP-MEP|Pro-B-3|cDC2-2|pre-DC-3	Intermediate Mono-3|Mono-2|Mono-1|pre-DC-2|Erythroblast-3|cDC1|Intermediate Mono-2|T CD8 Naive|Intermediate Mono-1|cMOP|ERP-8|Myeloid intermediate 3|T CD4 Naive-1|MAIT|MDP-6|pre-DC-1|ERP-7|Erythroblast-2|Classical-Mono|CD8 TEM		0.17445856826820746	0.6825553528824917	0.2875535085176215	0.402269752687216	0.537987923214171	0.356827232167182
NYU-1:AML038	NULL	Multilin-2|LMPP-1-cycling|LMPP-1|MultiLin-GMP-2|MultiLin-GMP-3|LMPP-2|MultiLin-GMP-1|BMCP-1|MEP-2|Multilin-1|preNeu|CLP|MEP-1|MPP-MEP|Pro-B-3|cDC2-2|pre-DC-3	Intermediate Mono-3|Mono-2|Mono-1|pre-DC-2|Erythroblast-3|cDC1|Intermediate Mono-2|T CD8 Naive|Intermediate Mono-1|cMOP|ERP-8|Myeloid intermediate 3|T CD4 Naive-1|MAIT|MDP-6|pre-DC-1|ERP-7|Erythroblast-2|Classical-Mono|CD8 TEM		0.5491456163641577	0.6825553528824917	0.3145898598043979	0.402269752687216	0.1362645238314444	0.356827232167182
NYU-1:AML043	NULL	Multilin-2|LMPP-1-cycling|LMPP-1|MultiLin-GMP-2|MultiLin-GMP-3|LMPP-2|MultiLin-GMP-1|BMCP-1|MEP-2|Multilin-1|preNeu|CLP|MEP-1|MPP-MEP|Pro-B-3|cDC2-2|pre-DC-3	Intermediate Mono-3|Mono-2|Mono-1|pre-DC-2|Erythroblast-3|cDC1|Intermediate Mono-2|T CD8 Naive|Intermediate Mono-1|cMOP|ERP-8|Myeloid intermediate 3|T CD4 Naive-1|MAIT|MDP-6|pre-DC-1|ERP-7|Erythroblast-2|Classical-Mono|CD8 TEM		0.6015491778598638	0.6825553528824917	0.25515154663297	0.402269752687216	0.143299275507166	0.356827232167182
NYU-1:AML048	m-LSC	Multilin-2|LMPP-1-cycling|LMPP-1|MultiLin-GMP-2|MultiLin-GMP-3|LMPP-2|MultiLin-GMP-1|BMCP-1|MEP-2|Multilin-1|preNeu|CLP|MEP-1|MPP-MEP|Pro-B-3|cDC2-2|pre-DC-3	Intermediate Mono-3|Mono-2|Mono-1|pre-DC-2|Erythroblast-3|cDC1|Intermediate Mono-2|T CD8 Naive|Intermediate Mono-1|cMOP|ERP-8|Myeloid intermediate 3|T CD4 Naive-1|MAIT|MDP-6|pre-DC-1|ERP-7|Erythroblast-2|Classical-Mono|CD8 TEM		0.7445790580798919	0.6825553528824917	0.22578254199740894	0.402269752687216	0.029638399922699264	0.356827232167182
NYU-1:AML051	p+m-LSC	Multilin-2|LMPP-1-cycling|LMPP-1|MultiLin-GMP-2|MultiLin-GMP-3|LMPP-2|MultiLin-GMP-1|BMCP-1|MEP-2|Multilin-1|preNeu|CLP|MEP-1|MPP-MEP|Pro-B-3|cDC2-2|pre-DC-3	Intermediate Mono-3|Mono-2|Mono-1|pre-DC-2|Erythroblast-3|cDC1|Intermediate Mono-2|T CD8 Naive|Intermediate Mono-1|cMOP|ERP-8|Myeloid intermediate 3|T CD4 Naive-1|MAIT|MDP-6|pre-DC-1|ERP-7|Erythroblast-2|Classical-Mono|CD8 TEM		0.05333983829243653	0.6825553528824917	0.6365322045795174	0.402269752687216	0.3101279571280461	0.356827232167182
NYU-1:AML052	p+m-LSC	Multilin-2|LMPP-1-cycling|LMPP-1|MultiLin-GMP-2|MultiLin-GMP-3|LMPP-2|MultiLin-GMP-1|BMCP-1|MEP-2|Multilin-1|preNeu|CLP|MEP-1|MPP-MEP|Pro-B-3|cDC2-2|pre-DC-3	Intermediate Mono-3|Mono-2|Mono-1|pre-DC-2|Erythroblast-3|cDC1|Intermediate Mono-2|T CD8 Naive|Intermediate Mono-1|cMOP|ERP-8|Myeloid intermediate 3|T CD4 Naive-1|MAIT|MDP-6|pre-DC-1|ERP-7|Erythroblast-2|Classical-Mono|CD8 TEM		0.04181526762769983	0.6825553528824917	0.9118749972085153	0.402269752687216	0.04630973516378481	0.356827232167182
NYU-1:AML055	p-LSC	Multilin-2|LMPP-1-cycling|LMPP-1|MultiLin-GMP-2|MultiLin-GMP-3|LMPP-2|MultiLin-GMP-1|BMCP-1|MEP-2|Multilin-1|preNeu|CLP|MEP-1|MPP-MEP|Pro-B-3|cDC2-2|pre-DC-3	Intermediate Mono-3|Mono-2|Mono-1|pre-DC-2|Erythroblast-3|cDC1|Intermediate Mono-2|T CD8 Naive|Intermediate Mono-1|cMOP|ERP-8|Myeloid intermediate 3|T CD4 Naive-1|MAIT|MDP-6|pre-DC-1|ERP-7|Erythroblast-2|Classical-Mono|CD8 TEM		0.001153472826117619	0.6825553528824917	0.19657832090208627	0.402269752687216	0.8022682062717961	0.356827232167182
NYU-1:AML056	NULL	Multilin-2|LMPP-1-cycling|LMPP-1|MultiLin-GMP-2|MultiLin-GMP-3|LMPP-2|MultiLin-GMP-1|BMCP-1|MEP-2|Multilin-1|preNeu|CLP|MEP-1|MPP-MEP|Pro-B-3|cDC2-2|pre-DC-3	Intermediate Mono-3|Mono-2|Mono-1|pre-DC-2|Erythroblast-3|cDC1|Intermediate Mono-2|T CD8 Naive|Intermediate Mono-1|cMOP|ERP-8|Myeloid intermediate 3|T CD4 Naive-1|MAIT|MDP-6|pre-DC-1|ERP-7|Erythroblast-2|Classical-Mono|CD8 TEM		0.682047727769354	0.6825553528824917	0.2384421203437587	0.402269752687216	0.07951015188688738	0.356827232167182
NYU-1:AML0612	p-LSC	Multilin-2|LMPP-1-cycling|LMPP-1|MultiLin-GMP-2|MultiLin-GMP-3|LMPP-2|MultiLin-GMP-1|BMCP-1|MEP-2|Multilin-1|preNeu|CLP|MEP-1|MPP-MEP|Pro-B-3|cDC2-2|pre-DC-3	Intermediate Mono-3|Mono-2|Mono-1|pre-DC-2|Erythroblast-3|cDC1|Intermediate Mono-2|T CD8 Naive|Intermediate Mono-1|cMOP|ERP-8|Myeloid intermediate 3|T CD4 Naive-1|MAIT|MDP-6|pre-DC-1|ERP-7|Erythroblast-2|Classical-Mono|CD8 TEM		0.0005227350877072298	0.6825553528824917	0.4464330720660361	0.402269752687216	0.5530441928462566	0.356827232167182
NYU-1:AML0656	NULL	Multilin-2|LMPP-1-cycling|LMPP-1|MultiLin-GMP-2|MultiLin-GMP-3|LMPP-2|MultiLin-GMP-1|BMCP-1|MEP-2|Multilin-1|preNeu|CLP|MEP-1|MPP-MEP|Pro-B-3|cDC2-2|pre-DC-3	Intermediate Mono-3|Mono-2|Mono-1|pre-DC-2|Erythroblast-3|cDC1|Intermediate Mono-2|T CD8 Naive|Intermediate Mono-1|cMOP|ERP-8|Myeloid intermediate 3|T CD4 Naive-1|MAIT|MDP-6|pre-DC-1|ERP-7|Erythroblast-2|Classical-Mono|CD8 TEM		0.599262462706262	0.6825553528824917	0.36083463166210505	0.402269752687216	0.03990290563163298	0.356827232167182
NYU-1:AML0693	p+m-LSC	Multilin-2|LMPP-1-cycling|LMPP-1|MultiLin-GMP-2|MultiLin-GMP-3|LMPP-2|MultiLin-GMP-1|BMCP-1|MEP-2|Multilin-1|preNeu|CLP|MEP-1|MPP-MEP|Pro-B-3|cDC2-2|pre-DC-3	Intermediate Mono-3|Mono-2|Mono-1|pre-DC-2|Erythroblast-3|cDC1|Intermediate Mono-2|T CD8 Naive|Intermediate Mono-1|cMOP|ERP-8|Myeloid intermediate 3|T CD4 Naive-1|MAIT|MDP-6|pre-DC-1|ERP-7|Erythroblast-2|Classical-Mono|CD8 TEM		0.06208371548209505	0.6825553528824917	0.7377323182689248	0.402269752687216	0.20018396624898022	0.356827232167182
NYU-1:AML073	p-LSC	Multilin-2|LMPP-1-cycling|LMPP-1|MultiLin-GMP-2|MultiLin-GMP-3|LMPP-2|MultiLin-GMP-1|BMCP-1|MEP-2|Multilin-1|preNeu|CLP|MEP-1|MPP-MEP|Pro-B-3|cDC2-2|pre-DC-3	Intermediate Mono-3|Mono-2|Mono-1|pre-DC-2|Erythroblast-3|cDC1|Intermediate Mono-2|T CD8 Naive|Intermediate Mono-1|cMOP|ERP-8|Myeloid intermediate 3|T CD4 Naive-1|MAIT|MDP-6|pre-DC-1|ERP-7|Erythroblast-2|Classical-Mono|CD8 TEM		0.018134500614970215	0.6825553528824917	0.394954127750481	0.402269752687216	0.5869113716345488	0.356827232167182
NYU-1:AML1371	m-LSC	Multilin-2|LMPP-1-cycling|LMPP-1|MultiLin-GMP-2|MultiLin-GMP-3|LMPP-2|MultiLin-GMP-1|BMCP-1|MEP-2|Multilin-1|preNeu|CLP|MEP-1|MPP-MEP|Pro-B-3|cDC2-2|pre-DC-3	Intermediate Mono-3|Mono-2|Mono-1|pre-DC-2|Erythroblast-3|cDC1|Intermediate Mono-2|T CD8 Naive|Intermediate Mono-1|cMOP|ERP-8|Myeloid intermediate 3|T CD4 Naive-1|MAIT|MDP-6|pre-DC-1|ERP-7|Erythroblast-2|Classical-Mono|CD8 TEM		0.8782795993469897	0.6825553528824917	0.1064629127504988	0.402269752687216	0.015257487902511399	0.356827232167182
NYU-1:AML1540	p-LSC	Multilin-2|LMPP-1-cycling|LMPP-1|MultiLin-GMP-2|MultiLin-GMP-3|LMPP-2|MultiLin-GMP-1|BMCP-1|MEP-2|Multilin-1|preNeu|CLP|MEP-1|MPP-MEP|Pro-B-3|cDC2-2|pre-DC-3	Intermediate Mono-3|Mono-2|Mono-1|pre-DC-2|Erythroblast-3|cDC1|Intermediate Mono-2|T CD8 Naive|Intermediate Mono-1|cMOP|ERP-8|Myeloid intermediate 3|T CD4 Naive-1|MAIT|MDP-6|pre-DC-1|ERP-7|Erythroblast-2|Classical-Mono|CD8 TEM		0.10990621858420975	0.6825553528824917	0.1911805839017074	0.402269752687216	0.698913197514083	0.356827232167182
NYU-1:AML1552	m-LSC	Multilin-2|LMPP-1-cycling|LMPP-1|MultiLin-GMP-2|MultiLin-GMP-3|LMPP-2|MultiLin-GMP-1|BMCP-1|MEP-2|Multilin-1|preNeu|CLP|MEP-1|MPP-MEP|Pro-B-3|cDC2-2|pre-DC-3	Intermediate Mono-3|Mono-2|Mono-1|pre-DC-2|Erythroblast-3|cDC1|Intermediate Mono-2|T CD8 Naive|Intermediate Mono-1|cMOP|ERP-8|Myeloid intermediate 3|T CD4 Naive-1|MAIT|MDP-6|pre-DC-1|ERP-7|Erythroblast-2|Classical-Mono|CD8 TEM		0.9155226412660606	0.6825553528824917	0.08159025434866846	0.402269752687216	0.00288710438527078	0.356827232167182
NYU-1:AML2123	p+m-LSC	Multilin-2|LMPP-1-cycling|LMPP-1|MultiLin-GMP-2|MultiLin-GMP-3|LMPP-2|MultiLin-GMP-1|BMCP-1|MEP-2|Multilin-1|preNeu|CLP|MEP-1|MPP-MEP|Pro-B-3|cDC2-2|pre-DC-3	Intermediate Mono-3|Mono-2|Mono-1|pre-DC-2|Erythroblast-3|cDC1|Intermediate Mono-2|T CD8 Naive|Intermediate Mono-1|cMOP|ERP-8|Myeloid intermediate 3|T CD4 Naive-1|MAIT|MDP-6|pre-DC-1|ERP-7|Erythroblast-2|Classical-Mono|CD8 TEM		0.07935103403160096	0.6825553528824917	0.6658034372486314	0.402269752687216	0.25484552871976757	0.356827232167182
NYU-1:AML22-Decitabine	p-LSC	Multilin-2|LMPP-1-cycling|LMPP-1|MultiLin-GMP-2|MultiLin-GMP-3|LMPP-2|MultiLin-GMP-1|BMCP-1|MEP-2|Multilin-1|preNeu|CLP|MEP-1|MPP-MEP|Pro-B-3|cDC2-2|pre-DC-3	Intermediate Mono-3|Mono-2|Mono-1|pre-DC-2|Erythroblast-3|cDC1|Intermediate Mono-2|T CD8 Naive|Intermediate Mono-1|cMOP|ERP-8|Myeloid intermediate 3|T CD4 Naive-1|MAIT|MDP-6|pre-DC-1|ERP-7|Erythroblast-2|Classical-Mono|CD8 TEM		1.5755262591493215e-05	0.6825553528824917	0.00039227832304221947	0.402269752687216	0.9995919664143663	0.356827232167182
NYU-1:AML2451	m-LSC	Multilin-2|LMPP-1-cycling|LMPP-1|MultiLin-GMP-2|MultiLin-GMP-3|LMPP-2|MultiLin-GMP-1|BMCP-1|MEP-2|Multilin-1|preNeu|CLP|MEP-1|MPP-MEP|Pro-B-3|cDC2-2|pre-DC-3	Intermediate Mono-3|Mono-2|Mono-1|pre-DC-2|Erythroblast-3|cDC1|Intermediate Mono-2|T CD8 Naive|Intermediate Mono-1|cMOP|ERP-8|Myeloid intermediate 3|T CD4 Naive-1|MAIT|MDP-6|pre-DC-1|ERP-7|Erythroblast-2|Classical-Mono|CD8 TEM		0.8088162470052327	0.6825553528824917	0.15075518380100467	0.402269752687216	0.04042856919376276	0.356827232167182
NYU-1:AML2910	p-LSC	Multilin-2|LMPP-1-cycling|LMPP-1|MultiLin-GMP-2|MultiLin-GMP-3|LMPP-2|MultiLin-GMP-1|BMCP-1|MEP-2|Multilin-1|preNeu|CLP|MEP-1|MPP-MEP|Pro-B-3|cDC2-2|pre-DC-3	Intermediate Mono-3|Mono-2|Mono-1|pre-DC-2|Erythroblast-3|cDC1|Intermediate Mono-2|T CD8 Naive|Intermediate Mono-1|cMOP|ERP-8|Myeloid intermediate 3|T CD4 Naive-1|MAIT|MDP-6|pre-DC-1|ERP-7|Erythroblast-2|Classical-Mono|CD8 TEM		0.015821032811401663	0.6825553528824917	0.15625638400391564	0.402269752687216	0.8279225831846827	0.356827232167182
NYU-1:AML3050	p-LSC	Multilin-2|LMPP-1-cycling|LMPP-1|MultiLin-GMP-2|MultiLin-GMP-3|LMPP-2|MultiLin-GMP-1|BMCP-1|MEP-2|Multilin-1|preNeu|CLP|MEP-1|MPP-MEP|Pro-B-3|cDC2-2|pre-DC-3	Intermediate Mono-3|Mono-2|Mono-1|pre-DC-2|Erythroblast-3|cDC1|Intermediate Mono-2|T CD8 Naive|Intermediate Mono-1|cMOP|ERP-8|Myeloid intermediate 3|T CD4 Naive-1|MAIT|MDP-6|pre-DC-1|ERP-7|Erythroblast-2|Classical-Mono|CD8 TEM		0.18529930974392134	0.6825553528824917	0.3847935692411858	0.402269752687216	0.42990712101489287	0.356827232167182
NYU-1:AML3133	p+m-LSC	Multilin-2|LMPP-1-cycling|LMPP-1|MultiLin-GMP-2|MultiLin-GMP-3|LMPP-2|MultiLin-GMP-1|BMCP-1|MEP-2|Multilin-1|preNeu|CLP|MEP-1|MPP-MEP|Pro-B-3|cDC2-2|pre-DC-3	Intermediate Mono-3|Mono-2|Mono-1|pre-DC-2|Erythroblast-3|cDC1|Intermediate Mono-2|T CD8 Naive|Intermediate Mono-1|cMOP|ERP-8|Myeloid intermediate 3|T CD4 Naive-1|MAIT|MDP-6|pre-DC-1|ERP-7|Erythroblast-2|Classical-Mono|CD8 TEM		0.28435527640058	0.6825553528824917	0.4197381453622416	0.402269752687216	0.29590657823717836	0.356827232167182
NYU-1:AML3730	NULL	Multilin-2|LMPP-1-cycling|LMPP-1|MultiLin-GMP-2|MultiLin-GMP-3|LMPP-2|MultiLin-GMP-1|BMCP-1|MEP-2|Multilin-1|preNeu|CLP|MEP-1|MPP-MEP|Pro-B-3|cDC2-2|pre-DC-3	Intermediate Mono-3|Mono-2|Mono-1|pre-DC-2|Erythroblast-3|cDC1|Intermediate Mono-2|T CD8 Naive|Intermediate Mono-1|cMOP|ERP-8|Myeloid intermediate 3|T CD4 Naive-1|MAIT|MDP-6|pre-DC-1|ERP-7|Erythroblast-2|Classical-Mono|CD8 TEM		0.6149941283738585	0.6825553528824917	0.21537142538827744	0.402269752687216	0.169634446237864	0.356827232167182
NYU-1:AML3762	p-LSC	Multilin-2|LMPP-1-cycling|LMPP-1|MultiLin-GMP-2|MultiLin-GMP-3|LMPP-2|MultiLin-GMP-1|BMCP-1|MEP-2|Multilin-1|preNeu|CLP|MEP-1|MPP-MEP|Pro-B-3|cDC2-2|pre-DC-3	Intermediate Mono-3|Mono-2|Mono-1|pre-DC-2|Erythroblast-3|cDC1|Intermediate Mono-2|T CD8 Naive|Intermediate Mono-1|cMOP|ERP-8|Myeloid intermediate 3|T CD4 Naive-1|MAIT|MDP-6|pre-DC-1|ERP-7|Erythroblast-2|Classical-Mono|CD8 TEM		0.005046288910853514	0.6825553528824917	0.4164437503209278	0.402269752687216	0.5785099607682186	0.356827232167182
NYU-1:AML3948	p-LSC	Multilin-2|LMPP-1-cycling|LMPP-1|MultiLin-GMP-2|MultiLin-GMP-3|LMPP-2|MultiLin-GMP-1|BMCP-1|MEP-2|Multilin-1|preNeu|CLP|MEP-1|MPP-MEP|Pro-B-3|cDC2-2|pre-DC-3	Intermediate Mono-3|Mono-2|Mono-1|pre-DC-2|Erythroblast-3|cDC1|Intermediate Mono-2|T CD8 Naive|Intermediate Mono-1|cMOP|ERP-8|Myeloid intermediate 3|T CD4 Naive-1|MAIT|MDP-6|pre-DC-1|ERP-7|Erythroblast-2|Classical-Mono|CD8 TEM		0.003175052426049425	0.6825553528824917	0.18420026774830345	0.402269752687216	0.8126246798256472	0.356827232167182
NYU-1:AML4340	NULL	Multilin-2|LMPP-1-cycling|LMPP-1|MultiLin-GMP-2|MultiLin-GMP-3|LMPP-2|MultiLin-GMP-1|BMCP-1|MEP-2|Multilin-1|preNeu|CLP|MEP-1|MPP-MEP|Pro-B-3|cDC2-2|pre-DC-3	Intermediate Mono-3|Mono-2|Mono-1|pre-DC-2|Erythroblast-3|cDC1|Intermediate Mono-2|T CD8 Naive|Intermediate Mono-1|cMOP|ERP-8|Myeloid intermediate 3|T CD4 Naive-1|MAIT|MDP-6|pre-DC-1|ERP-7|Erythroblast-2|Classical-Mono|CD8 TEM		0.656018940911122	0.6825553528824917	0.22865227599100868	0.402269752687216	0.11532878309786926	0.356827232167182
NYU-1:AML4897	NULL	Multilin-2|LMPP-1-cycling|LMPP-1|MultiLin-GMP-2|MultiLin-GMP-3|LMPP-2|MultiLin-GMP-1|BMCP-1|MEP-2|Multilin-1|preNeu|CLP|MEP-1|MPP-MEP|Pro-B-3|cDC2-2|pre-DC-3	Intermediate Mono-3|Mono-2|Mono-1|pre-DC-2|Erythroblast-3|cDC1|Intermediate Mono-2|T CD8 Naive|Intermediate Mono-1|cMOP|ERP-8|Myeloid intermediate 3|T CD4 Naive-1|MAIT|MDP-6|pre-DC-1|ERP-7|Erythroblast-2|Classical-Mono|CD8 TEM		0.6236362368103152	0.6825553528824917	0.37033865463754373	0.402269752687216	0.006025108552141054	0.356827232167182
NYU-1:AML52-Azacitidine	p+m-LSC	Multilin-2|LMPP-1-cycling|LMPP-1|MultiLin-GMP-2|MultiLin-GMP-3|LMPP-2|MultiLin-GMP-1|BMCP-1|MEP-2|Multilin-1|preNeu|CLP|MEP-1|MPP-MEP|Pro-B-3|cDC2-2|pre-DC-3	Intermediate Mono-3|Mono-2|Mono-1|pre-DC-2|Erythroblast-3|cDC1|Intermediate Mono-2|T CD8 Naive|Intermediate Mono-1|cMOP|ERP-8|Myeloid intermediate 3|T CD4 Naive-1|MAIT|MDP-6|pre-DC-1|ERP-7|Erythroblast-2|Classical-Mono|CD8 TEM		0.02520159767747487	0.6825553528824917	0.9427771836151927	0.402269752687216	0.03202121870733243	0.356827232167182
NYU-1:AML5292	p-LSC	Multilin-2|LMPP-1-cycling|LMPP-1|MultiLin-GMP-2|MultiLin-GMP-3|LMPP-2|MultiLin-GMP-1|BMCP-1|MEP-2|Multilin-1|preNeu|CLP|MEP-1|MPP-MEP|Pro-B-3|cDC2-2|pre-DC-3	Intermediate Mono-3|Mono-2|Mono-1|pre-DC-2|Erythroblast-3|cDC1|Intermediate Mono-2|T CD8 Naive|Intermediate Mono-1|cMOP|ERP-8|Myeloid intermediate 3|T CD4 Naive-1|MAIT|MDP-6|pre-DC-1|ERP-7|Erythroblast-2|Classical-Mono|CD8 TEM		8.14144628328828e-06	0.6825553528824917	0.00036649985315866774	0.402269752687216	0.999625358700558	0.356827232167182
NYU-1:Control0004	m-LSC	Multilin-2|LMPP-1-cycling|LMPP-1|MultiLin-GMP-2|MultiLin-GMP-3|LMPP-2|MultiLin-GMP-1|BMCP-1|MEP-2|Multilin-1|preNeu|CLP|MEP-1|MPP-MEP|Pro-B-3|cDC2-2|pre-DC-3	Intermediate Mono-3|Mono-2|Mono-1|pre-DC-2|Erythroblast-3|cDC1|Intermediate Mono-2|T CD8 Naive|Intermediate Mono-1|cMOP|ERP-8|Myeloid intermediate 3|T CD4 Naive-1|MAIT|MDP-6|pre-DC-1|ERP-7|Erythroblast-2|Classical-Mono|CD8 TEM		0.8326046750049846	0.6825553528824917	0.1259700560166787	0.402269752687216	0.04142526897833669	0.356827232167182
NYU-1:Control0005	p-LSC	Multilin-2|LMPP-1-cycling|LMPP-1|MultiLin-GMP-2|MultiLin-GMP-3|LMPP-2|MultiLin-GMP-1|BMCP-1|MEP-2|Multilin-1|preNeu|CLP|MEP-1|MPP-MEP|Pro-B-3|cDC2-2|pre-DC-3	Intermediate Mono-3|Mono-2|Mono-1|pre-DC-2|Erythroblast-3|cDC1|Intermediate Mono-2|T CD8 Naive|Intermediate Mono-1|cMOP|ERP-8|Myeloid intermediate 3|T CD4 Naive-1|MAIT|MDP-6|pre-DC-1|ERP-7|Erythroblast-2|Classical-Mono|CD8 TEM		0.36539083033436215	0.6825553528824917	0.12814476243123266	0.402269752687216	0.5064644072344052	0.356827232167182
NYU-1:Control0058	NULL	Multilin-2|LMPP-1-cycling|LMPP-1|MultiLin-GMP-2|MultiLin-GMP-3|LMPP-2|MultiLin-GMP-1|BMCP-1|MEP-2|Multilin-1|preNeu|CLP|MEP-1|MPP-MEP|Pro-B-3|cDC2-2|pre-DC-3	Intermediate Mono-3|Mono-2|Mono-1|pre-DC-2|Erythroblast-3|cDC1|Intermediate Mono-2|T CD8 Naive|Intermediate Mono-1|cMOP|ERP-8|Myeloid intermediate 3|T CD4 Naive-1|MAIT|MDP-6|pre-DC-1|ERP-7|Erythroblast-2|Classical-Mono|CD8 TEM		0.6272799128029952	0.6825553528824917	0.25058887851193407	0.402269752687216	0.1221312086850708	0.356827232167182
NYU-1:Control0082	NULL	Multilin-2|LMPP-1-cycling|LMPP-1|MultiLin-GMP-2|MultiLin-GMP-3|LMPP-2|MultiLin-GMP-1|BMCP-1|MEP-2|Multilin-1|preNeu|CLP|MEP-1|MPP-MEP|Pro-B-3|cDC2-2|pre-DC-3	Intermediate Mono-3|Mono-2|Mono-1|pre-DC-2|Erythroblast-3|cDC1|Intermediate Mono-2|T CD8 Naive|Intermediate Mono-1|cMOP|ERP-8|Myeloid intermediate 3|T CD4 Naive-1|MAIT|MDP-6|pre-DC-1|ERP-7|Erythroblast-2|Classical-Mono|CD8 TEM		0.6213684000992727	0.6825553528824917	0.14174553830903525	0.402269752687216	0.23688606159169187	0.356827232167182
NYU-1:Control1	NULL	Multilin-2|LMPP-1-cycling|LMPP-1|MultiLin-GMP-2|MultiLin-GMP-3|LMPP-2|MultiLin-GMP-1|BMCP-1|MEP-2|Multilin-1|preNeu|CLP|MEP-1|MPP-MEP|Pro-B-3|cDC2-2|pre-DC-3	Intermediate Mono-3|Mono-2|Mono-1|pre-DC-2|Erythroblast-3|cDC1|Intermediate Mono-2|T CD8 Naive|Intermediate Mono-1|cMOP|ERP-8|Myeloid intermediate 3|T CD4 Naive-1|MAIT|MDP-6|pre-DC-1|ERP-7|Erythroblast-2|Classical-Mono|CD8 TEM		0.4047630014069823	0.6825553528824917	0.25928976140043414	0.402269752687216	0.33594723719258346	0.356827232167182
NYU-1:Control2	NULL	Multilin-2|LMPP-1-cycling|LMPP-1|MultiLin-GMP-2|MultiLin-GMP-3|LMPP-2|MultiLin-GMP-1|BMCP-1|MEP-2|Multilin-1|preNeu|CLP|MEP-1|MPP-MEP|Pro-B-3|cDC2-2|pre-DC-3	Intermediate Mono-3|Mono-2|Mono-1|pre-DC-2|Erythroblast-3|cDC1|Intermediate Mono-2|T CD8 Naive|Intermediate Mono-1|cMOP|ERP-8|Myeloid intermediate 3|T CD4 Naive-1|MAIT|MDP-6|pre-DC-1|ERP-7|Erythroblast-2|Classical-Mono|CD8 TEM		0.41263629074146835	0.6825553528824917	0.24063725333860575	0.402269752687216	0.3467264559199259	0.356827232167182
NYU-1:Control3	NULL	Multilin-2|LMPP-1-cycling|LMPP-1|MultiLin-GMP-2|MultiLin-GMP-3|LMPP-2|MultiLin-GMP-1|BMCP-1|MEP-2|Multilin-1|preNeu|CLP|MEP-1|MPP-MEP|Pro-B-3|cDC2-2|pre-DC-3	Intermediate Mono-3|Mono-2|Mono-1|pre-DC-2|Erythroblast-3|cDC1|Intermediate Mono-2|T CD8 Naive|Intermediate Mono-1|cMOP|ERP-8|Myeloid intermediate 3|T CD4 Naive-1|MAIT|MDP-6|pre-DC-1|ERP-7|Erythroblast-2|Classical-Mono|CD8 TEM		0.5736435821070675	0.6825553528824917	0.20416033015978874	0.402269752687216	0.2221960877331438	0.356827232167182
NYU-1:Control4	p+m-LSC	Multilin-2|LMPP-1-cycling|LMPP-1|MultiLin-GMP-2|MultiLin-GMP-3|LMPP-2|MultiLin-GMP-1|BMCP-1|MEP-2|Multilin-1|preNeu|CLP|MEP-1|MPP-MEP|Pro-B-3|cDC2-2|pre-DC-3	Intermediate Mono-3|Mono-2|Mono-1|pre-DC-2|Erythroblast-3|cDC1|Intermediate Mono-2|T CD8 Naive|Intermediate Mono-1|cMOP|ERP-8|Myeloid intermediate 3|T CD4 Naive-1|MAIT|MDP-6|pre-DC-1|ERP-7|Erythroblast-2|Classical-Mono|CD8 TEM		0.34671781955856984	0.6825553528824917	0.41337328668153367	0.402269752687216	0.23990889375989652	0.356827232167182
NYU-1:Control4003	p-LSC	Multilin-2|LMPP-1-cycling|LMPP-1|MultiLin-GMP-2|MultiLin-GMP-3|LMPP-2|MultiLin-GMP-1|BMCP-1|MEP-2|Multilin-1|preNeu|CLP|MEP-1|MPP-MEP|Pro-B-3|cDC2-2|pre-DC-3	Intermediate Mono-3|Mono-2|Mono-1|pre-DC-2|Erythroblast-3|cDC1|Intermediate Mono-2|T CD8 Naive|Intermediate Mono-1|cMOP|ERP-8|Myeloid intermediate 3|T CD4 Naive-1|MAIT|MDP-6|pre-DC-1|ERP-7|Erythroblast-2|Classical-Mono|CD8 TEM		0.4300072889760176	0.6825553528824917	0.20441728422274533	0.402269752687216	0.36557542680123695	0.356827232167182
NYU-1:ETP9153	p+m-LSC	Multilin-2|LMPP-1-cycling|LMPP-1|MultiLin-GMP-2|MultiLin-GMP-3|LMPP-2|MultiLin-GMP-1|BMCP-1|MEP-2|Multilin-1|preNeu|CLP|MEP-1|MPP-MEP|Pro-B-3|cDC2-2|pre-DC-3	Intermediate Mono-3|Mono-2|Mono-1|pre-DC-2|Erythroblast-3|cDC1|Intermediate Mono-2|T CD8 Naive|Intermediate Mono-1|cMOP|ERP-8|Myeloid intermediate 3|T CD4 Naive-1|MAIT|MDP-6|pre-DC-1|ERP-7|Erythroblast-2|Classical-Mono|CD8 TEM		0.006087543322003726	0.6825553528824917	0.8596723600255933	0.402269752687216	0.13424009665240302	0.356827232167182
NYU-1:HTO2-SRR16208954	NULL	Multilin-2|LMPP-1-cycling|LMPP-1|MultiLin-GMP-2|MultiLin-GMP-3|LMPP-2|MultiLin-GMP-1|BMCP-1|MEP-2|Multilin-1|preNeu|CLP|MEP-1|MPP-MEP|Pro-B-3|cDC2-2|pre-DC-3	Intermediate Mono-3|Mono-2|Mono-1|pre-DC-2|Erythroblast-3|cDC1|Intermediate Mono-2|T CD8 Naive|Intermediate Mono-1|cMOP|ERP-8|Myeloid intermediate 3|T CD4 Naive-1|MAIT|MDP-6|pre-DC-1|ERP-7|Erythroblast-2|Classical-Mono|CD8 TEM		0.6413690692374792	0.6825553528824917	0.25052040371069073	0.402269752687216	0.10811052705182998	0.356827232167182
NYU-1:HTO2-SRR16208955	m-LSC	Multilin-2|LMPP-1-cycling|LMPP-1|MultiLin-GMP-2|MultiLin-GMP-3|LMPP-2|MultiLin-GMP-1|BMCP-1|MEP-2|Multilin-1|preNeu|CLP|MEP-1|MPP-MEP|Pro-B-3|cDC2-2|pre-DC-3	Intermediate Mono-3|Mono-2|Mono-1|pre-DC-2|Erythroblast-3|cDC1|Intermediate Mono-2|T CD8 Naive|Intermediate Mono-1|cMOP|ERP-8|Myeloid intermediate 3|T CD4 Naive-1|MAIT|MDP-6|pre-DC-1|ERP-7|Erythroblast-2|Classical-Mono|CD8 TEM		0.821292013266344	0.6825553528824917	0.130501117389361	0.402269752687216	0.04820686934429495	0.356827232167182
NYU-1:HTO2-SRR16208956	m-LSC	Multilin-2|LMPP-1-cycling|LMPP-1|MultiLin-GMP-2|MultiLin-GMP-3|LMPP-2|MultiLin-GMP-1|BMCP-1|MEP-2|Multilin-1|preNeu|CLP|MEP-1|MPP-MEP|Pro-B-3|cDC2-2|pre-DC-3	Intermediate Mono-3|Mono-2|Mono-1|pre-DC-2|Erythroblast-3|cDC1|Intermediate Mono-2|T CD8 Naive|Intermediate Mono-1|cMOP|ERP-8|Myeloid intermediate 3|T CD4 Naive-1|MAIT|MDP-6|pre-DC-1|ERP-7|Erythroblast-2|Classical-Mono|CD8 TEM		0.8998572209977892	0.6825553528824917	0.08442327181630266	0.402269752687216	0.015719507185908102	0.356827232167182
NYU-1:HTO3-SRR16208954	m-LSC	Multilin-2|LMPP-1-cycling|LMPP-1|MultiLin-GMP-2|MultiLin-GMP-3|LMPP-2|MultiLin-GMP-1|BMCP-1|MEP-2|Multilin-1|preNeu|CLP|MEP-1|MPP-MEP|Pro-B-3|cDC2-2|pre-DC-3	Intermediate Mono-3|Mono-2|Mono-1|pre-DC-2|Erythroblast-3|cDC1|Intermediate Mono-2|T CD8 Naive|Intermediate Mono-1|cMOP|ERP-8|Myeloid intermediate 3|T CD4 Naive-1|MAIT|MDP-6|pre-DC-1|ERP-7|Erythroblast-2|Classical-Mono|CD8 TEM		0.9913617305396069	0.6825553528824917	0.008527330440567499	0.402269752687216	0.0001109390198257183	0.356827232167182
NYU-1:HTO3-SRR16208955	m-LSC	Multilin-2|LMPP-1-cycling|LMPP-1|MultiLin-GMP-2|MultiLin-GMP-3|LMPP-2|MultiLin-GMP-1|BMCP-1|MEP-2|Multilin-1|preNeu|CLP|MEP-1|MPP-MEP|Pro-B-3|cDC2-2|pre-DC-3	Intermediate Mono-3|Mono-2|Mono-1|pre-DC-2|Erythroblast-3|cDC1|Intermediate Mono-2|T CD8 Naive|Intermediate Mono-1|cMOP|ERP-8|Myeloid intermediate 3|T CD4 Naive-1|MAIT|MDP-6|pre-DC-1|ERP-7|Erythroblast-2|Classical-Mono|CD8 TEM		0.991236715339074	0.6825553528824917	0.008559771667061775	0.402269752687216	0.00020351299386407504	0.356827232167182
NYU-1:HTO5-SRR16208954	m-LSC	Multilin-2|LMPP-1-cycling|LMPP-1|MultiLin-GMP-2|MultiLin-GMP-3|LMPP-2|MultiLin-GMP-1|BMCP-1|MEP-2|Multilin-1|preNeu|CLP|MEP-1|MPP-MEP|Pro-B-3|cDC2-2|pre-DC-3	Intermediate Mono-3|Mono-2|Mono-1|pre-DC-2|Erythroblast-3|cDC1|Intermediate Mono-2|T CD8 Naive|Intermediate Mono-1|cMOP|ERP-8|Myeloid intermediate 3|T CD4 Naive-1|MAIT|MDP-6|pre-DC-1|ERP-7|Erythroblast-2|Classical-Mono|CD8 TEM		0.9606743806822913	0.6825553528824917	0.038444690416087716	0.402269752687216	0.0008809289016210726	0.356827232167182
NYU-1:HTO5-SRR16208955	m-LSC	Multilin-2|LMPP-1-cycling|LMPP-1|MultiLin-GMP-2|MultiLin-GMP-3|LMPP-2|MultiLin-GMP-1|BMCP-1|MEP-2|Multilin-1|preNeu|CLP|MEP-1|MPP-MEP|Pro-B-3|cDC2-2|pre-DC-3	Intermediate Mono-3|Mono-2|Mono-1|pre-DC-2|Erythroblast-3|cDC1|Intermediate Mono-2|T CD8 Naive|Intermediate Mono-1|cMOP|ERP-8|Myeloid intermediate 3|T CD4 Naive-1|MAIT|MDP-6|pre-DC-1|ERP-7|Erythroblast-2|Classical-Mono|CD8 TEM		0.9680644429344004	0.6825553528824917	0.030862108052931967	0.402269752687216	0.0010734490126675207	0.356827232167182
NYU-1:HTO6-SRR16208954	m-LSC	Multilin-2|LMPP-1-cycling|LMPP-1|MultiLin-GMP-2|MultiLin-GMP-3|LMPP-2|MultiLin-GMP-1|BMCP-1|MEP-2|Multilin-1|preNeu|CLP|MEP-1|MPP-MEP|Pro-B-3|cDC2-2|pre-DC-3	Intermediate Mono-3|Mono-2|Mono-1|pre-DC-2|Erythroblast-3|cDC1|Intermediate Mono-2|T CD8 Naive|Intermediate Mono-1|cMOP|ERP-8|Myeloid intermediate 3|T CD4 Naive-1|MAIT|MDP-6|pre-DC-1|ERP-7|Erythroblast-2|Classical-Mono|CD8 TEM		0.9384538112821171	0.6825553528824917	0.05924607202478224	0.402269752687216	0.00230011669310053	0.356827232167182
NYU-1:HTO6-SRR16208955	m-LSC	Multilin-2|LMPP-1-cycling|LMPP-1|MultiLin-GMP-2|MultiLin-GMP-3|LMPP-2|MultiLin-GMP-1|BMCP-1|MEP-2|Multilin-1|preNeu|CLP|MEP-1|MPP-MEP|Pro-B-3|cDC2-2|pre-DC-3	Intermediate Mono-3|Mono-2|Mono-1|pre-DC-2|Erythroblast-3|cDC1|Intermediate Mono-2|T CD8 Naive|Intermediate Mono-1|cMOP|ERP-8|Myeloid intermediate 3|T CD4 Naive-1|MAIT|MDP-6|pre-DC-1|ERP-7|Erythroblast-2|Classical-Mono|CD8 TEM		0.9467043246721529	0.6825553528824917	0.049711836334858206	0.402269752687216	0.0035838389929889343	0.356827232167182
NYU-1:MDS1123	p-LSC	Multilin-2|LMPP-1-cycling|LMPP-1|MultiLin-GMP-2|MultiLin-GMP-3|LMPP-2|MultiLin-GMP-1|BMCP-1|MEP-2|Multilin-1|preNeu|CLP|MEP-1|MPP-MEP|Pro-B-3|cDC2-2|pre-DC-3	Intermediate Mono-3|Mono-2|Mono-1|pre-DC-2|Erythroblast-3|cDC1|Intermediate Mono-2|T CD8 Naive|Intermediate Mono-1|cMOP|ERP-8|Myeloid intermediate 3|T CD4 Naive-1|MAIT|MDP-6|pre-DC-1|ERP-7|Erythroblast-2|Classical-Mono|CD8 TEM		0.000712234785555141	0.6825553528824917	0.02562554361311682	0.402269752687216	0.973662221601328	0.356827232167182
NYU-1:MDS585	p-LSC	Multilin-2|LMPP-1-cycling|LMPP-1|MultiLin-GMP-2|MultiLin-GMP-3|LMPP-2|MultiLin-GMP-1|BMCP-1|MEP-2|Multilin-1|preNeu|CLP|MEP-1|MPP-MEP|Pro-B-3|cDC2-2|pre-DC-3	Intermediate Mono-3|Mono-2|Mono-1|pre-DC-2|Erythroblast-3|cDC1|Intermediate Mono-2|T CD8 Naive|Intermediate Mono-1|cMOP|ERP-8|Myeloid intermediate 3|T CD4 Naive-1|MAIT|MDP-6|pre-DC-1|ERP-7|Erythroblast-2|Classical-Mono|CD8 TEM		0.002568397518856121	0.6825553528824917	0.05279468721189751	0.402269752687216	0.9446369152692463	0.356827232167182
NYU-1:NA-SRR16208928	NULL	Multilin-2|LMPP-1-cycling|LMPP-1|MultiLin-GMP-2|MultiLin-GMP-3|LMPP-2|MultiLin-GMP-1|BMCP-1|MEP-2|Multilin-1|preNeu|CLP|MEP-1|MPP-MEP|Pro-B-3|cDC2-2|pre-DC-3	Intermediate Mono-3|Mono-2|Mono-1|pre-DC-2|Erythroblast-3|cDC1|Intermediate Mono-2|T CD8 Naive|Intermediate Mono-1|cMOP|ERP-8|Myeloid intermediate 3|T CD4 Naive-1|MAIT|MDP-6|pre-DC-1|ERP-7|Erythroblast-2|Classical-Mono|CD8 TEM		0.2936223456858408	0.6825553528824917	0.39204378953366253	0.402269752687216	0.3143338647804966	0.356827232167182
NYU-1:NA-SRR16208929	NULL	Multilin-2|LMPP-1-cycling|LMPP-1|MultiLin-GMP-2|MultiLin-GMP-3|LMPP-2|MultiLin-GMP-1|BMCP-1|MEP-2|Multilin-1|preNeu|CLP|MEP-1|MPP-MEP|Pro-B-3|cDC2-2|pre-DC-3	Intermediate Mono-3|Mono-2|Mono-1|pre-DC-2|Erythroblast-3|cDC1|Intermediate Mono-2|T CD8 Naive|Intermediate Mono-1|cMOP|ERP-8|Myeloid intermediate 3|T CD4 Naive-1|MAIT|MDP-6|pre-DC-1|ERP-7|Erythroblast-2|Classical-Mono|CD8 TEM		0.33948417415180215	0.6825553528824917	0.3186000397303539	0.402269752687216	0.34191578611784396	0.356827232167182
NYU-1:NA-SRR16208930	p-LSC	Multilin-2|LMPP-1-cycling|LMPP-1|MultiLin-GMP-2|MultiLin-GMP-3|LMPP-2|MultiLin-GMP-1|BMCP-1|MEP-2|Multilin-1|preNeu|CLP|MEP-1|MPP-MEP|Pro-B-3|cDC2-2|pre-DC-3	Intermediate Mono-3|Mono-2|Mono-1|pre-DC-2|Erythroblast-3|cDC1|Intermediate Mono-2|T CD8 Naive|Intermediate Mono-1|cMOP|ERP-8|Myeloid intermediate 3|T CD4 Naive-1|MAIT|MDP-6|pre-DC-1|ERP-7|Erythroblast-2|Classical-Mono|CD8 TEM		0.0011040874887135426	0.6825553528824917	0.03870994275105725	0.402269752687216	0.9601859697602293	0.356827232167182
NYU-1:NA-SRR16208931	p-LSC	Multilin-2|LMPP-1-cycling|LMPP-1|MultiLin-GMP-2|MultiLin-GMP-3|LMPP-2|MultiLin-GMP-1|BMCP-1|MEP-2|Multilin-1|preNeu|CLP|MEP-1|MPP-MEP|Pro-B-3|cDC2-2|pre-DC-3	Intermediate Mono-3|Mono-2|Mono-1|pre-DC-2|Erythroblast-3|cDC1|Intermediate Mono-2|T CD8 Naive|Intermediate Mono-1|cMOP|ERP-8|Myeloid intermediate 3|T CD4 Naive-1|MAIT|MDP-6|pre-DC-1|ERP-7|Erythroblast-2|Classical-Mono|CD8 TEM		0.001128867727048161	0.6825553528824917	0.02513926838548811	0.402269752687216	0.9737318638874636	0.356827232167182
NYU-1:NA-SRR16208932	p-LSC	Multilin-2|LMPP-1-cycling|LMPP-1|MultiLin-GMP-2|MultiLin-GMP-3|LMPP-2|MultiLin-GMP-1|BMCP-1|MEP-2|Multilin-1|preNeu|CLP|MEP-1|MPP-MEP|Pro-B-3|cDC2-2|pre-DC-3	Intermediate Mono-3|Mono-2|Mono-1|pre-DC-2|Erythroblast-3|cDC1|Intermediate Mono-2|T CD8 Naive|Intermediate Mono-1|cMOP|ERP-8|Myeloid intermediate 3|T CD4 Naive-1|MAIT|MDP-6|pre-DC-1|ERP-7|Erythroblast-2|Classical-Mono|CD8 TEM		0.0009079062990927022	0.6825553528824917	0.028837867377878763	0.402269752687216	0.9702542263230285	0.356827232167182
NYU-1:PAUMTZ	p-LSC	Multilin-2|LMPP-1-cycling|LMPP-1|MultiLin-GMP-2|MultiLin-GMP-3|LMPP-2|MultiLin-GMP-1|BMCP-1|MEP-2|Multilin-1|preNeu|CLP|MEP-1|MPP-MEP|Pro-B-3|cDC2-2|pre-DC-3	Intermediate Mono-3|Mono-2|Mono-1|pre-DC-2|Erythroblast-3|cDC1|Intermediate Mono-2|T CD8 Naive|Intermediate Mono-1|cMOP|ERP-8|Myeloid intermediate 3|T CD4 Naive-1|MAIT|MDP-6|pre-DC-1|ERP-7|Erythroblast-2|Classical-Mono|CD8 TEM		0.0006971822052884251	0.6825553528824917	0.18028554300401586	0.402269752687216	0.8190172747906956	0.356827232167182
NYU-1:PAUMTZ-EoT	p+m-LSC	Multilin-2|LMPP-1-cycling|LMPP-1|MultiLin-GMP-2|MultiLin-GMP-3|LMPP-2|MultiLin-GMP-1|BMCP-1|MEP-2|Multilin-1|preNeu|CLP|MEP-1|MPP-MEP|Pro-B-3|cDC2-2|pre-DC-3	Intermediate Mono-3|Mono-2|Mono-1|pre-DC-2|Erythroblast-3|cDC1|Intermediate Mono-2|T CD8 Naive|Intermediate Mono-1|cMOP|ERP-8|Myeloid intermediate 3|T CD4 Naive-1|MAIT|MDP-6|pre-DC-1|ERP-7|Erythroblast-2|Classical-Mono|CD8 TEM		0.43855158867292027	0.6825553528824917	0.4526128117750723	0.402269752687216	0.1088355995520073	0.356827232167182
NYU-1:PAUMTZ-Relapse	p+m-LSC	Multilin-2|LMPP-1-cycling|LMPP-1|MultiLin-GMP-2|MultiLin-GMP-3|LMPP-2|MultiLin-GMP-1|BMCP-1|MEP-2|Multilin-1|preNeu|CLP|MEP-1|MPP-MEP|Pro-B-3|cDC2-2|pre-DC-3	Intermediate Mono-3|Mono-2|Mono-1|pre-DC-2|Erythroblast-3|cDC1|Intermediate Mono-2|T CD8 Naive|Intermediate Mono-1|cMOP|ERP-8|Myeloid intermediate 3|T CD4 Naive-1|MAIT|MDP-6|pre-DC-1|ERP-7|Erythroblast-2|Classical-Mono|CD8 TEM		0.1295254840778816	0.6825553528824917	0.5600792112289119	0.402269752687216	0.3103953046932066	0.356827232167182
NYU-1:PAWWEE	p-LSC	Multilin-2|LMPP-1-cycling|LMPP-1|MultiLin-GMP-2|MultiLin-GMP-3|LMPP-2|MultiLin-GMP-1|BMCP-1|MEP-2|Multilin-1|preNeu|CLP|MEP-1|MPP-MEP|Pro-B-3|cDC2-2|pre-DC-3	Intermediate Mono-3|Mono-2|Mono-1|pre-DC-2|Erythroblast-3|cDC1|Intermediate Mono-2|T CD8 Naive|Intermediate Mono-1|cMOP|ERP-8|Myeloid intermediate 3|T CD4 Naive-1|MAIT|MDP-6|pre-DC-1|ERP-7|Erythroblast-2|Classical-Mono|CD8 TEM		7.648844856231187e-06	0.6825553528824917	0.0030172138271959883	0.402269752687216	0.9969751373279478	0.356827232167182
NYU-1:PAXMIJ	m-LSC	Multilin-2|LMPP-1-cycling|LMPP-1|MultiLin-GMP-2|MultiLin-GMP-3|LMPP-2|MultiLin-GMP-1|BMCP-1|MEP-2|Multilin-1|preNeu|CLP|MEP-1|MPP-MEP|Pro-B-3|cDC2-2|pre-DC-3	Intermediate Mono-3|Mono-2|Mono-1|pre-DC-2|Erythroblast-3|cDC1|Intermediate Mono-2|T CD8 Naive|Intermediate Mono-1|cMOP|ERP-8|Myeloid intermediate 3|T CD4 Naive-1|MAIT|MDP-6|pre-DC-1|ERP-7|Erythroblast-2|Classical-Mono|CD8 TEM		0.8286051687214459	0.6825553528824917	0.1434355431971876	0.402269752687216	0.02795928808136651	0.356827232167182
NYU-1:PAXMIJ-EoT	m-LSC	Multilin-2|LMPP-1-cycling|LMPP-1|MultiLin-GMP-2|MultiLin-GMP-3|LMPP-2|MultiLin-GMP-1|BMCP-1|MEP-2|Multilin-1|preNeu|CLP|MEP-1|MPP-MEP|Pro-B-3|cDC2-2|pre-DC-3	Intermediate Mono-3|Mono-2|Mono-1|pre-DC-2|Erythroblast-3|cDC1|Intermediate Mono-2|T CD8 Naive|Intermediate Mono-1|cMOP|ERP-8|Myeloid intermediate 3|T CD4 Naive-1|MAIT|MDP-6|pre-DC-1|ERP-7|Erythroblast-2|Classical-Mono|CD8 TEM		0.9213165785507432	0.6825553528824917	0.061286285875097844	0.402269752687216	0.01739713557415903	0.356827232167182
NYU-1:PAXMIJ-Relapse	p+m-LSC	Multilin-2|LMPP-1-cycling|LMPP-1|MultiLin-GMP-2|MultiLin-GMP-3|LMPP-2|MultiLin-GMP-1|BMCP-1|MEP-2|Multilin-1|preNeu|CLP|MEP-1|MPP-MEP|Pro-B-3|cDC2-2|pre-DC-3	Intermediate Mono-3|Mono-2|Mono-1|pre-DC-2|Erythroblast-3|cDC1|Intermediate Mono-2|T CD8 Naive|Intermediate Mono-1|cMOP|ERP-8|Myeloid intermediate 3|T CD4 Naive-1|MAIT|MDP-6|pre-DC-1|ERP-7|Erythroblast-2|Classical-Mono|CD8 TEM		0.10465965451797093	0.6825553528824917	0.49463058199868565	0.402269752687216	0.40070976348334353	0.356827232167182
NYU-1:PR-TotalSeqA	m-LSC	Multilin-2|LMPP-1-cycling|LMPP-1|MultiLin-GMP-2|MultiLin-GMP-3|LMPP-2|MultiLin-GMP-1|BMCP-1|MEP-2|Multilin-1|preNeu|CLP|MEP-1|MPP-MEP|Pro-B-3|cDC2-2|pre-DC-3	Intermediate Mono-3|Mono-2|Mono-1|pre-DC-2|Erythroblast-3|cDC1|Intermediate Mono-2|T CD8 Naive|Intermediate Mono-1|cMOP|ERP-8|Myeloid intermediate 3|T CD4 Naive-1|MAIT|MDP-6|pre-DC-1|ERP-7|Erythroblast-2|Classical-Mono|CD8 TEM		0.9907019746573844	0.6825553528824917	0.004919289439536744	0.402269752687216	0.004378735903078916	0.356827232167182
NYU-1:R1-TotalSeqA	NULL	Multilin-2|LMPP-1-cycling|LMPP-1|MultiLin-GMP-2|MultiLin-GMP-3|LMPP-2|MultiLin-GMP-1|BMCP-1|MEP-2|Multilin-1|preNeu|CLP|MEP-1|MPP-MEP|Pro-B-3|cDC2-2|pre-DC-3	Intermediate Mono-3|Mono-2|Mono-1|pre-DC-2|Erythroblast-3|cDC1|Intermediate Mono-2|T CD8 Naive|Intermediate Mono-1|cMOP|ERP-8|Myeloid intermediate 3|T CD4 Naive-1|MAIT|MDP-6|pre-DC-1|ERP-7|Erythroblast-2|Classical-Mono|CD8 TEM		0.4379590399964935	0.6825553528824917	0.3177202579258564	0.402269752687216	0.2443207020776501	0.356827232167182
NYU-1:R2-TotalSeqA	p-LSC	Multilin-2|LMPP-1-cycling|LMPP-1|MultiLin-GMP-2|MultiLin-GMP-3|LMPP-2|MultiLin-GMP-1|BMCP-1|MEP-2|Multilin-1|preNeu|CLP|MEP-1|MPP-MEP|Pro-B-3|cDC2-2|pre-DC-3	Intermediate Mono-3|Mono-2|Mono-1|pre-DC-2|Erythroblast-3|cDC1|Intermediate Mono-2|T CD8 Naive|Intermediate Mono-1|cMOP|ERP-8|Myeloid intermediate 3|T CD4 Naive-1|MAIT|MDP-6|pre-DC-1|ERP-7|Erythroblast-2|Classical-Mono|CD8 TEM		0.0005394872968384509	0.6825553528824917	0.051580963482522404	0.402269752687216	0.947879549220639	0.356827232167182
NYU-1:TALL3783	p+m-LSC	Multilin-2|LMPP-1-cycling|LMPP-1|MultiLin-GMP-2|MultiLin-GMP-3|LMPP-2|MultiLin-GMP-1|BMCP-1|MEP-2|Multilin-1|preNeu|CLP|MEP-1|MPP-MEP|Pro-B-3|cDC2-2|pre-DC-3	Intermediate Mono-3|Mono-2|Mono-1|pre-DC-2|Erythroblast-3|cDC1|Intermediate Mono-2|T CD8 Naive|Intermediate Mono-1|cMOP|ERP-8|Myeloid intermediate 3|T CD4 Naive-1|MAIT|MDP-6|pre-DC-1|ERP-7|Erythroblast-2|Classical-Mono|CD8 TEM		0.35872333206046436	0.6825553528824917	0.5874539056748752	0.402269752687216	0.053822762264660554	0.356827232167182
NYU-1:TALL3862	m-LSC	Multilin-2|LMPP-1-cycling|LMPP-1|MultiLin-GMP-2|MultiLin-GMP-3|LMPP-2|MultiLin-GMP-1|BMCP-1|MEP-2|Multilin-1|preNeu|CLP|MEP-1|MPP-MEP|Pro-B-3|cDC2-2|pre-DC-3	Intermediate Mono-3|Mono-2|Mono-1|pre-DC-2|Erythroblast-3|cDC1|Intermediate Mono-2|T CD8 Naive|Intermediate Mono-1|cMOP|ERP-8|Myeloid intermediate 3|T CD4 Naive-1|MAIT|MDP-6|pre-DC-1|ERP-7|Erythroblast-2|Classical-Mono|CD8 TEM		0.6993552416561932	0.6825553528824917	0.22505357066666987	0.402269752687216	0.07559118767713689	0.356827232167182
NYU-1:TALL4954	p-LSC	Multilin-2|LMPP-1-cycling|LMPP-1|MultiLin-GMP-2|MultiLin-GMP-3|LMPP-2|MultiLin-GMP-1|BMCP-1|MEP-2|Multilin-1|preNeu|CLP|MEP-1|MPP-MEP|Pro-B-3|cDC2-2|pre-DC-3	Intermediate Mono-3|Mono-2|Mono-1|pre-DC-2|Erythroblast-3|cDC1|Intermediate Mono-2|T CD8 Naive|Intermediate Mono-1|cMOP|ERP-8|Myeloid intermediate 3|T CD4 Naive-1|MAIT|MDP-6|pre-DC-1|ERP-7|Erythroblast-2|Classical-Mono|CD8 TEM		1.3744538739667826e-05	0.6825553528824917	0.0010942161995017	0.402269752687216	0.9988920392617585	0.356827232167182
NYU-1:empty	p-LSC	Multilin-2|LMPP-1-cycling|LMPP-1|MultiLin-GMP-2|MultiLin-GMP-3|LMPP-2|MultiLin-GMP-1|BMCP-1|MEP-2|Multilin-1|preNeu|CLP|MEP-1|MPP-MEP|Pro-B-3|cDC2-2|pre-DC-3	Intermediate Mono-3|Mono-2|Mono-1|pre-DC-2|Erythroblast-3|cDC1|Intermediate Mono-2|T CD8 Naive|Intermediate Mono-1|cMOP|ERP-8|Myeloid intermediate 3|T CD4 Naive-1|MAIT|MDP-6|pre-DC-1|ERP-7|Erythroblast-2|Classical-Mono|CD8 TEM		0.1678946072476354	0.6825553528824917	0.24338550842154977	0.402269752687216	0.5887198843308148	0.356827232167182
NYU-1:hashtag2-SRR16208949	NULL	Multilin-2|LMPP-1-cycling|LMPP-1|MultiLin-GMP-2|MultiLin-GMP-3|LMPP-2|MultiLin-GMP-1|BMCP-1|MEP-2|Multilin-1|preNeu|CLP|MEP-1|MPP-MEP|Pro-B-3|cDC2-2|pre-DC-3	Intermediate Mono-3|Mono-2|Mono-1|pre-DC-2|Erythroblast-3|cDC1|Intermediate Mono-2|T CD8 Naive|Intermediate Mono-1|cMOP|ERP-8|Myeloid intermediate 3|T CD4 Naive-1|MAIT|MDP-6|pre-DC-1|ERP-7|Erythroblast-2|Classical-Mono|CD8 TEM		0.6269668848729336	0.6825553528824917	0.3227561243620747	0.402269752687216	0.05027699076499169	0.356827232167182
NYU-1:hashtag2-SRR16208950	m-LSC	Multilin-2|LMPP-1-cycling|LMPP-1|MultiLin-GMP-2|MultiLin-GMP-3|LMPP-2|MultiLin-GMP-1|BMCP-1|MEP-2|Multilin-1|preNeu|CLP|MEP-1|MPP-MEP|Pro-B-3|cDC2-2|pre-DC-3	Intermediate Mono-3|Mono-2|Mono-1|pre-DC-2|Erythroblast-3|cDC1|Intermediate Mono-2|T CD8 Naive|Intermediate Mono-1|cMOP|ERP-8|Myeloid intermediate 3|T CD4 Naive-1|MAIT|MDP-6|pre-DC-1|ERP-7|Erythroblast-2|Classical-Mono|CD8 TEM		0.8015372083152572	0.6825553528824917	0.18869596254782273	0.402269752687216	0.009766829136920029	0.356827232167182
NYU-1:hashtag2-SRR16208957	p+m-LSC	Multilin-2|LMPP-1-cycling|LMPP-1|MultiLin-GMP-2|MultiLin-GMP-3|LMPP-2|MultiLin-GMP-1|BMCP-1|MEP-2|Multilin-1|preNeu|CLP|MEP-1|MPP-MEP|Pro-B-3|cDC2-2|pre-DC-3	Intermediate Mono-3|Mono-2|Mono-1|pre-DC-2|Erythroblast-3|cDC1|Intermediate Mono-2|T CD8 Naive|Intermediate Mono-1|cMOP|ERP-8|Myeloid intermediate 3|T CD4 Naive-1|MAIT|MDP-6|pre-DC-1|ERP-7|Erythroblast-2|Classical-Mono|CD8 TEM		0.4497127289125045	0.6825553528824917	0.4184040786444984	0.402269752687216	0.131883192442997	0.356827232167182
NYU-1:hashtag2-SRR16208958	p-LSC	Multilin-2|LMPP-1-cycling|LMPP-1|MultiLin-GMP-2|MultiLin-GMP-3|LMPP-2|MultiLin-GMP-1|BMCP-1|MEP-2|Multilin-1|preNeu|CLP|MEP-1|MPP-MEP|Pro-B-3|cDC2-2|pre-DC-3	Intermediate Mono-3|Mono-2|Mono-1|pre-DC-2|Erythroblast-3|cDC1|Intermediate Mono-2|T CD8 Naive|Intermediate Mono-1|cMOP|ERP-8|Myeloid intermediate 3|T CD4 Naive-1|MAIT|MDP-6|pre-DC-1|ERP-7|Erythroblast-2|Classical-Mono|CD8 TEM		0.005724895217556187	0.6825553528824917	0.3915307475727352	0.402269752687216	0.6027443572097086	0.356827232167182
NYU-1:hashtag2-SRR16208964	p-LSC	Multilin-2|LMPP-1-cycling|LMPP-1|MultiLin-GMP-2|MultiLin-GMP-3|LMPP-2|MultiLin-GMP-1|BMCP-1|MEP-2|Multilin-1|preNeu|CLP|MEP-1|MPP-MEP|Pro-B-3|cDC2-2|pre-DC-3	Intermediate Mono-3|Mono-2|Mono-1|pre-DC-2|Erythroblast-3|cDC1|Intermediate Mono-2|T CD8 Naive|Intermediate Mono-1|cMOP|ERP-8|Myeloid intermediate 3|T CD4 Naive-1|MAIT|MDP-6|pre-DC-1|ERP-7|Erythroblast-2|Classical-Mono|CD8 TEM		0.0014213793319205494	0.6825553528824917	0.26355295335346635	0.402269752687216	0.7350256673146132	0.356827232167182
NYU-1:hashtag2-SRR16208965	p-LSC	Multilin-2|LMPP-1-cycling|LMPP-1|MultiLin-GMP-2|MultiLin-GMP-3|LMPP-2|MultiLin-GMP-1|BMCP-1|MEP-2|Multilin-1|preNeu|CLP|MEP-1|MPP-MEP|Pro-B-3|cDC2-2|pre-DC-3	Intermediate Mono-3|Mono-2|Mono-1|pre-DC-2|Erythroblast-3|cDC1|Intermediate Mono-2|T CD8 Naive|Intermediate Mono-1|cMOP|ERP-8|Myeloid intermediate 3|T CD4 Naive-1|MAIT|MDP-6|pre-DC-1|ERP-7|Erythroblast-2|Classical-Mono|CD8 TEM		0.00026112480662514434	0.6825553528824917	0.3173832723019192	0.402269752687216	0.6823556028914557	0.356827232167182
NYU-1:hashtag2-SRR16208966	p+m-LSC	Multilin-2|LMPP-1-cycling|LMPP-1|MultiLin-GMP-2|MultiLin-GMP-3|LMPP-2|MultiLin-GMP-1|BMCP-1|MEP-2|Multilin-1|preNeu|CLP|MEP-1|MPP-MEP|Pro-B-3|cDC2-2|pre-DC-3	Intermediate Mono-3|Mono-2|Mono-1|pre-DC-2|Erythroblast-3|cDC1|Intermediate Mono-2|T CD8 Naive|Intermediate Mono-1|cMOP|ERP-8|Myeloid intermediate 3|T CD4 Naive-1|MAIT|MDP-6|pre-DC-1|ERP-7|Erythroblast-2|Classical-Mono|CD8 TEM		0.00015908735540357387	0.6825553528824917	0.5079129555281267	0.402269752687216	0.49192795711646975	0.356827232167182
NYU-1:hashtag2-SRR16208967	p+m-LSC	Multilin-2|LMPP-1-cycling|LMPP-1|MultiLin-GMP-2|MultiLin-GMP-3|LMPP-2|MultiLin-GMP-1|BMCP-1|MEP-2|Multilin-1|preNeu|CLP|MEP-1|MPP-MEP|Pro-B-3|cDC2-2|pre-DC-3	Intermediate Mono-3|Mono-2|Mono-1|pre-DC-2|Erythroblast-3|cDC1|Intermediate Mono-2|T CD8 Naive|Intermediate Mono-1|cMOP|ERP-8|Myeloid intermediate 3|T CD4 Naive-1|MAIT|MDP-6|pre-DC-1|ERP-7|Erythroblast-2|Classical-Mono|CD8 TEM		0.0001852377481657181	0.6825553528824917	0.6929121462360819	0.402269752687216	0.30690261601575236	0.356827232167182
NYU-1:hashtag3-SRR16208949	m-LSC	Multilin-2|LMPP-1-cycling|LMPP-1|MultiLin-GMP-2|MultiLin-GMP-3|LMPP-2|MultiLin-GMP-1|BMCP-1|MEP-2|Multilin-1|preNeu|CLP|MEP-1|MPP-MEP|Pro-B-3|cDC2-2|pre-DC-3	Intermediate Mono-3|Mono-2|Mono-1|pre-DC-2|Erythroblast-3|cDC1|Intermediate Mono-2|T CD8 Naive|Intermediate Mono-1|cMOP|ERP-8|Myeloid intermediate 3|T CD4 Naive-1|MAIT|MDP-6|pre-DC-1|ERP-7|Erythroblast-2|Classical-Mono|CD8 TEM		0.8580381462384598	0.6825553528824917	0.13892643611643613	0.402269752687216	0.003035417645104177	0.356827232167182
NYU-1:hashtag3-SRR16208950	m-LSC	Multilin-2|LMPP-1-cycling|LMPP-1|MultiLin-GMP-2|MultiLin-GMP-3|LMPP-2|MultiLin-GMP-1|BMCP-1|MEP-2|Multilin-1|preNeu|CLP|MEP-1|MPP-MEP|Pro-B-3|cDC2-2|pre-DC-3	Intermediate Mono-3|Mono-2|Mono-1|pre-DC-2|Erythroblast-3|cDC1|Intermediate Mono-2|T CD8 Naive|Intermediate Mono-1|cMOP|ERP-8|Myeloid intermediate 3|T CD4 Naive-1|MAIT|MDP-6|pre-DC-1|ERP-7|Erythroblast-2|Classical-Mono|CD8 TEM		0.7510569029102541	0.6825553528824917	0.24711107094445786	0.402269752687216	0.0018320261452879928	0.356827232167182
NYU-1:hashtag3-SRR16208957	m-LSC	Multilin-2|LMPP-1-cycling|LMPP-1|MultiLin-GMP-2|MultiLin-GMP-3|LMPP-2|MultiLin-GMP-1|BMCP-1|MEP-2|Multilin-1|preNeu|CLP|MEP-1|MPP-MEP|Pro-B-3|cDC2-2|pre-DC-3	Intermediate Mono-3|Mono-2|Mono-1|pre-DC-2|Erythroblast-3|cDC1|Intermediate Mono-2|T CD8 Naive|Intermediate Mono-1|cMOP|ERP-8|Myeloid intermediate 3|T CD4 Naive-1|MAIT|MDP-6|pre-DC-1|ERP-7|Erythroblast-2|Classical-Mono|CD8 TEM		0.9885430058901254	0.6825553528824917	0.011332603067652838	0.402269752687216	0.00012439104222175285	0.356827232167182
NYU-1:hashtag3-SRR16208959	p+m-LSC	Multilin-2|LMPP-1-cycling|LMPP-1|MultiLin-GMP-2|MultiLin-GMP-3|LMPP-2|MultiLin-GMP-1|BMCP-1|MEP-2|Multilin-1|preNeu|CLP|MEP-1|MPP-MEP|Pro-B-3|cDC2-2|pre-DC-3	Intermediate Mono-3|Mono-2|Mono-1|pre-DC-2|Erythroblast-3|cDC1|Intermediate Mono-2|T CD8 Naive|Intermediate Mono-1|cMOP|ERP-8|Myeloid intermediate 3|T CD4 Naive-1|MAIT|MDP-6|pre-DC-1|ERP-7|Erythroblast-2|Classical-Mono|CD8 TEM		0.14832982908177844	0.6825553528824917	0.7957025755580823	0.402269752687216	0.05596759536013917	0.356827232167182
NYU-1:hashtag3-SRR16208965	p+m-LSC	Multilin-2|LMPP-1-cycling|LMPP-1|MultiLin-GMP-2|MultiLin-GMP-3|LMPP-2|MultiLin-GMP-1|BMCP-1|MEP-2|Multilin-1|preNeu|CLP|MEP-1|MPP-MEP|Pro-B-3|cDC2-2|pre-DC-3	Intermediate Mono-3|Mono-2|Mono-1|pre-DC-2|Erythroblast-3|cDC1|Intermediate Mono-2|T CD8 Naive|Intermediate Mono-1|cMOP|ERP-8|Myeloid intermediate 3|T CD4 Naive-1|MAIT|MDP-6|pre-DC-1|ERP-7|Erythroblast-2|Classical-Mono|CD8 TEM		0.3094835618442216	0.6825553528824917	0.6121780166110726	0.402269752687216	0.07833842154470576	0.356827232167182
NYU-1:hashtag3-SRR16208966	p+m-LSC	Multilin-2|LMPP-1-cycling|LMPP-1|MultiLin-GMP-2|MultiLin-GMP-3|LMPP-2|MultiLin-GMP-1|BMCP-1|MEP-2|Multilin-1|preNeu|CLP|MEP-1|MPP-MEP|Pro-B-3|cDC2-2|pre-DC-3	Intermediate Mono-3|Mono-2|Mono-1|pre-DC-2|Erythroblast-3|cDC1|Intermediate Mono-2|T CD8 Naive|Intermediate Mono-1|cMOP|ERP-8|Myeloid intermediate 3|T CD4 Naive-1|MAIT|MDP-6|pre-DC-1|ERP-7|Erythroblast-2|Classical-Mono|CD8 TEM		0.33410888352714774	0.6825553528824917	0.6111946568816141	0.402269752687216	0.05469645959123813	0.356827232167182
NYU-1:hashtag3-SRR16208967	p+m-LSC	Multilin-2|LMPP-1-cycling|LMPP-1|MultiLin-GMP-2|MultiLin-GMP-3|LMPP-2|MultiLin-GMP-1|BMCP-1|MEP-2|Multilin-1|preNeu|CLP|MEP-1|MPP-MEP|Pro-B-3|cDC2-2|pre-DC-3	Intermediate Mono-3|Mono-2|Mono-1|pre-DC-2|Erythroblast-3|cDC1|Intermediate Mono-2|T CD8 Naive|Intermediate Mono-1|cMOP|ERP-8|Myeloid intermediate 3|T CD4 Naive-1|MAIT|MDP-6|pre-DC-1|ERP-7|Erythroblast-2|Classical-Mono|CD8 TEM		0.4115631385910494	0.6825553528824917	0.5436961522313353	0.402269752687216	0.044740709177615245	0.356827232167182
NYU-1:hashtag4-SRR16208949	m-LSC	Multilin-2|LMPP-1-cycling|LMPP-1|MultiLin-GMP-2|MultiLin-GMP-3|LMPP-2|MultiLin-GMP-1|BMCP-1|MEP-2|Multilin-1|preNeu|CLP|MEP-1|MPP-MEP|Pro-B-3|cDC2-2|pre-DC-3	Intermediate Mono-3|Mono-2|Mono-1|pre-DC-2|Erythroblast-3|cDC1|Intermediate Mono-2|T CD8 Naive|Intermediate Mono-1|cMOP|ERP-8|Myeloid intermediate 3|T CD4 Naive-1|MAIT|MDP-6|pre-DC-1|ERP-7|Erythroblast-2|Classical-Mono|CD8 TEM		0.692473910631905	0.6825553528824917	0.27462245822287606	0.402269752687216	0.0329036311452188	0.356827232167182
NYU-1:hashtag4-SRR16208950	NULL	Multilin-2|LMPP-1-cycling|LMPP-1|MultiLin-GMP-2|MultiLin-GMP-3|LMPP-2|MultiLin-GMP-1|BMCP-1|MEP-2|Multilin-1|preNeu|CLP|MEP-1|MPP-MEP|Pro-B-3|cDC2-2|pre-DC-3	Intermediate Mono-3|Mono-2|Mono-1|pre-DC-2|Erythroblast-3|cDC1|Intermediate Mono-2|T CD8 Naive|Intermediate Mono-1|cMOP|ERP-8|Myeloid intermediate 3|T CD4 Naive-1|MAIT|MDP-6|pre-DC-1|ERP-7|Erythroblast-2|Classical-Mono|CD8 TEM		0.6661257992854015	0.6825553528824917	0.26002043303594197	0.402269752687216	0.07385376767865658	0.356827232167182
NYU-1:hashtag4-SRR16208958	p+m-LSC	Multilin-2|LMPP-1-cycling|LMPP-1|MultiLin-GMP-2|MultiLin-GMP-3|LMPP-2|MultiLin-GMP-1|BMCP-1|MEP-2|Multilin-1|preNeu|CLP|MEP-1|MPP-MEP|Pro-B-3|cDC2-2|pre-DC-3	Intermediate Mono-3|Mono-2|Mono-1|pre-DC-2|Erythroblast-3|cDC1|Intermediate Mono-2|T CD8 Naive|Intermediate Mono-1|cMOP|ERP-8|Myeloid intermediate 3|T CD4 Naive-1|MAIT|MDP-6|pre-DC-1|ERP-7|Erythroblast-2|Classical-Mono|CD8 TEM		0.23257216076209536	0.6825553528824917	0.6923649878052809	0.402269752687216	0.07506285143262373	0.356827232167182
NYU-1:hashtag4-SRR16208964	p+m-LSC	Multilin-2|LMPP-1-cycling|LMPP-1|MultiLin-GMP-2|MultiLin-GMP-3|LMPP-2|MultiLin-GMP-1|BMCP-1|MEP-2|Multilin-1|preNeu|CLP|MEP-1|MPP-MEP|Pro-B-3|cDC2-2|pre-DC-3	Intermediate Mono-3|Mono-2|Mono-1|pre-DC-2|Erythroblast-3|cDC1|Intermediate Mono-2|T CD8 Naive|Intermediate Mono-1|cMOP|ERP-8|Myeloid intermediate 3|T CD4 Naive-1|MAIT|MDP-6|pre-DC-1|ERP-7|Erythroblast-2|Classical-Mono|CD8 TEM		0.019783056690415805	0.6825553528824917	0.7163012544975799	0.402269752687216	0.26391568881200417	0.356827232167182
NYU-1:hashtag4-SRR16208965	p-LSC	Multilin-2|LMPP-1-cycling|LMPP-1|MultiLin-GMP-2|MultiLin-GMP-3|LMPP-2|MultiLin-GMP-1|BMCP-1|MEP-2|Multilin-1|preNeu|CLP|MEP-1|MPP-MEP|Pro-B-3|cDC2-2|pre-DC-3	Intermediate Mono-3|Mono-2|Mono-1|pre-DC-2|Erythroblast-3|cDC1|Intermediate Mono-2|T CD8 Naive|Intermediate Mono-1|cMOP|ERP-8|Myeloid intermediate 3|T CD4 Naive-1|MAIT|MDP-6|pre-DC-1|ERP-7|Erythroblast-2|Classical-Mono|CD8 TEM		4.2572257976664565e-05	0.6825553528824917	0.14176429268884835	0.402269752687216	0.858193135053175	0.356827232167182
NYU-1:hashtag4-SRR16208966	p-LSC	Multilin-2|LMPP-1-cycling|LMPP-1|MultiLin-GMP-2|MultiLin-GMP-3|LMPP-2|MultiLin-GMP-1|BMCP-1|MEP-2|Multilin-1|preNeu|CLP|MEP-1|MPP-MEP|Pro-B-3|cDC2-2|pre-DC-3	Intermediate Mono-3|Mono-2|Mono-1|pre-DC-2|Erythroblast-3|cDC1|Intermediate Mono-2|T CD8 Naive|Intermediate Mono-1|cMOP|ERP-8|Myeloid intermediate 3|T CD4 Naive-1|MAIT|MDP-6|pre-DC-1|ERP-7|Erythroblast-2|Classical-Mono|CD8 TEM		3.189984819013998e-05	0.6825553528824917	0.1238271411416469	0.402269752687216	0.8761409590101629	0.356827232167182
NYU-1:hashtag4-SRR16208967	p-LSC	Multilin-2|LMPP-1-cycling|LMPP-1|MultiLin-GMP-2|MultiLin-GMP-3|LMPP-2|MultiLin-GMP-1|BMCP-1|MEP-2|Multilin-1|preNeu|CLP|MEP-1|MPP-MEP|Pro-B-3|cDC2-2|pre-DC-3	Intermediate Mono-3|Mono-2|Mono-1|pre-DC-2|Erythroblast-3|cDC1|Intermediate Mono-2|T CD8 Naive|Intermediate Mono-1|cMOP|ERP-8|Myeloid intermediate 3|T CD4 Naive-1|MAIT|MDP-6|pre-DC-1|ERP-7|Erythroblast-2|Classical-Mono|CD8 TEM		0.0001156229174335972	0.6825553528824917	0.24077635695149044	0.402269752687216	0.7591080201310759	0.356827232167182
NYU-1:hashtag5-SRR16208965	p-LSC	Multilin-2|LMPP-1-cycling|LMPP-1|MultiLin-GMP-2|MultiLin-GMP-3|LMPP-2|MultiLin-GMP-1|BMCP-1|MEP-2|Multilin-1|preNeu|CLP|MEP-1|MPP-MEP|Pro-B-3|cDC2-2|pre-DC-3	Intermediate Mono-3|Mono-2|Mono-1|pre-DC-2|Erythroblast-3|cDC1|Intermediate Mono-2|T CD8 Naive|Intermediate Mono-1|cMOP|ERP-8|Myeloid intermediate 3|T CD4 Naive-1|MAIT|MDP-6|pre-DC-1|ERP-7|Erythroblast-2|Classical-Mono|CD8 TEM		0.00015722093345457204	0.6825553528824917	0.1210975474734916	0.402269752687216	0.8787452315930538	0.356827232167182
NYU-1:hashtag5-SRR16208966	p-LSC	Multilin-2|LMPP-1-cycling|LMPP-1|MultiLin-GMP-2|MultiLin-GMP-3|LMPP-2|MultiLin-GMP-1|BMCP-1|MEP-2|Multilin-1|preNeu|CLP|MEP-1|MPP-MEP|Pro-B-3|cDC2-2|pre-DC-3	Intermediate Mono-3|Mono-2|Mono-1|pre-DC-2|Erythroblast-3|cDC1|Intermediate Mono-2|T CD8 Naive|Intermediate Mono-1|cMOP|ERP-8|Myeloid intermediate 3|T CD4 Naive-1|MAIT|MDP-6|pre-DC-1|ERP-7|Erythroblast-2|Classical-Mono|CD8 TEM		0.00019085607632481292	0.6825553528824917	0.10874436339904757	0.402269752687216	0.8910647805246277	0.356827232167182
NYU-1:hashtag5-SRR16208967	p-LSC	Multilin-2|LMPP-1-cycling|LMPP-1|MultiLin-GMP-2|MultiLin-GMP-3|LMPP-2|MultiLin-GMP-1|BMCP-1|MEP-2|Multilin-1|preNeu|CLP|MEP-1|MPP-MEP|Pro-B-3|cDC2-2|pre-DC-3	Intermediate Mono-3|Mono-2|Mono-1|pre-DC-2|Erythroblast-3|cDC1|Intermediate Mono-2|T CD8 Naive|Intermediate Mono-1|cMOP|ERP-8|Myeloid intermediate 3|T CD4 Naive-1|MAIT|MDP-6|pre-DC-1|ERP-7|Erythroblast-2|Classical-Mono|CD8 TEM		0.0004376750144689482	0.6825553528824917	0.1712703759498389	0.402269752687216	0.8282919490356921	0.356827232167182
NYU-1:hashtag6-SRR16208965	p-LSC	Multilin-2|LMPP-1-cycling|LMPP-1|MultiLin-GMP-2|MultiLin-GMP-3|LMPP-2|MultiLin-GMP-1|BMCP-1|MEP-2|Multilin-1|preNeu|CLP|MEP-1|MPP-MEP|Pro-B-3|cDC2-2|pre-DC-3	Intermediate Mono-3|Mono-2|Mono-1|pre-DC-2|Erythroblast-3|cDC1|Intermediate Mono-2|T CD8 Naive|Intermediate Mono-1|cMOP|ERP-8|Myeloid intermediate 3|T CD4 Naive-1|MAIT|MDP-6|pre-DC-1|ERP-7|Erythroblast-2|Classical-Mono|CD8 TEM		0.0002227346999767097	0.6825553528824917	0.35545642508182357	0.402269752687216	0.6443208402181996	0.356827232167182
NYU-1:hashtag6-SRR16208966	p-LSC	Multilin-2|LMPP-1-cycling|LMPP-1|MultiLin-GMP-2|MultiLin-GMP-3|LMPP-2|MultiLin-GMP-1|BMCP-1|MEP-2|Multilin-1|preNeu|CLP|MEP-1|MPP-MEP|Pro-B-3|cDC2-2|pre-DC-3	Intermediate Mono-3|Mono-2|Mono-1|pre-DC-2|Erythroblast-3|cDC1|Intermediate Mono-2|T CD8 Naive|Intermediate Mono-1|cMOP|ERP-8|Myeloid intermediate 3|T CD4 Naive-1|MAIT|MDP-6|pre-DC-1|ERP-7|Erythroblast-2|Classical-Mono|CD8 TEM		5.98332333663348e-05	0.6825553528824917	0.22146187784283708	0.402269752687216	0.7784782889237967	0.356827232167182
NYU-1:hashtag6-SRR16208967	p-LSC	Multilin-2|LMPP-1-cycling|LMPP-1|MultiLin-GMP-2|MultiLin-GMP-3|LMPP-2|MultiLin-GMP-1|BMCP-1|MEP-2|Multilin-1|preNeu|CLP|MEP-1|MPP-MEP|Pro-B-3|cDC2-2|pre-DC-3	Intermediate Mono-3|Mono-2|Mono-1|pre-DC-2|Erythroblast-3|cDC1|Intermediate Mono-2|T CD8 Naive|Intermediate Mono-1|cMOP|ERP-8|Myeloid intermediate 3|T CD4 Naive-1|MAIT|MDP-6|pre-DC-1|ERP-7|Erythroblast-2|Classical-Mono|CD8 TEM		0.00023210095735970177	0.6825553528824917	0.3529150678965847	0.402269752687216	0.6468528311460556	0.356827232167182
NYU-1:hashtag7-SRR16208965	p-LSC	Multilin-2|LMPP-1-cycling|LMPP-1|MultiLin-GMP-2|MultiLin-GMP-3|LMPP-2|MultiLin-GMP-1|BMCP-1|MEP-2|Multilin-1|preNeu|CLP|MEP-1|MPP-MEP|Pro-B-3|cDC2-2|pre-DC-3	Intermediate Mono-3|Mono-2|Mono-1|pre-DC-2|Erythroblast-3|cDC1|Intermediate Mono-2|T CD8 Naive|Intermediate Mono-1|cMOP|ERP-8|Myeloid intermediate 3|T CD4 Naive-1|MAIT|MDP-6|pre-DC-1|ERP-7|Erythroblast-2|Classical-Mono|CD8 TEM		0.0	0.6825553528824917	0.0	0.402269752687216	1.0	0.356827232167182
NYU-1:hashtag7-SRR16208966	p-LSC	Multilin-2|LMPP-1-cycling|LMPP-1|MultiLin-GMP-2|MultiLin-GMP-3|LMPP-2|MultiLin-GMP-1|BMCP-1|MEP-2|Multilin-1|preNeu|CLP|MEP-1|MPP-MEP|Pro-B-3|cDC2-2|pre-DC-3	Intermediate Mono-3|Mono-2|Mono-1|pre-DC-2|Erythroblast-3|cDC1|Intermediate Mono-2|T CD8 Naive|Intermediate Mono-1|cMOP|ERP-8|Myeloid intermediate 3|T CD4 Naive-1|MAIT|MDP-6|pre-DC-1|ERP-7|Erythroblast-2|Classical-Mono|CD8 TEM		0.0	0.6825553528824917	0.0	0.402269752687216	1.0	0.356827232167182
NYU-1:hashtag7-SRR16208967	p+m-LSC	Multilin-2|LMPP-1-cycling|LMPP-1|MultiLin-GMP-2|MultiLin-GMP-3|LMPP-2|MultiLin-GMP-1|BMCP-1|MEP-2|Multilin-1|preNeu|CLP|MEP-1|MPP-MEP|Pro-B-3|cDC2-2|pre-DC-3	Intermediate Mono-3|Mono-2|Mono-1|pre-DC-2|Erythroblast-3|cDC1|Intermediate Mono-2|T CD8 Naive|Intermediate Mono-1|cMOP|ERP-8|Myeloid intermediate 3|T CD4 Naive-1|MAIT|MDP-6|pre-DC-1|ERP-7|Erythroblast-2|Classical-Mono|CD8 TEM		0.021987996218652713	0.6825553528824917	0.977867342547499	0.402269752687216	0.00014466123384827086	0.356827232167182
NYU-2:AML-09	m-LSC	Multilin-2|LMPP-1-cycling|LMPP-1|MultiLin-GMP-2|MultiLin-GMP-3|LMPP-2|MultiLin-GMP-1|BMCP-1|MEP-2|Multilin-1|preNeu|CLP|MEP-1|MPP-MEP|Pro-B-3|cDC2-2|pre-DC-3	Intermediate Mono-3|Mono-2|Mono-1|pre-DC-2|Erythroblast-3|cDC1|Intermediate Mono-2|T CD8 Naive|Intermediate Mono-1|cMOP|ERP-8|Myeloid intermediate 3|T CD4 Naive-1|MAIT|MDP-6|pre-DC-1|ERP-7|Erythroblast-2|Classical-Mono|CD8 TEM		0.9788211790671207	0.6825553528824917	0.0195616662095806	0.402269752687216	0.0016171547232986083	0.356827232167182
NYU-2:AML-11	p-LSC	Multilin-2|LMPP-1-cycling|LMPP-1|MultiLin-GMP-2|MultiLin-GMP-3|LMPP-2|MultiLin-GMP-1|BMCP-1|MEP-2|Multilin-1|preNeu|CLP|MEP-1|MPP-MEP|Pro-B-3|cDC2-2|pre-DC-3	Intermediate Mono-3|Mono-2|Mono-1|pre-DC-2|Erythroblast-3|cDC1|Intermediate Mono-2|T CD8 Naive|Intermediate Mono-1|cMOP|ERP-8|Myeloid intermediate 3|T CD4 Naive-1|MAIT|MDP-6|pre-DC-1|ERP-7|Erythroblast-2|Classical-Mono|CD8 TEM		0.021677020102504545	0.6825553528824917	0.20554414515311695	0.402269752687216	0.7727788347443785	0.356827232167182
NYU-2:AML-16-Dx	p-LSC	Multilin-2|LMPP-1-cycling|LMPP-1|MultiLin-GMP-2|MultiLin-GMP-3|LMPP-2|MultiLin-GMP-1|BMCP-1|MEP-2|Multilin-1|preNeu|CLP|MEP-1|MPP-MEP|Pro-B-3|cDC2-2|pre-DC-3	Intermediate Mono-3|Mono-2|Mono-1|pre-DC-2|Erythroblast-3|cDC1|Intermediate Mono-2|T CD8 Naive|Intermediate Mono-1|cMOP|ERP-8|Myeloid intermediate 3|T CD4 Naive-1|MAIT|MDP-6|pre-DC-1|ERP-7|Erythroblast-2|Classical-Mono|CD8 TEM		0.12273381552364229	0.6825553528824917	0.2804737516675678	0.402269752687216	0.5967924328087899	0.356827232167182
NYU-2:AML-17-CR1	m-LSC	Multilin-2|LMPP-1-cycling|LMPP-1|MultiLin-GMP-2|MultiLin-GMP-3|LMPP-2|MultiLin-GMP-1|BMCP-1|MEP-2|Multilin-1|preNeu|CLP|MEP-1|MPP-MEP|Pro-B-3|cDC2-2|pre-DC-3	Intermediate Mono-3|Mono-2|Mono-1|pre-DC-2|Erythroblast-3|cDC1|Intermediate Mono-2|T CD8 Naive|Intermediate Mono-1|cMOP|ERP-8|Myeloid intermediate 3|T CD4 Naive-1|MAIT|MDP-6|pre-DC-1|ERP-7|Erythroblast-2|Classical-Mono|CD8 TEM		0.9046797436375206	0.6825553528824917	0.08840850546675551	0.402269752687216	0.0069117508957237915	0.356827232167182
NYU-2:AML-17-CR2	m-LSC	Multilin-2|LMPP-1-cycling|LMPP-1|MultiLin-GMP-2|MultiLin-GMP-3|LMPP-2|MultiLin-GMP-1|BMCP-1|MEP-2|Multilin-1|preNeu|CLP|MEP-1|MPP-MEP|Pro-B-3|cDC2-2|pre-DC-3	Intermediate Mono-3|Mono-2|Mono-1|pre-DC-2|Erythroblast-3|cDC1|Intermediate Mono-2|T CD8 Naive|Intermediate Mono-1|cMOP|ERP-8|Myeloid intermediate 3|T CD4 Naive-1|MAIT|MDP-6|pre-DC-1|ERP-7|Erythroblast-2|Classical-Mono|CD8 TEM		0.82470743019115	0.6825553528824917	0.1589338307667773	0.402269752687216	0.016358739042072586	0.356827232167182
NYU-2:AML-17-D1	p-LSC	Multilin-2|LMPP-1-cycling|LMPP-1|MultiLin-GMP-2|MultiLin-GMP-3|LMPP-2|MultiLin-GMP-1|BMCP-1|MEP-2|Multilin-1|preNeu|CLP|MEP-1|MPP-MEP|Pro-B-3|cDC2-2|pre-DC-3	Intermediate Mono-3|Mono-2|Mono-1|pre-DC-2|Erythroblast-3|cDC1|Intermediate Mono-2|T CD8 Naive|Intermediate Mono-1|cMOP|ERP-8|Myeloid intermediate 3|T CD4 Naive-1|MAIT|MDP-6|pre-DC-1|ERP-7|Erythroblast-2|Classical-Mono|CD8 TEM		0.0002558245449684361	0.6825553528824917	0.42592648247619663	0.402269752687216	0.5738176929788349	0.356827232167182
NYU-2:AML-17-D2	p-LSC	Multilin-2|LMPP-1-cycling|LMPP-1|MultiLin-GMP-2|MultiLin-GMP-3|LMPP-2|MultiLin-GMP-1|BMCP-1|MEP-2|Multilin-1|preNeu|CLP|MEP-1|MPP-MEP|Pro-B-3|cDC2-2|pre-DC-3	Intermediate Mono-3|Mono-2|Mono-1|pre-DC-2|Erythroblast-3|cDC1|Intermediate Mono-2|T CD8 Naive|Intermediate Mono-1|cMOP|ERP-8|Myeloid intermediate 3|T CD4 Naive-1|MAIT|MDP-6|pre-DC-1|ERP-7|Erythroblast-2|Classical-Mono|CD8 TEM		0.00047335477463198084	0.6825553528824917	0.4780250706746147	0.402269752687216	0.5215015745507534	0.356827232167182
NYU-2:AML-17-R1	p+m-LSC	Multilin-2|LMPP-1-cycling|LMPP-1|MultiLin-GMP-2|MultiLin-GMP-3|LMPP-2|MultiLin-GMP-1|BMCP-1|MEP-2|Multilin-1|preNeu|CLP|MEP-1|MPP-MEP|Pro-B-3|cDC2-2|pre-DC-3	Intermediate Mono-3|Mono-2|Mono-1|pre-DC-2|Erythroblast-3|cDC1|Intermediate Mono-2|T CD8 Naive|Intermediate Mono-1|cMOP|ERP-8|Myeloid intermediate 3|T CD4 Naive-1|MAIT|MDP-6|pre-DC-1|ERP-7|Erythroblast-2|Classical-Mono|CD8 TEM		0.045439688996261315	0.6825553528824917	0.6135849660333833	0.402269752687216	0.3409753449703554	0.356827232167182
NYU-2:AML-17-R2	p+m-LSC	Multilin-2|LMPP-1-cycling|LMPP-1|MultiLin-GMP-2|MultiLin-GMP-3|LMPP-2|MultiLin-GMP-1|BMCP-1|MEP-2|Multilin-1|preNeu|CLP|MEP-1|MPP-MEP|Pro-B-3|cDC2-2|pre-DC-3	Intermediate Mono-3|Mono-2|Mono-1|pre-DC-2|Erythroblast-3|cDC1|Intermediate Mono-2|T CD8 Naive|Intermediate Mono-1|cMOP|ERP-8|Myeloid intermediate 3|T CD4 Naive-1|MAIT|MDP-6|pre-DC-1|ERP-7|Erythroblast-2|Classical-Mono|CD8 TEM		0.06204164146530212	0.6825553528824917	0.7312821692162209	0.402269752687216	0.206676189318477	0.356827232167182
NYU-2:AML-19-CR1	m-LSC	Multilin-2|LMPP-1-cycling|LMPP-1|MultiLin-GMP-2|MultiLin-GMP-3|LMPP-2|MultiLin-GMP-1|BMCP-1|MEP-2|Multilin-1|preNeu|CLP|MEP-1|MPP-MEP|Pro-B-3|cDC2-2|pre-DC-3	Intermediate Mono-3|Mono-2|Mono-1|pre-DC-2|Erythroblast-3|cDC1|Intermediate Mono-2|T CD8 Naive|Intermediate Mono-1|cMOP|ERP-8|Myeloid intermediate 3|T CD4 Naive-1|MAIT|MDP-6|pre-DC-1|ERP-7|Erythroblast-2|Classical-Mono|CD8 TEM		0.7632456701907078	0.6825553528824917	0.22892582791535818	0.402269752687216	0.007828501893933967	0.356827232167182
NYU-2:AML-19-CR2	m-LSC	Multilin-2|LMPP-1-cycling|LMPP-1|MultiLin-GMP-2|MultiLin-GMP-3|LMPP-2|MultiLin-GMP-1|BMCP-1|MEP-2|Multilin-1|preNeu|CLP|MEP-1|MPP-MEP|Pro-B-3|cDC2-2|pre-DC-3	Intermediate Mono-3|Mono-2|Mono-1|pre-DC-2|Erythroblast-3|cDC1|Intermediate Mono-2|T CD8 Naive|Intermediate Mono-1|cMOP|ERP-8|Myeloid intermediate 3|T CD4 Naive-1|MAIT|MDP-6|pre-DC-1|ERP-7|Erythroblast-2|Classical-Mono|CD8 TEM		0.8782686443303318	0.6825553528824917	0.12063376090445956	0.402269752687216	0.0010975947652085713	0.356827232167182
NYU-2:AML-19-Dx1	p-LSC	Multilin-2|LMPP-1-cycling|LMPP-1|MultiLin-GMP-2|MultiLin-GMP-3|LMPP-2|MultiLin-GMP-1|BMCP-1|MEP-2|Multilin-1|preNeu|CLP|MEP-1|MPP-MEP|Pro-B-3|cDC2-2|pre-DC-3	Intermediate Mono-3|Mono-2|Mono-1|pre-DC-2|Erythroblast-3|cDC1|Intermediate Mono-2|T CD8 Naive|Intermediate Mono-1|cMOP|ERP-8|Myeloid intermediate 3|T CD4 Naive-1|MAIT|MDP-6|pre-DC-1|ERP-7|Erythroblast-2|Classical-Mono|CD8 TEM		0.0401185536346473	0.6825553528824917	0.18858413385342807	0.402269752687216	0.7712973125119246	0.356827232167182
NYU-2:AML-19-Dx2	p-LSC	Multilin-2|LMPP-1-cycling|LMPP-1|MultiLin-GMP-2|MultiLin-GMP-3|LMPP-2|MultiLin-GMP-1|BMCP-1|MEP-2|Multilin-1|preNeu|CLP|MEP-1|MPP-MEP|Pro-B-3|cDC2-2|pre-DC-3	Intermediate Mono-3|Mono-2|Mono-1|pre-DC-2|Erythroblast-3|cDC1|Intermediate Mono-2|T CD8 Naive|Intermediate Mono-1|cMOP|ERP-8|Myeloid intermediate 3|T CD4 Naive-1|MAIT|MDP-6|pre-DC-1|ERP-7|Erythroblast-2|Classical-Mono|CD8 TEM		0.027686079777351748	0.6825553528824917	0.06442667172917921	0.402269752687216	0.907887248493469	0.356827232167182
NYU-2:AML-19-R1	p-LSC	Multilin-2|LMPP-1-cycling|LMPP-1|MultiLin-GMP-2|MultiLin-GMP-3|LMPP-2|MultiLin-GMP-1|BMCP-1|MEP-2|Multilin-1|preNeu|CLP|MEP-1|MPP-MEP|Pro-B-3|cDC2-2|pre-DC-3	Intermediate Mono-3|Mono-2|Mono-1|pre-DC-2|Erythroblast-3|cDC1|Intermediate Mono-2|T CD8 Naive|Intermediate Mono-1|cMOP|ERP-8|Myeloid intermediate 3|T CD4 Naive-1|MAIT|MDP-6|pre-DC-1|ERP-7|Erythroblast-2|Classical-Mono|CD8 TEM		7.090770160543054e-05	0.6825553528824917	0.05532452640836311	0.402269752687216	0.9446045658900315	0.356827232167182
NYU-2:AML-19-R2	p-LSC	Multilin-2|LMPP-1-cycling|LMPP-1|MultiLin-GMP-2|MultiLin-GMP-3|LMPP-2|MultiLin-GMP-1|BMCP-1|MEP-2|Multilin-1|preNeu|CLP|MEP-1|MPP-MEP|Pro-B-3|cDC2-2|pre-DC-3	Intermediate Mono-3|Mono-2|Mono-1|pre-DC-2|Erythroblast-3|cDC1|Intermediate Mono-2|T CD8 Naive|Intermediate Mono-1|cMOP|ERP-8|Myeloid intermediate 3|T CD4 Naive-1|MAIT|MDP-6|pre-DC-1|ERP-7|Erythroblast-2|Classical-Mono|CD8 TEM		8.529773630849759e-05	0.6825553528824917	0.03442311597404308	0.402269752687216	0.9654915862896484	0.356827232167182
NYU-2:AML-20-CR	p+m-LSC	Multilin-2|LMPP-1-cycling|LMPP-1|MultiLin-GMP-2|MultiLin-GMP-3|LMPP-2|MultiLin-GMP-1|BMCP-1|MEP-2|Multilin-1|preNeu|CLP|MEP-1|MPP-MEP|Pro-B-3|cDC2-2|pre-DC-3	Intermediate Mono-3|Mono-2|Mono-1|pre-DC-2|Erythroblast-3|cDC1|Intermediate Mono-2|T CD8 Naive|Intermediate Mono-1|cMOP|ERP-8|Myeloid intermediate 3|T CD4 Naive-1|MAIT|MDP-6|pre-DC-1|ERP-7|Erythroblast-2|Classical-Mono|CD8 TEM		0.23093991891476076	0.6825553528824917	0.4137343406323249	0.402269752687216	0.35532574045291426	0.356827232167182
NYU-2:AML-20-Dx	p-LSC	Multilin-2|LMPP-1-cycling|LMPP-1|MultiLin-GMP-2|MultiLin-GMP-3|LMPP-2|MultiLin-GMP-1|BMCP-1|MEP-2|Multilin-1|preNeu|CLP|MEP-1|MPP-MEP|Pro-B-3|cDC2-2|pre-DC-3	Intermediate Mono-3|Mono-2|Mono-1|pre-DC-2|Erythroblast-3|cDC1|Intermediate Mono-2|T CD8 Naive|Intermediate Mono-1|cMOP|ERP-8|Myeloid intermediate 3|T CD4 Naive-1|MAIT|MDP-6|pre-DC-1|ERP-7|Erythroblast-2|Classical-Mono|CD8 TEM		0.00011966793959626394	0.6825553528824917	0.07291125695993494	0.402269752687216	0.9269690751004689	0.356827232167182
NYU-2:AML-20-R1	p-LSC	Multilin-2|LMPP-1-cycling|LMPP-1|MultiLin-GMP-2|MultiLin-GMP-3|LMPP-2|MultiLin-GMP-1|BMCP-1|MEP-2|Multilin-1|preNeu|CLP|MEP-1|MPP-MEP|Pro-B-3|cDC2-2|pre-DC-3	Intermediate Mono-3|Mono-2|Mono-1|pre-DC-2|Erythroblast-3|cDC1|Intermediate Mono-2|T CD8 Naive|Intermediate Mono-1|cMOP|ERP-8|Myeloid intermediate 3|T CD4 Naive-1|MAIT|MDP-6|pre-DC-1|ERP-7|Erythroblast-2|Classical-Mono|CD8 TEM		0.0012122555735001289	0.6825553528824917	0.27046002087242615	0.402269752687216	0.7283277235540737	0.356827232167182
NYU-2:AML-21-CR	p+m-LSC	Multilin-2|LMPP-1-cycling|LMPP-1|MultiLin-GMP-2|MultiLin-GMP-3|LMPP-2|MultiLin-GMP-1|BMCP-1|MEP-2|Multilin-1|preNeu|CLP|MEP-1|MPP-MEP|Pro-B-3|cDC2-2|pre-DC-3	Intermediate Mono-3|Mono-2|Mono-1|pre-DC-2|Erythroblast-3|cDC1|Intermediate Mono-2|T CD8 Naive|Intermediate Mono-1|cMOP|ERP-8|Myeloid intermediate 3|T CD4 Naive-1|MAIT|MDP-6|pre-DC-1|ERP-7|Erythroblast-2|Classical-Mono|CD8 TEM		0.12052241489290516	0.6825553528824917	0.4615501609478984	0.402269752687216	0.41792742415919654	0.356827232167182
NYU-2:AML-21-Dx	m-LSC	Multilin-2|LMPP-1-cycling|LMPP-1|MultiLin-GMP-2|MultiLin-GMP-3|LMPP-2|MultiLin-GMP-1|BMCP-1|MEP-2|Multilin-1|preNeu|CLP|MEP-1|MPP-MEP|Pro-B-3|cDC2-2|pre-DC-3	Intermediate Mono-3|Mono-2|Mono-1|pre-DC-2|Erythroblast-3|cDC1|Intermediate Mono-2|T CD8 Naive|Intermediate Mono-1|cMOP|ERP-8|Myeloid intermediate 3|T CD4 Naive-1|MAIT|MDP-6|pre-DC-1|ERP-7|Erythroblast-2|Classical-Mono|CD8 TEM		0.9955062022634489	0.6825553528824917	0.004384265247327662	0.402269752687216	0.00010953248922350739	0.356827232167182
NYU-2:AML-21-R1	p-LSC	Multilin-2|LMPP-1-cycling|LMPP-1|MultiLin-GMP-2|MultiLin-GMP-3|LMPP-2|MultiLin-GMP-1|BMCP-1|MEP-2|Multilin-1|preNeu|CLP|MEP-1|MPP-MEP|Pro-B-3|cDC2-2|pre-DC-3	Intermediate Mono-3|Mono-2|Mono-1|pre-DC-2|Erythroblast-3|cDC1|Intermediate Mono-2|T CD8 Naive|Intermediate Mono-1|cMOP|ERP-8|Myeloid intermediate 3|T CD4 Naive-1|MAIT|MDP-6|pre-DC-1|ERP-7|Erythroblast-2|Classical-Mono|CD8 TEM		1.4270373055703168e-06	0.6825553528824917	0.0022959662447526517	0.402269752687216	0.9977026067179418	0.356827232167182
NYU-2:AML0024	m-LSC	Multilin-2|LMPP-1-cycling|LMPP-1|MultiLin-GMP-2|MultiLin-GMP-3|LMPP-2|MultiLin-GMP-1|BMCP-1|MEP-2|Multilin-1|preNeu|CLP|MEP-1|MPP-MEP|Pro-B-3|cDC2-2|pre-DC-3	Intermediate Mono-3|Mono-2|Mono-1|pre-DC-2|Erythroblast-3|cDC1|Intermediate Mono-2|T CD8 Naive|Intermediate Mono-1|cMOP|ERP-8|Myeloid intermediate 3|T CD4 Naive-1|MAIT|MDP-6|pre-DC-1|ERP-7|Erythroblast-2|Classical-Mono|CD8 TEM		0.9926203082833904	0.6825553528824917	0.006269003346342502	0.402269752687216	0.0011106883702670042	0.356827232167182
NYU-2:AML0048	p-LSC	Multilin-2|LMPP-1-cycling|LMPP-1|MultiLin-GMP-2|MultiLin-GMP-3|LMPP-2|MultiLin-GMP-1|BMCP-1|MEP-2|Multilin-1|preNeu|CLP|MEP-1|MPP-MEP|Pro-B-3|cDC2-2|pre-DC-3	Intermediate Mono-3|Mono-2|Mono-1|pre-DC-2|Erythroblast-3|cDC1|Intermediate Mono-2|T CD8 Naive|Intermediate Mono-1|cMOP|ERP-8|Myeloid intermediate 3|T CD4 Naive-1|MAIT|MDP-6|pre-DC-1|ERP-7|Erythroblast-2|Classical-Mono|CD8 TEM		0.1950989692843937	0.6825553528824917	0.10217004231848109	0.402269752687216	0.7027309883971252	0.356827232167182
NYU-2:AML1371	m-LSC	Multilin-2|LMPP-1-cycling|LMPP-1|MultiLin-GMP-2|MultiLin-GMP-3|LMPP-2|MultiLin-GMP-1|BMCP-1|MEP-2|Multilin-1|preNeu|CLP|MEP-1|MPP-MEP|Pro-B-3|cDC2-2|pre-DC-3	Intermediate Mono-3|Mono-2|Mono-1|pre-DC-2|Erythroblast-3|cDC1|Intermediate Mono-2|T CD8 Naive|Intermediate Mono-1|cMOP|ERP-8|Myeloid intermediate 3|T CD4 Naive-1|MAIT|MDP-6|pre-DC-1|ERP-7|Erythroblast-2|Classical-Mono|CD8 TEM		0.954044855746605	0.6825553528824917	0.04270716846456518	0.402269752687216	0.003247975788829874	0.356827232167182
NYU-2:AML1896	p+m-LSC	Multilin-2|LMPP-1-cycling|LMPP-1|MultiLin-GMP-2|MultiLin-GMP-3|LMPP-2|MultiLin-GMP-1|BMCP-1|MEP-2|Multilin-1|preNeu|CLP|MEP-1|MPP-MEP|Pro-B-3|cDC2-2|pre-DC-3	Intermediate Mono-3|Mono-2|Mono-1|pre-DC-2|Erythroblast-3|cDC1|Intermediate Mono-2|T CD8 Naive|Intermediate Mono-1|cMOP|ERP-8|Myeloid intermediate 3|T CD4 Naive-1|MAIT|MDP-6|pre-DC-1|ERP-7|Erythroblast-2|Classical-Mono|CD8 TEM		0.04098613866914079	0.6825553528824917	0.5033061516537698	0.402269752687216	0.45570770967708946	0.356827232167182
NYU-2:AML2123	p-LSC	Multilin-2|LMPP-1-cycling|LMPP-1|MultiLin-GMP-2|MultiLin-GMP-3|LMPP-2|MultiLin-GMP-1|BMCP-1|MEP-2|Multilin-1|preNeu|CLP|MEP-1|MPP-MEP|Pro-B-3|cDC2-2|pre-DC-3	Intermediate Mono-3|Mono-2|Mono-1|pre-DC-2|Erythroblast-3|cDC1|Intermediate Mono-2|T CD8 Naive|Intermediate Mono-1|cMOP|ERP-8|Myeloid intermediate 3|T CD4 Naive-1|MAIT|MDP-6|pre-DC-1|ERP-7|Erythroblast-2|Classical-Mono|CD8 TEM		0.032411194490031985	0.6825553528824917	0.2672764686959134	0.402269752687216	0.7003123368140546	0.356827232167182
NYU-2:AML4340	m-LSC	Multilin-2|LMPP-1-cycling|LMPP-1|MultiLin-GMP-2|MultiLin-GMP-3|LMPP-2|MultiLin-GMP-1|BMCP-1|MEP-2|Multilin-1|preNeu|CLP|MEP-1|MPP-MEP|Pro-B-3|cDC2-2|pre-DC-3	Intermediate Mono-3|Mono-2|Mono-1|pre-DC-2|Erythroblast-3|cDC1|Intermediate Mono-2|T CD8 Naive|Intermediate Mono-1|cMOP|ERP-8|Myeloid intermediate 3|T CD4 Naive-1|MAIT|MDP-6|pre-DC-1|ERP-7|Erythroblast-2|Classical-Mono|CD8 TEM		0.864770886229297	0.6825553528824917	0.11001058254213171	0.402269752687216	0.025218531228571216	0.356827232167182
NYU-2:AML4897	m-LSC	Multilin-2|LMPP-1-cycling|LMPP-1|MultiLin-GMP-2|MultiLin-GMP-3|LMPP-2|MultiLin-GMP-1|BMCP-1|MEP-2|Multilin-1|preNeu|CLP|MEP-1|MPP-MEP|Pro-B-3|cDC2-2|pre-DC-3	Intermediate Mono-3|Mono-2|Mono-1|pre-DC-2|Erythroblast-3|cDC1|Intermediate Mono-2|T CD8 Naive|Intermediate Mono-1|cMOP|ERP-8|Myeloid intermediate 3|T CD4 Naive-1|MAIT|MDP-6|pre-DC-1|ERP-7|Erythroblast-2|Classical-Mono|CD8 TEM		0.8678935551615949	0.6825553528824917	0.10480876715043694	0.402269752687216	0.02729767768796822	0.356827232167182
WashU:10DD-1002__Diagnosis	p-LSC	Multilin-2|LMPP-1-cycling|LMPP-1|MultiLin-GMP-2|MultiLin-GMP-3|LMPP-2|MultiLin-GMP-1|BMCP-1|MEP-2|Multilin-1|preNeu|CLP|MEP-1|MPP-MEP|Pro-B-3|cDC2-2|pre-DC-3	Intermediate Mono-3|Mono-2|Mono-1|pre-DC-2|Erythroblast-3|cDC1|Intermediate Mono-2|T CD8 Naive|Intermediate Mono-1|cMOP|ERP-8|Myeloid intermediate 3|T CD4 Naive-1|MAIT|MDP-6|pre-DC-1|ERP-7|Erythroblast-2|Classical-Mono|CD8 TEM		0.003627777037557724	0.6825553528824917	0.05832406526003975	0.402269752687216	0.9380481577024025	0.356827232167182
WashU:10DD-1002__Treatment	p-LSC	Multilin-2|LMPP-1-cycling|LMPP-1|MultiLin-GMP-2|MultiLin-GMP-3|LMPP-2|MultiLin-GMP-1|BMCP-1|MEP-2|Multilin-1|preNeu|CLP|MEP-1|MPP-MEP|Pro-B-3|cDC2-2|pre-DC-3	Intermediate Mono-3|Mono-2|Mono-1|pre-DC-2|Erythroblast-3|cDC1|Intermediate Mono-2|T CD8 Naive|Intermediate Mono-1|cMOP|ERP-8|Myeloid intermediate 3|T CD4 Naive-1|MAIT|MDP-6|pre-DC-1|ERP-7|Erythroblast-2|Classical-Mono|CD8 TEM		0.002687794139793441	0.6825553528824917	0.03158885899731133	0.402269752687216	0.9657233468628952	0.356827232167182
WashU:10DD-1003__Diagnosis	p-LSC	Multilin-2|LMPP-1-cycling|LMPP-1|MultiLin-GMP-2|MultiLin-GMP-3|LMPP-2|MultiLin-GMP-1|BMCP-1|MEP-2|Multilin-1|preNeu|CLP|MEP-1|MPP-MEP|Pro-B-3|cDC2-2|pre-DC-3	Intermediate Mono-3|Mono-2|Mono-1|pre-DC-2|Erythroblast-3|cDC1|Intermediate Mono-2|T CD8 Naive|Intermediate Mono-1|cMOP|ERP-8|Myeloid intermediate 3|T CD4 Naive-1|MAIT|MDP-6|pre-DC-1|ERP-7|Erythroblast-2|Classical-Mono|CD8 TEM		0.01416073850154414	0.6825553528824917	0.37303524182982534	0.402269752687216	0.6128040196686305	0.356827232167182
WashU:10DD-1003__Relapse	p-LSC	Multilin-2|LMPP-1-cycling|LMPP-1|MultiLin-GMP-2|MultiLin-GMP-3|LMPP-2|MultiLin-GMP-1|BMCP-1|MEP-2|Multilin-1|preNeu|CLP|MEP-1|MPP-MEP|Pro-B-3|cDC2-2|pre-DC-3	Intermediate Mono-3|Mono-2|Mono-1|pre-DC-2|Erythroblast-3|cDC1|Intermediate Mono-2|T CD8 Naive|Intermediate Mono-1|cMOP|ERP-8|Myeloid intermediate 3|T CD4 Naive-1|MAIT|MDP-6|pre-DC-1|ERP-7|Erythroblast-2|Classical-Mono|CD8 TEM		0.04653214260495773	0.6825553528824917	0.3833515157856711	0.402269752687216	0.5701163416093712	0.356827232167182
WashU:10DD-1009__Diagnosis	p-LSC	Multilin-2|LMPP-1-cycling|LMPP-1|MultiLin-GMP-2|MultiLin-GMP-3|LMPP-2|MultiLin-GMP-1|BMCP-1|MEP-2|Multilin-1|preNeu|CLP|MEP-1|MPP-MEP|Pro-B-3|cDC2-2|pre-DC-3	Intermediate Mono-3|Mono-2|Mono-1|pre-DC-2|Erythroblast-3|cDC1|Intermediate Mono-2|T CD8 Naive|Intermediate Mono-1|cMOP|ERP-8|Myeloid intermediate 3|T CD4 Naive-1|MAIT|MDP-6|pre-DC-1|ERP-7|Erythroblast-2|Classical-Mono|CD8 TEM		3.5916402690085046e-05	0.6825553528824917	0.009519083886866014	0.402269752687216	0.990444999710444	0.356827232167182
WashU:10DD-1009__Relapse	p-LSC	Multilin-2|LMPP-1-cycling|LMPP-1|MultiLin-GMP-2|MultiLin-GMP-3|LMPP-2|MultiLin-GMP-1|BMCP-1|MEP-2|Multilin-1|preNeu|CLP|MEP-1|MPP-MEP|Pro-B-3|cDC2-2|pre-DC-3	Intermediate Mono-3|Mono-2|Mono-1|pre-DC-2|Erythroblast-3|cDC1|Intermediate Mono-2|T CD8 Naive|Intermediate Mono-1|cMOP|ERP-8|Myeloid intermediate 3|T CD4 Naive-1|MAIT|MDP-6|pre-DC-1|ERP-7|Erythroblast-2|Classical-Mono|CD8 TEM		1.4247367606782906e-05	0.6825553528824917	0.027990557387608323	0.402269752687216	0.971995195244785	0.356827232167182
WashU:10DD-1010__Diagnosis	p-LSC	Multilin-2|LMPP-1-cycling|LMPP-1|MultiLin-GMP-2|MultiLin-GMP-3|LMPP-2|MultiLin-GMP-1|BMCP-1|MEP-2|Multilin-1|preNeu|CLP|MEP-1|MPP-MEP|Pro-B-3|cDC2-2|pre-DC-3	Intermediate Mono-3|Mono-2|Mono-1|pre-DC-2|Erythroblast-3|cDC1|Intermediate Mono-2|T CD8 Naive|Intermediate Mono-1|cMOP|ERP-8|Myeloid intermediate 3|T CD4 Naive-1|MAIT|MDP-6|pre-DC-1|ERP-7|Erythroblast-2|Classical-Mono|CD8 TEM		0.0006153421884003711	0.6825553528824917	0.024139045731467957	0.402269752687216	0.9752456120801316	0.356827232167182
WashU:10DD-1010__Relapse	p-LSC	Multilin-2|LMPP-1-cycling|LMPP-1|MultiLin-GMP-2|MultiLin-GMP-3|LMPP-2|MultiLin-GMP-1|BMCP-1|MEP-2|Multilin-1|preNeu|CLP|MEP-1|MPP-MEP|Pro-B-3|cDC2-2|pre-DC-3	Intermediate Mono-3|Mono-2|Mono-1|pre-DC-2|Erythroblast-3|cDC1|Intermediate Mono-2|T CD8 Naive|Intermediate Mono-1|cMOP|ERP-8|Myeloid intermediate 3|T CD4 Naive-1|MAIT|MDP-6|pre-DC-1|ERP-7|Erythroblast-2|Classical-Mono|CD8 TEM		0.014708351481504274	0.6825553528824917	0.3026802620515804	0.402269752687216	0.6826113864669153	0.356827232167182
WashU:10DD-1014__Diagnosis	NULL	Multilin-2|LMPP-1-cycling|LMPP-1|MultiLin-GMP-2|MultiLin-GMP-3|LMPP-2|MultiLin-GMP-1|BMCP-1|MEP-2|Multilin-1|preNeu|CLP|MEP-1|MPP-MEP|Pro-B-3|cDC2-2|pre-DC-3	Intermediate Mono-3|Mono-2|Mono-1|pre-DC-2|Erythroblast-3|cDC1|Intermediate Mono-2|T CD8 Naive|Intermediate Mono-1|cMOP|ERP-8|Myeloid intermediate 3|T CD4 Naive-1|MAIT|MDP-6|pre-DC-1|ERP-7|Erythroblast-2|Classical-Mono|CD8 TEM		0.6512213500934434	0.6825553528824917	0.2413713341916948	0.402269752687216	0.10740731571486169	0.356827232167182
WashU:10DD-1014__Treatment	p-LSC	Multilin-2|LMPP-1-cycling|LMPP-1|MultiLin-GMP-2|MultiLin-GMP-3|LMPP-2|MultiLin-GMP-1|BMCP-1|MEP-2|Multilin-1|preNeu|CLP|MEP-1|MPP-MEP|Pro-B-3|cDC2-2|pre-DC-3	Intermediate Mono-3|Mono-2|Mono-1|pre-DC-2|Erythroblast-3|cDC1|Intermediate Mono-2|T CD8 Naive|Intermediate Mono-1|cMOP|ERP-8|Myeloid intermediate 3|T CD4 Naive-1|MAIT|MDP-6|pre-DC-1|ERP-7|Erythroblast-2|Classical-Mono|CD8 TEM		0.20571140767132273	0.6825553528824917	0.23629731337348922	0.402269752687216	0.5579912789551881	0.356827232167182
WashU:10DD-1051__Diagnosis	p-LSC	Multilin-2|LMPP-1-cycling|LMPP-1|MultiLin-GMP-2|MultiLin-GMP-3|LMPP-2|MultiLin-GMP-1|BMCP-1|MEP-2|Multilin-1|preNeu|CLP|MEP-1|MPP-MEP|Pro-B-3|cDC2-2|pre-DC-3	Intermediate Mono-3|Mono-2|Mono-1|pre-DC-2|Erythroblast-3|cDC1|Intermediate Mono-2|T CD8 Naive|Intermediate Mono-1|cMOP|ERP-8|Myeloid intermediate 3|T CD4 Naive-1|MAIT|MDP-6|pre-DC-1|ERP-7|Erythroblast-2|Classical-Mono|CD8 TEM		0.2980099400456218	0.6825553528824917	0.31573652747027403	0.402269752687216	0.38625353248410416	0.356827232167182
WashU:10DD-1051__Treatment	NULL	Multilin-2|LMPP-1-cycling|LMPP-1|MultiLin-GMP-2|MultiLin-GMP-3|LMPP-2|MultiLin-GMP-1|BMCP-1|MEP-2|Multilin-1|preNeu|CLP|MEP-1|MPP-MEP|Pro-B-3|cDC2-2|pre-DC-3	Intermediate Mono-3|Mono-2|Mono-1|pre-DC-2|Erythroblast-3|cDC1|Intermediate Mono-2|T CD8 Naive|Intermediate Mono-1|cMOP|ERP-8|Myeloid intermediate 3|T CD4 Naive-1|MAIT|MDP-6|pre-DC-1|ERP-7|Erythroblast-2|Classical-Mono|CD8 TEM		0.42130659903340895	0.6825553528824917	0.23176953271822384	0.402269752687216	0.34692386824836713	0.356827232167182
WashU:10DD-1058__Diagnosis	p+m-LSC	Multilin-2|LMPP-1-cycling|LMPP-1|MultiLin-GMP-2|MultiLin-GMP-3|LMPP-2|MultiLin-GMP-1|BMCP-1|MEP-2|Multilin-1|preNeu|CLP|MEP-1|MPP-MEP|Pro-B-3|cDC2-2|pre-DC-3	Intermediate Mono-3|Mono-2|Mono-1|pre-DC-2|Erythroblast-3|cDC1|Intermediate Mono-2|T CD8 Naive|Intermediate Mono-1|cMOP|ERP-8|Myeloid intermediate 3|T CD4 Naive-1|MAIT|MDP-6|pre-DC-1|ERP-7|Erythroblast-2|Classical-Mono|CD8 TEM		0.010078079713461394	0.6825553528824917	0.6187932780048728	0.402269752687216	0.3711286422816657	0.356827232167182
WashU:10DD-1058__Treatment	p-LSC	Multilin-2|LMPP-1-cycling|LMPP-1|MultiLin-GMP-2|MultiLin-GMP-3|LMPP-2|MultiLin-GMP-1|BMCP-1|MEP-2|Multilin-1|preNeu|CLP|MEP-1|MPP-MEP|Pro-B-3|cDC2-2|pre-DC-3	Intermediate Mono-3|Mono-2|Mono-1|pre-DC-2|Erythroblast-3|cDC1|Intermediate Mono-2|T CD8 Naive|Intermediate Mono-1|cMOP|ERP-8|Myeloid intermediate 3|T CD4 Naive-1|MAIT|MDP-6|pre-DC-1|ERP-7|Erythroblast-2|Classical-Mono|CD8 TEM		0.017308775320293	0.6825553528824917	0.13566427335939701	0.402269752687216	0.84702695132031	0.356827232167182
WashU:10DD-1061__Diagnosis	p-LSC	Multilin-2|LMPP-1-cycling|LMPP-1|MultiLin-GMP-2|MultiLin-GMP-3|LMPP-2|MultiLin-GMP-1|BMCP-1|MEP-2|Multilin-1|preNeu|CLP|MEP-1|MPP-MEP|Pro-B-3|cDC2-2|pre-DC-3	Intermediate Mono-3|Mono-2|Mono-1|pre-DC-2|Erythroblast-3|cDC1|Intermediate Mono-2|T CD8 Naive|Intermediate Mono-1|cMOP|ERP-8|Myeloid intermediate 3|T CD4 Naive-1|MAIT|MDP-6|pre-DC-1|ERP-7|Erythroblast-2|Classical-Mono|CD8 TEM		0.1762593745230109	0.6825553528824917	0.0985672218258836	0.402269752687216	0.7251734036511056	0.356827232167182
WashU:10DD-1061__Relapse	m-LSC	Multilin-2|LMPP-1-cycling|LMPP-1|MultiLin-GMP-2|MultiLin-GMP-3|LMPP-2|MultiLin-GMP-1|BMCP-1|MEP-2|Multilin-1|preNeu|CLP|MEP-1|MPP-MEP|Pro-B-3|cDC2-2|pre-DC-3	Intermediate Mono-3|Mono-2|Mono-1|pre-DC-2|Erythroblast-3|cDC1|Intermediate Mono-2|T CD8 Naive|Intermediate Mono-1|cMOP|ERP-8|Myeloid intermediate 3|T CD4 Naive-1|MAIT|MDP-6|pre-DC-1|ERP-7|Erythroblast-2|Classical-Mono|CD8 TEM		0.8557784256767949	0.6825553528824917	0.054754933003294974	0.402269752687216	0.08946664131991015	0.356827232167182
WashU:10DD-1062__Diagnosis	p-LSC	Multilin-2|LMPP-1-cycling|LMPP-1|MultiLin-GMP-2|MultiLin-GMP-3|LMPP-2|MultiLin-GMP-1|BMCP-1|MEP-2|Multilin-1|preNeu|CLP|MEP-1|MPP-MEP|Pro-B-3|cDC2-2|pre-DC-3	Intermediate Mono-3|Mono-2|Mono-1|pre-DC-2|Erythroblast-3|cDC1|Intermediate Mono-2|T CD8 Naive|Intermediate Mono-1|cMOP|ERP-8|Myeloid intermediate 3|T CD4 Naive-1|MAIT|MDP-6|pre-DC-1|ERP-7|Erythroblast-2|Classical-Mono|CD8 TEM		0.12917784288398815	0.6825553528824917	0.18944031161277292	0.402269752687216	0.6813818455032389	0.356827232167182
WashU:10DD-1062__Treatment	p-LSC	Multilin-2|LMPP-1-cycling|LMPP-1|MultiLin-GMP-2|MultiLin-GMP-3|LMPP-2|MultiLin-GMP-1|BMCP-1|MEP-2|Multilin-1|preNeu|CLP|MEP-1|MPP-MEP|Pro-B-3|cDC2-2|pre-DC-3	Intermediate Mono-3|Mono-2|Mono-1|pre-DC-2|Erythroblast-3|cDC1|Intermediate Mono-2|T CD8 Naive|Intermediate Mono-1|cMOP|ERP-8|Myeloid intermediate 3|T CD4 Naive-1|MAIT|MDP-6|pre-DC-1|ERP-7|Erythroblast-2|Classical-Mono|CD8 TEM		0.40641204414887816	0.6825553528824917	0.18136361135212375	0.402269752687216	0.41222434449899803	0.356827232167182
WashU:10DD-1065__Diagnosis	p-LSC	Multilin-2|LMPP-1-cycling|LMPP-1|MultiLin-GMP-2|MultiLin-GMP-3|LMPP-2|MultiLin-GMP-1|BMCP-1|MEP-2|Multilin-1|preNeu|CLP|MEP-1|MPP-MEP|Pro-B-3|cDC2-2|pre-DC-3	Intermediate Mono-3|Mono-2|Mono-1|pre-DC-2|Erythroblast-3|cDC1|Intermediate Mono-2|T CD8 Naive|Intermediate Mono-1|cMOP|ERP-8|Myeloid intermediate 3|T CD4 Naive-1|MAIT|MDP-6|pre-DC-1|ERP-7|Erythroblast-2|Classical-Mono|CD8 TEM		0.0031783110468180833	0.6825553528824917	0.021557029137079572	0.402269752687216	0.9752646598161022	0.356827232167182
WashU:10DD-1065__Treatment	p-LSC	Multilin-2|LMPP-1-cycling|LMPP-1|MultiLin-GMP-2|MultiLin-GMP-3|LMPP-2|MultiLin-GMP-1|BMCP-1|MEP-2|Multilin-1|preNeu|CLP|MEP-1|MPP-MEP|Pro-B-3|cDC2-2|pre-DC-3	Intermediate Mono-3|Mono-2|Mono-1|pre-DC-2|Erythroblast-3|cDC1|Intermediate Mono-2|T CD8 Naive|Intermediate Mono-1|cMOP|ERP-8|Myeloid intermediate 3|T CD4 Naive-1|MAIT|MDP-6|pre-DC-1|ERP-7|Erythroblast-2|Classical-Mono|CD8 TEM		1.5960920327302895e-06	0.6825553528824917	2.6797732099866357e-06	0.402269752687216	0.9999957241347572	0.356827232167182
WashU:10DD-1070__Diagnosis	p-LSC	Multilin-2|LMPP-1-cycling|LMPP-1|MultiLin-GMP-2|MultiLin-GMP-3|LMPP-2|MultiLin-GMP-1|BMCP-1|MEP-2|Multilin-1|preNeu|CLP|MEP-1|MPP-MEP|Pro-B-3|cDC2-2|pre-DC-3	Intermediate Mono-3|Mono-2|Mono-1|pre-DC-2|Erythroblast-3|cDC1|Intermediate Mono-2|T CD8 Naive|Intermediate Mono-1|cMOP|ERP-8|Myeloid intermediate 3|T CD4 Naive-1|MAIT|MDP-6|pre-DC-1|ERP-7|Erythroblast-2|Classical-Mono|CD8 TEM		0.10023483765390698	0.6825553528824917	0.38912322022120793	0.402269752687216	0.5106419421248851	0.356827232167182
WashU:10DD-1070__Treatment	p-LSC	Multilin-2|LMPP-1-cycling|LMPP-1|MultiLin-GMP-2|MultiLin-GMP-3|LMPP-2|MultiLin-GMP-1|BMCP-1|MEP-2|Multilin-1|preNeu|CLP|MEP-1|MPP-MEP|Pro-B-3|cDC2-2|pre-DC-3	Intermediate Mono-3|Mono-2|Mono-1|pre-DC-2|Erythroblast-3|cDC1|Intermediate Mono-2|T CD8 Naive|Intermediate Mono-1|cMOP|ERP-8|Myeloid intermediate 3|T CD4 Naive-1|MAIT|MDP-6|pre-DC-1|ERP-7|Erythroblast-2|Classical-Mono|CD8 TEM		0.018549417655682285	0.6825553528824917	0.14118223412204378	0.402269752687216	0.8402683482222739	0.356827232167182
WashU:10DD-1079__Diagnosis	m-LSC	Multilin-2|LMPP-1-cycling|LMPP-1|MultiLin-GMP-2|MultiLin-GMP-3|LMPP-2|MultiLin-GMP-1|BMCP-1|MEP-2|Multilin-1|preNeu|CLP|MEP-1|MPP-MEP|Pro-B-3|cDC2-2|pre-DC-3	Intermediate Mono-3|Mono-2|Mono-1|pre-DC-2|Erythroblast-3|cDC1|Intermediate Mono-2|T CD8 Naive|Intermediate Mono-1|cMOP|ERP-8|Myeloid intermediate 3|T CD4 Naive-1|MAIT|MDP-6|pre-DC-1|ERP-7|Erythroblast-2|Classical-Mono|CD8 TEM		0.9999711052237376	0.6825553528824917	2.79537212925004e-05	0.402269752687216	9.410549699761718e-07	0.356827232167182
WashU:10DD-1079__Relapse	m-LSC	Multilin-2|LMPP-1-cycling|LMPP-1|MultiLin-GMP-2|MultiLin-GMP-3|LMPP-2|MultiLin-GMP-1|BMCP-1|MEP-2|Multilin-1|preNeu|CLP|MEP-1|MPP-MEP|Pro-B-3|cDC2-2|pre-DC-3	Intermediate Mono-3|Mono-2|Mono-1|pre-DC-2|Erythroblast-3|cDC1|Intermediate Mono-2|T CD8 Naive|Intermediate Mono-1|cMOP|ERP-8|Myeloid intermediate 3|T CD4 Naive-1|MAIT|MDP-6|pre-DC-1|ERP-7|Erythroblast-2|Classical-Mono|CD8 TEM		0.9999999939748747	0.6825553528824917	5.98375809705001e-09	0.402269752687216	4.136720132154563e-11	0.356827232167182
WashU:10DD-1079__Treatment	m-LSC	Multilin-2|LMPP-1-cycling|LMPP-1|MultiLin-GMP-2|MultiLin-GMP-3|LMPP-2|MultiLin-GMP-1|BMCP-1|MEP-2|Multilin-1|preNeu|CLP|MEP-1|MPP-MEP|Pro-B-3|cDC2-2|pre-DC-3	Intermediate Mono-3|Mono-2|Mono-1|pre-DC-2|Erythroblast-3|cDC1|Intermediate Mono-2|T CD8 Naive|Intermediate Mono-1|cMOP|ERP-8|Myeloid intermediate 3|T CD4 Naive-1|MAIT|MDP-6|pre-DC-1|ERP-7|Erythroblast-2|Classical-Mono|CD8 TEM		1.0	0.6825553528824917	9.048751700650214e-18	0.402269752687216	5.985492325122204e-21	0.356827232167182
WashU:10DD-1082__Treatment	p+m-LSC	Multilin-2|LMPP-1-cycling|LMPP-1|MultiLin-GMP-2|MultiLin-GMP-3|LMPP-2|MultiLin-GMP-1|BMCP-1|MEP-2|Multilin-1|preNeu|CLP|MEP-1|MPP-MEP|Pro-B-3|cDC2-2|pre-DC-3	Intermediate Mono-3|Mono-2|Mono-1|pre-DC-2|Erythroblast-3|cDC1|Intermediate Mono-2|T CD8 Naive|Intermediate Mono-1|cMOP|ERP-8|Myeloid intermediate 3|T CD4 Naive-1|MAIT|MDP-6|pre-DC-1|ERP-7|Erythroblast-2|Classical-Mono|CD8 TEM		0.0015113014459018242	0.6825553528824917	0.7605626634267046	0.402269752687216	0.2379260351273936	0.356827232167182
WashU:10DD-1085__Diagnosis	p-LSC	Multilin-2|LMPP-1-cycling|LMPP-1|MultiLin-GMP-2|MultiLin-GMP-3|LMPP-2|MultiLin-GMP-1|BMCP-1|MEP-2|Multilin-1|preNeu|CLP|MEP-1|MPP-MEP|Pro-B-3|cDC2-2|pre-DC-3	Intermediate Mono-3|Mono-2|Mono-1|pre-DC-2|Erythroblast-3|cDC1|Intermediate Mono-2|T CD8 Naive|Intermediate Mono-1|cMOP|ERP-8|Myeloid intermediate 3|T CD4 Naive-1|MAIT|MDP-6|pre-DC-1|ERP-7|Erythroblast-2|Classical-Mono|CD8 TEM		0.0030301799230092693	0.6825553528824917	0.0011926290267407398	0.402269752687216	0.99577719105025	0.356827232167182
WashU:10DD-1085__Relapse	p-LSC	Multilin-2|LMPP-1-cycling|LMPP-1|MultiLin-GMP-2|MultiLin-GMP-3|LMPP-2|MultiLin-GMP-1|BMCP-1|MEP-2|Multilin-1|preNeu|CLP|MEP-1|MPP-MEP|Pro-B-3|cDC2-2|pre-DC-3	Intermediate Mono-3|Mono-2|Mono-1|pre-DC-2|Erythroblast-3|cDC1|Intermediate Mono-2|T CD8 Naive|Intermediate Mono-1|cMOP|ERP-8|Myeloid intermediate 3|T CD4 Naive-1|MAIT|MDP-6|pre-DC-1|ERP-7|Erythroblast-2|Classical-Mono|CD8 TEM		0.0859855974631237	0.6825553528824917	0.39281907632013996	0.402269752687216	0.5211953262167364	0.356827232167182
WashU:10DD-1086__Diagnosis	p+m-LSC	Multilin-2|LMPP-1-cycling|LMPP-1|MultiLin-GMP-2|MultiLin-GMP-3|LMPP-2|MultiLin-GMP-1|BMCP-1|MEP-2|Multilin-1|preNeu|CLP|MEP-1|MPP-MEP|Pro-B-3|cDC2-2|pre-DC-3	Intermediate Mono-3|Mono-2|Mono-1|pre-DC-2|Erythroblast-3|cDC1|Intermediate Mono-2|T CD8 Naive|Intermediate Mono-1|cMOP|ERP-8|Myeloid intermediate 3|T CD4 Naive-1|MAIT|MDP-6|pre-DC-1|ERP-7|Erythroblast-2|Classical-Mono|CD8 TEM		0.4542541499982598	0.6825553528824917	0.4790675332790637	0.402269752687216	0.06667831672267653	0.356827232167182
WashU:10DD-1086__Treatment	p-LSC	Multilin-2|LMPP-1-cycling|LMPP-1|MultiLin-GMP-2|MultiLin-GMP-3|LMPP-2|MultiLin-GMP-1|BMCP-1|MEP-2|Multilin-1|preNeu|CLP|MEP-1|MPP-MEP|Pro-B-3|cDC2-2|pre-DC-3	Intermediate Mono-3|Mono-2|Mono-1|pre-DC-2|Erythroblast-3|cDC1|Intermediate Mono-2|T CD8 Naive|Intermediate Mono-1|cMOP|ERP-8|Myeloid intermediate 3|T CD4 Naive-1|MAIT|MDP-6|pre-DC-1|ERP-7|Erythroblast-2|Classical-Mono|CD8 TEM		0.17200379423655077	0.6825553528824917	0.1653201147122855	0.402269752687216	0.6626760910511638	0.356827232167182
WashU:184874__Diagnosis	m-LSC	Multilin-2|LMPP-1-cycling|LMPP-1|MultiLin-GMP-2|MultiLin-GMP-3|LMPP-2|MultiLin-GMP-1|BMCP-1|MEP-2|Multilin-1|preNeu|CLP|MEP-1|MPP-MEP|Pro-B-3|cDC2-2|pre-DC-3	Intermediate Mono-3|Mono-2|Mono-1|pre-DC-2|Erythroblast-3|cDC1|Intermediate Mono-2|T CD8 Naive|Intermediate Mono-1|cMOP|ERP-8|Myeloid intermediate 3|T CD4 Naive-1|MAIT|MDP-6|pre-DC-1|ERP-7|Erythroblast-2|Classical-Mono|CD8 TEM		0.9972166657270225	0.6825553528824917	0.00275269045061331	0.402269752687216	3.064382236425278e-05	0.356827232167182
WashU:220882__Diagnosis	p-LSC	Multilin-2|LMPP-1-cycling|LMPP-1|MultiLin-GMP-2|MultiLin-GMP-3|LMPP-2|MultiLin-GMP-1|BMCP-1|MEP-2|Multilin-1|preNeu|CLP|MEP-1|MPP-MEP|Pro-B-3|cDC2-2|pre-DC-3	Intermediate Mono-3|Mono-2|Mono-1|pre-DC-2|Erythroblast-3|cDC1|Intermediate Mono-2|T CD8 Naive|Intermediate Mono-1|cMOP|ERP-8|Myeloid intermediate 3|T CD4 Naive-1|MAIT|MDP-6|pre-DC-1|ERP-7|Erythroblast-2|Classical-Mono|CD8 TEM		0.0012263761233909968	0.6825553528824917	0.04990183756214593	0.402269752687216	0.9488717863144632	0.356827232167182
WashU:220882__Relapse	p-LSC	Multilin-2|LMPP-1-cycling|LMPP-1|MultiLin-GMP-2|MultiLin-GMP-3|LMPP-2|MultiLin-GMP-1|BMCP-1|MEP-2|Multilin-1|preNeu|CLP|MEP-1|MPP-MEP|Pro-B-3|cDC2-2|pre-DC-3	Intermediate Mono-3|Mono-2|Mono-1|pre-DC-2|Erythroblast-3|cDC1|Intermediate Mono-2|T CD8 Naive|Intermediate Mono-1|cMOP|ERP-8|Myeloid intermediate 3|T CD4 Naive-1|MAIT|MDP-6|pre-DC-1|ERP-7|Erythroblast-2|Classical-Mono|CD8 TEM		0.005721705562230647	0.6825553528824917	0.006778080246378536	0.402269752687216	0.9875002141913908	0.356827232167182
WashU:220882__Treatment	m-LSC	Multilin-2|LMPP-1-cycling|LMPP-1|MultiLin-GMP-2|MultiLin-GMP-3|LMPP-2|MultiLin-GMP-1|BMCP-1|MEP-2|Multilin-1|preNeu|CLP|MEP-1|MPP-MEP|Pro-B-3|cDC2-2|pre-DC-3	Intermediate Mono-3|Mono-2|Mono-1|pre-DC-2|Erythroblast-3|cDC1|Intermediate Mono-2|T CD8 Naive|Intermediate Mono-1|cMOP|ERP-8|Myeloid intermediate 3|T CD4 Naive-1|MAIT|MDP-6|pre-DC-1|ERP-7|Erythroblast-2|Classical-Mono|CD8 TEM		0.9719849968872493	0.6825553528824917	0.021636586743479964	0.402269752687216	0.00637841636927074	0.356827232167182
WashU:332131__Diagnosis	p-LSC	Multilin-2|LMPP-1-cycling|LMPP-1|MultiLin-GMP-2|MultiLin-GMP-3|LMPP-2|MultiLin-GMP-1|BMCP-1|MEP-2|Multilin-1|preNeu|CLP|MEP-1|MPP-MEP|Pro-B-3|cDC2-2|pre-DC-3	Intermediate Mono-3|Mono-2|Mono-1|pre-DC-2|Erythroblast-3|cDC1|Intermediate Mono-2|T CD8 Naive|Intermediate Mono-1|cMOP|ERP-8|Myeloid intermediate 3|T CD4 Naive-1|MAIT|MDP-6|pre-DC-1|ERP-7|Erythroblast-2|Classical-Mono|CD8 TEM		0.0012965421721107939	0.6825553528824917	0.05544974083153402	0.402269752687216	0.9432537169963551	0.356827232167182
WashU:430998__Diagnosis	p+m-LSC	Multilin-2|LMPP-1-cycling|LMPP-1|MultiLin-GMP-2|MultiLin-GMP-3|LMPP-2|MultiLin-GMP-1|BMCP-1|MEP-2|Multilin-1|preNeu|CLP|MEP-1|MPP-MEP|Pro-B-3|cDC2-2|pre-DC-3	Intermediate Mono-3|Mono-2|Mono-1|pre-DC-2|Erythroblast-3|cDC1|Intermediate Mono-2|T CD8 Naive|Intermediate Mono-1|cMOP|ERP-8|Myeloid intermediate 3|T CD4 Naive-1|MAIT|MDP-6|pre-DC-1|ERP-7|Erythroblast-2|Classical-Mono|CD8 TEM		0.266617794251467	0.6825553528824917	0.6043151169237262	0.402269752687216	0.12906708882480675	0.356827232167182
WashU:452198__Diagnosis	m-LSC	Multilin-2|LMPP-1-cycling|LMPP-1|MultiLin-GMP-2|MultiLin-GMP-3|LMPP-2|MultiLin-GMP-1|BMCP-1|MEP-2|Multilin-1|preNeu|CLP|MEP-1|MPP-MEP|Pro-B-3|cDC2-2|pre-DC-3	Intermediate Mono-3|Mono-2|Mono-1|pre-DC-2|Erythroblast-3|cDC1|Intermediate Mono-2|T CD8 Naive|Intermediate Mono-1|cMOP|ERP-8|Myeloid intermediate 3|T CD4 Naive-1|MAIT|MDP-6|pre-DC-1|ERP-7|Erythroblast-2|Classical-Mono|CD8 TEM		0.773710247213191	0.6825553528824917	0.12354487035969872	0.402269752687216	0.10274488242711022	0.356827232167182
WashU:452198__Relapse	p-LSC	Multilin-2|LMPP-1-cycling|LMPP-1|MultiLin-GMP-2|MultiLin-GMP-3|LMPP-2|MultiLin-GMP-1|BMCP-1|MEP-2|Multilin-1|preNeu|CLP|MEP-1|MPP-MEP|Pro-B-3|cDC2-2|pre-DC-3	Intermediate Mono-3|Mono-2|Mono-1|pre-DC-2|Erythroblast-3|cDC1|Intermediate Mono-2|T CD8 Naive|Intermediate Mono-1|cMOP|ERP-8|Myeloid intermediate 3|T CD4 Naive-1|MAIT|MDP-6|pre-DC-1|ERP-7|Erythroblast-2|Classical-Mono|CD8 TEM		5.489074341672024e-07	0.6825553528824917	0.003057998421671509	0.402269752687216	0.9969414526708942	0.356827232167182
WashU:508084__Diagnosis	p-LSC	Multilin-2|LMPP-1-cycling|LMPP-1|MultiLin-GMP-2|MultiLin-GMP-3|LMPP-2|MultiLin-GMP-1|BMCP-1|MEP-2|Multilin-1|preNeu|CLP|MEP-1|MPP-MEP|Pro-B-3|cDC2-2|pre-DC-3	Intermediate Mono-3|Mono-2|Mono-1|pre-DC-2|Erythroblast-3|cDC1|Intermediate Mono-2|T CD8 Naive|Intermediate Mono-1|cMOP|ERP-8|Myeloid intermediate 3|T CD4 Naive-1|MAIT|MDP-6|pre-DC-1|ERP-7|Erythroblast-2|Classical-Mono|CD8 TEM		0.003522463662391038	0.6825553528824917	0.037193582384075635	0.402269752687216	0.9592839539535332	0.356827232167182
WashU:508084__Relapse	p-LSC	Multilin-2|LMPP-1-cycling|LMPP-1|MultiLin-GMP-2|MultiLin-GMP-3|LMPP-2|MultiLin-GMP-1|BMCP-1|MEP-2|Multilin-1|preNeu|CLP|MEP-1|MPP-MEP|Pro-B-3|cDC2-2|pre-DC-3	Intermediate Mono-3|Mono-2|Mono-1|pre-DC-2|Erythroblast-3|cDC1|Intermediate Mono-2|T CD8 Naive|Intermediate Mono-1|cMOP|ERP-8|Myeloid intermediate 3|T CD4 Naive-1|MAIT|MDP-6|pre-DC-1|ERP-7|Erythroblast-2|Classical-Mono|CD8 TEM		0.0022591738276192025	0.6825553528824917	0.030112274502137732	0.402269752687216	0.967628551670243	0.356827232167182
WashU:624400__Normal donor	m-LSC	Multilin-2|LMPP-1-cycling|LMPP-1|MultiLin-GMP-2|MultiLin-GMP-3|LMPP-2|MultiLin-GMP-1|BMCP-1|MEP-2|Multilin-1|preNeu|CLP|MEP-1|MPP-MEP|Pro-B-3|cDC2-2|pre-DC-3	Intermediate Mono-3|Mono-2|Mono-1|pre-DC-2|Erythroblast-3|cDC1|Intermediate Mono-2|T CD8 Naive|Intermediate Mono-1|cMOP|ERP-8|Myeloid intermediate 3|T CD4 Naive-1|MAIT|MDP-6|pre-DC-1|ERP-7|Erythroblast-2|Classical-Mono|CD8 TEM		0.9356522372588184	0.6825553528824917	0.06390428692581795	0.402269752687216	0.00044347581536373874	0.356827232167182
WashU:827494__Diagnosis	p+m-LSC	Multilin-2|LMPP-1-cycling|LMPP-1|MultiLin-GMP-2|MultiLin-GMP-3|LMPP-2|MultiLin-GMP-1|BMCP-1|MEP-2|Multilin-1|preNeu|CLP|MEP-1|MPP-MEP|Pro-B-3|cDC2-2|pre-DC-3	Intermediate Mono-3|Mono-2|Mono-1|pre-DC-2|Erythroblast-3|cDC1|Intermediate Mono-2|T CD8 Naive|Intermediate Mono-1|cMOP|ERP-8|Myeloid intermediate 3|T CD4 Naive-1|MAIT|MDP-6|pre-DC-1|ERP-7|Erythroblast-2|Classical-Mono|CD8 TEM		0.373610670538355	0.6825553528824917	0.5513507975092692	0.402269752687216	0.07503853195237585	0.356827232167182
WashU:868442__Diagnosis	p-LSC	Multilin-2|LMPP-1-cycling|LMPP-1|MultiLin-GMP-2|MultiLin-GMP-3|LMPP-2|MultiLin-GMP-1|BMCP-1|MEP-2|Multilin-1|preNeu|CLP|MEP-1|MPP-MEP|Pro-B-3|cDC2-2|pre-DC-3	Intermediate Mono-3|Mono-2|Mono-1|pre-DC-2|Erythroblast-3|cDC1|Intermediate Mono-2|T CD8 Naive|Intermediate Mono-1|cMOP|ERP-8|Myeloid intermediate 3|T CD4 Naive-1|MAIT|MDP-6|pre-DC-1|ERP-7|Erythroblast-2|Classical-Mono|CD8 TEM		0.07416117350379045	0.6825553528824917	0.08209060425020653	0.402269752687216	0.8437482222460029	0.356827232167182
WashU:869586__Diagnosis	p-LSC	Multilin-2|LMPP-1-cycling|LMPP-1|MultiLin-GMP-2|MultiLin-GMP-3|LMPP-2|MultiLin-GMP-1|BMCP-1|MEP-2|Multilin-1|preNeu|CLP|MEP-1|MPP-MEP|Pro-B-3|cDC2-2|pre-DC-3	Intermediate Mono-3|Mono-2|Mono-1|pre-DC-2|Erythroblast-3|cDC1|Intermediate Mono-2|T CD8 Naive|Intermediate Mono-1|cMOP|ERP-8|Myeloid intermediate 3|T CD4 Naive-1|MAIT|MDP-6|pre-DC-1|ERP-7|Erythroblast-2|Classical-Mono|CD8 TEM		0.006967027864041542	0.6825553528824917	0.40878591758574595	0.402269752687216	0.5842470545502124	0.356827232167182
WashU:869586__Relapse	p-LSC	Multilin-2|LMPP-1-cycling|LMPP-1|MultiLin-GMP-2|MultiLin-GMP-3|LMPP-2|MultiLin-GMP-1|BMCP-1|MEP-2|Multilin-1|preNeu|CLP|MEP-1|MPP-MEP|Pro-B-3|cDC2-2|pre-DC-3	Intermediate Mono-3|Mono-2|Mono-1|pre-DC-2|Erythroblast-3|cDC1|Intermediate Mono-2|T CD8 Naive|Intermediate Mono-1|cMOP|ERP-8|Myeloid intermediate 3|T CD4 Naive-1|MAIT|MDP-6|pre-DC-1|ERP-7|Erythroblast-2|Classical-Mono|CD8 TEM		0.0001899056675318614	0.6825553528824917	0.0330694701100729	0.402269752687216	0.9667406242223953	0.356827232167182
WashU:869922__Diagnosis	p-LSC	Multilin-2|LMPP-1-cycling|LMPP-1|MultiLin-GMP-2|MultiLin-GMP-3|LMPP-2|MultiLin-GMP-1|BMCP-1|MEP-2|Multilin-1|preNeu|CLP|MEP-1|MPP-MEP|Pro-B-3|cDC2-2|pre-DC-3	Intermediate Mono-3|Mono-2|Mono-1|pre-DC-2|Erythroblast-3|cDC1|Intermediate Mono-2|T CD8 Naive|Intermediate Mono-1|cMOP|ERP-8|Myeloid intermediate 3|T CD4 Naive-1|MAIT|MDP-6|pre-DC-1|ERP-7|Erythroblast-2|Classical-Mono|CD8 TEM		0.0001262002357951089	0.6825553528824917	0.1293300472728579	0.402269752687216	0.8705437524913471	0.356827232167182
WashU:875663__Diagnosis	m-LSC	Multilin-2|LMPP-1-cycling|LMPP-1|MultiLin-GMP-2|MultiLin-GMP-3|LMPP-2|MultiLin-GMP-1|BMCP-1|MEP-2|Multilin-1|preNeu|CLP|MEP-1|MPP-MEP|Pro-B-3|cDC2-2|pre-DC-3	Intermediate Mono-3|Mono-2|Mono-1|pre-DC-2|Erythroblast-3|cDC1|Intermediate Mono-2|T CD8 Naive|Intermediate Mono-1|cMOP|ERP-8|Myeloid intermediate 3|T CD4 Naive-1|MAIT|MDP-6|pre-DC-1|ERP-7|Erythroblast-2|Classical-Mono|CD8 TEM		0.9976690577519028	0.6825553528824917	0.0019092681185388896	0.402269752687216	0.00042167412955839	0.356827232167182
WashU:916462__Diagnosis	p-LSC	Multilin-2|LMPP-1-cycling|LMPP-1|MultiLin-GMP-2|MultiLin-GMP-3|LMPP-2|MultiLin-GMP-1|BMCP-1|MEP-2|Multilin-1|preNeu|CLP|MEP-1|MPP-MEP|Pro-B-3|cDC2-2|pre-DC-3	Intermediate Mono-3|Mono-2|Mono-1|pre-DC-2|Erythroblast-3|cDC1|Intermediate Mono-2|T CD8 Naive|Intermediate Mono-1|cMOP|ERP-8|Myeloid intermediate 3|T CD4 Naive-1|MAIT|MDP-6|pre-DC-1|ERP-7|Erythroblast-2|Classical-Mono|CD8 TEM		0.0013451295502073083	0.6825553528824917	0.14149912933410075	0.402269752687216	0.857155741115692	0.356827232167182
WashU:922185__Diagnosis	m-LSC	Multilin-2|LMPP-1-cycling|LMPP-1|MultiLin-GMP-2|MultiLin-GMP-3|LMPP-2|MultiLin-GMP-1|BMCP-1|MEP-2|Multilin-1|preNeu|CLP|MEP-1|MPP-MEP|Pro-B-3|cDC2-2|pre-DC-3	Intermediate Mono-3|Mono-2|Mono-1|pre-DC-2|Erythroblast-3|cDC1|Intermediate Mono-2|T CD8 Naive|Intermediate Mono-1|cMOP|ERP-8|Myeloid intermediate 3|T CD4 Naive-1|MAIT|MDP-6|pre-DC-1|ERP-7|Erythroblast-2|Classical-Mono|CD8 TEM		0.9923827300374972	0.6825553528824917	0.007490970328501444	0.402269752687216	0.0001262996340012348	0.356827232167182
WashU:978897__Normal donor	m-LSC	Multilin-2|LMPP-1-cycling|LMPP-1|MultiLin-GMP-2|MultiLin-GMP-3|LMPP-2|MultiLin-GMP-1|BMCP-1|MEP-2|Multilin-1|preNeu|CLP|MEP-1|MPP-MEP|Pro-B-3|cDC2-2|pre-DC-3	Intermediate Mono-3|Mono-2|Mono-1|pre-DC-2|Erythroblast-3|cDC1|Intermediate Mono-2|T CD8 Naive|Intermediate Mono-1|cMOP|ERP-8|Myeloid intermediate 3|T CD4 Naive-1|MAIT|MDP-6|pre-DC-1|ERP-7|Erythroblast-2|Classical-Mono|CD8 TEM		0.998729619047277	0.6825553528824917	0.0012666808153356955	0.402269752687216	3.700137387302951e-06	0.356827232167182
WashU:ND050119__Normal donor	p-LSC	Multilin-2|LMPP-1-cycling|LMPP-1|MultiLin-GMP-2|MultiLin-GMP-3|LMPP-2|MultiLin-GMP-1|BMCP-1|MEP-2|Multilin-1|preNeu|CLP|MEP-1|MPP-MEP|Pro-B-3|cDC2-2|pre-DC-3	Intermediate Mono-3|Mono-2|Mono-1|pre-DC-2|Erythroblast-3|cDC1|Intermediate Mono-2|T CD8 Naive|Intermediate Mono-1|cMOP|ERP-8|Myeloid intermediate 3|T CD4 Naive-1|MAIT|MDP-6|pre-DC-1|ERP-7|Erythroblast-2|Classical-Mono|CD8 TEM		0.00022970489532916786	0.6825553528824917	0.0010206486380532327	0.402269752687216	0.9987496464666176	0.356827232167182
WashU:ND050819__Normal donor	p-LSC	Multilin-2|LMPP-1-cycling|LMPP-1|MultiLin-GMP-2|MultiLin-GMP-3|LMPP-2|MultiLin-GMP-1|BMCP-1|MEP-2|Multilin-1|preNeu|CLP|MEP-1|MPP-MEP|Pro-B-3|cDC2-2|pre-DC-3	Intermediate Mono-3|Mono-2|Mono-1|pre-DC-2|Erythroblast-3|cDC1|Intermediate Mono-2|T CD8 Naive|Intermediate Mono-1|cMOP|ERP-8|Myeloid intermediate 3|T CD4 Naive-1|MAIT|MDP-6|pre-DC-1|ERP-7|Erythroblast-2|Classical-Mono|CD8 TEM		0.0455301417557357	0.6825553528824917	0.045561870524476654	0.402269752687216	0.9089079877197876	0.356827232167182
