SampleID	Class	primitive_freq	monocytic_freq	primitive_max	monocytic_max	primitive_mean	monocytic_mean	primitive_median	monocytic_median	primitive_nonzero_fraction	monocytic_nonzero_fraction	primitive_minus_monocytic	primitive_plus_monocytic	primitive_to_monocytic_ratio	monocytic_to_primitive_ratio	primitive_fraction_of_selected	monocytic_fraction_of_selected	num_primitive_states	num_monocytic_states
3v2:GSM3901485		0.4346237562189055	0.006218905472636815	0.07874689054726368	0.0024875621890547263	0.02556610330699444	0.0003109452736318408	0.020600124378109454	7.77363184079602e-05	0.9411764705882353	0.55	0.42840485074626866	0.4408426616915423	69.88749998876209	0.014308710427439801	0.9858931405395873	0.014106859460412624	17	20
3v2:GSM3901486		0.42173246145152177	0.005651085815774603	0.08000322919189473	0.0023411641236780498	0.024807791850089515	0.0002825542907887302	0.020343908936788568	8.07297973682086e-05	0.9411764705882353	0.6	0.41608137563574715	0.4273835472672964	74.62857141536536	0.0133996937212546	0.9867774839440876	0.013222516055912355	17	20
3v2:GSM3901487		0.42466765140324964	0.0048005908419497785	0.12352289512555391	0.0024002954209748893	0.024980450082544098	0.00024002954209748892	0.02418759231905465	0.0	0.9411764705882353	0.3	0.41986706056129985	0.4294682422451994	88.46153844311124	0.011304347826060338	0.9888220120378332	0.01117798796216681	17	20
3v2:GSM3901488		0.537202380952381	0.02659970238095238	0.11235119047619048	0.011904761904761904	0.031600140056022415	0.001329985119047619	0.021391369047619048	9.300595238095238e-05	0.9411764705882353	0.5	0.5106026785714287	0.5638020833333334	20.19580419504495	0.049515235456971535	0.9528208512042231	0.04717914879577697	17	20
3v2:GSM4874417		0.03407155025553663	0.5971039182282794	0.004258943781942078	0.29131175468483816	0.0020042088385609784	0.029855195911413966	0.0017035775127768314	0.004258943781942078	0.8235294117647058	0.8	-0.5630323679727427	0.631175468483816	0.05706134094141658	17.524999999485637	0.05398110661268557	0.9460188933873144	17	20
3v3:adult_bone_marrow_1		0.4189366590088612	0.08549392845421727	0.07696094519199212	0.019855595667870037	0.024643332882874187	0.004274696422710863	0.017394158188382015	0.0013948145717098785	1.0	0.7	0.3334427305546439	0.5044305874630785	4.900191938522338	0.20407363885576046	0.8305139882888745	0.1694860117111256	17	20
CCHMC:0018_Af_N1c		0.6106194690265487	0.14857941313460643	0.5156031672100605	0.040987424312994875	0.03591879229567934	0.007428970656730321	0.0009315323707498836	0.0027945971122496508	0.7058823529411765	0.65	0.4620400558919423	0.7591988821611552	4.109717868310898	0.24332570556787	0.8042944785276074	0.19570552147239262	17	20
CCHMC:0316_E_N1c		0.9361877315767807	0.023878139151914366	0.8705914642514067	0.014683683271579526	0.05506986656334004	0.0011939069575957182	0.0005489227391244682	0.0003430767119527926	0.6470588235294118	0.6	0.9123095924248663	0.9600658707286951	39.20689655008219	0.025505716798565538	0.9751286449399656	0.024871355060034298	17	20
CCHMC:0817_E_N1c		0.409442372418812	0.49122168652779047	0.3806968070590376	0.2873646866187574	0.024084845436400704	0.024561084326389523	9.096697898662786e-05	0.0021832074956790685	0.6470588235294118	0.7	-0.08177931410897848	0.9006640589466024	0.8335185185168217	1.1997333925764968	0.4546005453994546	0.5453994546005455	17	20
CCHMC:1009_AfInv16_29M		0.32799507237449954	0.543424699722821	0.20311056359716662	0.18139821373575607	0.019293827786735267	0.027171234986141053	0.001539882968894364	0.0050816137973514015	0.8235294117647058	0.8	-0.2154296273483215	0.8714197720973206	0.6035704165474867	1.656807511732038	0.3763915886198975	0.6236084113801025	17	20
CCHMC:1036_EInv16_22M		0.3389922733703341	0.5868973772989444	0.1003373598868212	0.313635868973773	0.01994072196296083	0.02934486886494722	0.004353030797692893	0.0028838829034715423	0.8235294117647058	0.75	-0.24790510392861032	0.9258896506692785	0.5776005933607811	1.7313001605085365	0.3661259990597085	0.6338740009402914	17	20
CCHMC:1060_EInv16_19M		0.6798029556650246	0.26253918495297807	0.5059337214509628	0.10076130765785939	0.03998840915676615	0.013126959247648904	0.003246753246753247	0.002575011195700851	0.9411764705882353	0.8	0.4172637707120465	0.9423421406180026	2.589339019179903	0.38619894598098664	0.7213971723892123	0.27860282761078775	17	20
CCHMC:1076_AfInv16_51M		0.7139242641477607	0.21674959939276375	0.5729105169941806	0.06603694020409885	0.04199554494986828	0.010837479969638188	0.004975963565826094	0.0013072446655983806	0.8823529411764706	0.95	0.49717466475499694	0.9306738635405244	3.293774319050951	0.30360307147033677	0.7671046669687358	0.2328953330312642	17	20
CCHMC:1102_E_N1c		0.16237529691211403	0.4502612826603326	0.12731591448931118	0.30251781472684086	0.009551488053653766	0.02251306413301663	0.00019002375296912113	0.00019002375296912113	0.8235294117647058	0.6	-0.28788598574821855	0.6126365795724467	0.3606246043461077	2.772966647145006	0.26504342431761785	0.7349565756823822	17	20
CCHMC:1147_EInv16_44M		0.6298519966489807	0.2317788327282882	0.3771292934934376	0.06269198547891651	0.037050117449940044	0.01158894163641441	0.015079586707623568	0.002373638648422228	0.8823529411764706	0.85	0.39807316392069253	0.861630829377269	2.7174698795063477	0.367989359343242	0.7309998379517095	0.26900016204829036	17	20
CCHMC:1239_EST8_44M_N1c		0.694777511324274	0.16799893418598452	0.4637623234745537	0.05901945110578204	0.04086926537201612	0.008399946709299225	0.00945909938715694	0.0011324273914201971	0.8823529411764706	0.7	0.5267785771382895	0.8627764455102586	4.135606661355242	0.24180249280885613	0.8052810376775787	0.1947189623224212	17	20
CCHMC:143_AfST8_P64M		0.7220433255269321	0.18105971896955503	0.4899004683840749	0.06542740046838408	0.04247313679570189	0.00905298594847775	0.0010245901639344263	0.0036592505854800934	0.8823529411764706	0.8	0.540983606557377	0.9031030444964872	3.9878738884177483	0.2507601864987405	0.7995137763371151	0.2004862236628849	17	20
CCHMC:1702-Et922-66F		0.770476006937753	0.14530738099826554	0.29514357294276355	0.05559838119098092	0.04532211805516194	0.007265369049913277	0.010502987088070919	0.002023511273848526	0.8823529411764706	1.0	0.6251686259394874	0.9157833879360185	5.30238726786802	0.18859429714832948	0.8413299663299664	0.15867003367003363	17	20
CCHMC:171_Af_N1c		0.8226154020641941	0.028921401837359646	0.7296132471362141	0.008959963706476125	0.048389141297893776	0.0014460700918679822	0.00022683452421458545	0.0002835431552682318	0.7647058823529411	0.55	0.7936940002268345	0.8515368039015538	28.443137253918497	0.03515786571069764	0.9660362280234416	0.03396377197655834	17	20
CCHMC:1744_E_N1c		0.759075907590759	0.0661951909476662	0.6441301272984441	0.02281942479962282	0.044651523975927004	0.00330975954738331	0.0001885902876001886	9.42951438000943e-05	0.6470588235294118	0.55	0.6928807166430928	0.8252710985384253	11.467236467063232	0.08720496894398451	0.9197897623400365	0.08021023765996343	17	20
CCHMC:1782_Aft36_P71F		0.8640282131661442	0.0379114420062696	0.32954545454545453	0.013420846394984327	0.05082518900977319	0.00189557210031348	0.003918495297805642	0.0004898119122257053	0.9411764705882353	0.75	0.8261167711598746	0.9019396551724138	22.790697673817444	0.04387755102035739	0.9579667644183772	0.04203323558162268	17	20
CCHMC:1827_Af_N1c		0.5311293436293436	0.14949324324324326	0.3312017374517375	0.07347972972972973	0.031242902566431977	0.007474662162162163	0.00012065637065637066	0.00024131274131274132	0.5294117647058824	0.6	0.38163610038610035	0.6806225868725868	3.5528652138583965	0.2814629713761171	0.7803580925367843	0.21964190746321577	17	20
CCHMC:1893_Af_N1c		0.8558439212380321	0.044378876377431195	0.7065695188775818	0.015535617510688264	0.05034376007282542	0.0022189438188715597	0.0007828024327090986	6.021557174685374e-05	0.7647058823529411	0.55	0.8114650448606009	0.9002227976154633	19.284938941220812	0.0518539365369126	0.9507023411371237	0.049297658862876244	17	20
CCHMC:1906_Aft82_P36M		0.8256880733944953	0.07873476653430096	0.5426537039572779	0.026016705463508146	0.048569886670264434	0.003936738326715048	0.005614131178967548	0.00027386005751061206	0.8823529411764706	0.75	0.7469533068601943	0.9044228399287964	10.486956521605936	0.09535655058031568	0.9129447388342165	0.08705526116578349	17	20
CCHMC:2140_E_N1c		0.25632325724861194	0.5957742134484886	0.23318938926588526	0.3187847008019741	0.015077838661683055	0.029788710672424428	0.00015422578655151142	0.002390499691548427	0.6470588235294118	0.7	-0.33945095619987664	0.8520974706971005	0.4302355682105126	2.324308062566143	0.300814479638009	0.699185520361991	17	20
CCHMC:2270_Aft36_P71F		0.5399188092016239	0.1612539467749211	0.14557961208840775	0.05638249887235002	0.031759929953036704	0.008062697338746056	0.012178619756427604	0.0029882724402345512	0.8823529411764706	0.9	0.37866486242670283	0.701172755976545	3.348251748230984	0.2986633249785613	0.7700225152782245	0.2299774847217755	17	20
CCHMC:2660_Ast82_38M		0.6034887129873938	0.198182351216652	0.2591615362063911	0.06596306068601583	0.03549933605808199	0.009909117560832601	0.007475813544415127	0.003298153034300792	0.9411764705882353	0.85	0.4053063617707418	0.8016710642040459	3.0451183431799014	0.3283944619863395	0.7527884439568476	0.24721155604315226	17	20
CCHMC:2698_EInv16_P47M		0.5979214030529392	0.3002056944895529	0.44992963083252135	0.16509689293060517	0.03517184723840819	0.015010284724477647	0.0021652051531882645	0.002544116054996211	0.9411764705882353	0.8	0.29771570856338625	0.8981270975424921	1.9917057338556081	0.502082201701134	0.6657425265188042	0.33425747348119583	17	20
CCHMC:2853_Aft36_P71F		0.44339622641509435	0.17376338602753694	0.1379398266190719	0.042070372259051504	0.026082130965593784	0.008688169301376846	0.015425803161652218	0.0037608363080061198	0.9411764705882353	0.95	0.2696328403875574	0.6171596124426313	2.55172413791635	0.391891891891008	0.7184466019417476	0.28155339805825236	17	20
CCHMC:287_AfInv_P53F_N1c		0.4917145755833615	0.4137639499492729	0.3305715251944538	0.21931011159959418	0.028924386799021266	0.020688197497463645	0.003550896178559351	0.0016909029421711193	0.8823529411764706	0.75	0.07795062563408861	0.9054785255326344	1.188393951774815	0.8414718019240108	0.5430438842203548	0.4569561157796452	17	20
CCHMC:301_AfInv16_29M		0.5997620355116237	0.24501189822441885	0.395021050704741	0.0767893099029837	0.03528011973597786	0.012250594911220943	0.0030203185063152112	0.0027457440966501922	0.9411764705882353	0.85	0.35475013728720484	0.8447739337360425	2.447889428454708	0.4085151838845623	0.7099674972914409	0.29003250270855907	17	20
CCHMC:3114_EInv_45F		0.4837582061556825	0.34035297126779773	0.2752152783698525	0.09958223207434563	0.028456365067981323	0.017017648563389887	0.005541819421945605	0.003964532355699549	1.0	0.9	0.14340523488788476	0.8241111774234802	1.4213426853665656	0.703560098694351	0.5870060004138217	0.4129939995861784	17	20
CCHMC:3410_AfST8_P64M		0.7409320201777564	0.09692529425894787	0.39454720153735284	0.026963728080711024	0.043584236481044494	0.004846264712947393	0.0006005284650492434	0.0009908719673312515	0.8823529411764706	0.85	0.6440067259188085	0.8378573144367043	7.644361833874043	0.13081536715819597	0.8843176605504587	0.11568233944954129	17	20
CCHMC:376_Af_N1c		0.48670829616413913	0.28331846565566454	0.2672613737734166	0.12604817127564674	0.028629899774361124	0.014165923282783228	0.0008920606601248885	0.000847457627118644	0.7647058823529411	0.65	0.2033898305084746	0.7700267618198037	1.7178841309763047	0.5821114369489506	0.6320667284522706	0.36793327154772937	17	20
CCHMC:4440_AfInv16_P24M		0.41139110837943044	0.3212456463839377	0.2370415898381479	0.07375537799631224	0.02419947696349591	0.016062282319196885	0.007170661749641467	0.006556033599672198	1.0	0.9	0.09014546199549273	0.7326367547633681	1.280612244893973	0.7808764940220063	0.5615212527964206	0.43847874720357943	17	20
CCHMC:4924_AfInv16_P49M		0.8065343443354146	0.12421944692239073	0.28311775200713646	0.09901873327386262	0.047443196725612626	0.006210972346119536	0.003345227475468332	5.575379125780553e-05	1.0	0.5	0.6823148974130239	0.9307537912578053	6.492818671401948	0.15401631411566696	0.8665388762429616	0.1334611237570385	17	20
CCHMC:5381v2_AfInv16_P49M		0.5032041012495995	0.3849727651393784	0.2443127202819609	0.17670618391541174	0.029600241249976438	0.01924863825696892	0.004966356936879205	0.0042454341557193204	0.9411764705882353	0.8	0.11823133611022107	0.8881768663889779	1.3071161048655187	0.7650429799411731	0.5665584415584416	0.43344155844155846	17	20
CCHMC:550_EInv16_38M		0.33102587380844306	0.5330231502496595	0.10315478892419427	0.16295960054471176	0.019472110224026062	0.026651157512482974	0.005106672719019519	0.006354970494779845	0.8823529411764706	0.9	-0.20199727644121646	0.8640490240581026	0.6210347030007511	1.6102159753122423	0.383110060415025	0.616889939584975	17	20
CCHMC:562_AfInv16_25F		0.1867249320892878	0.6852486122593597	0.1163340025983229	0.3802999881894414	0.010983819534663989	0.034262430612967985	0.0004724223455769458	0.002066847761899138	0.8235294117647058	0.8	-0.4985236801700719	0.8719735443486476	0.27249224405337696	3.669829221991731	0.2141405932547745	0.7858594067452255	17	20
CCHMC:568_AfInv16_P24M		0.4978983918128655	0.32629751461988304	0.24762426900584794	0.09347587719298246	0.02928814069487444	0.016314875730994154	0.008680555555555556	0.003929093567251462	1.0	0.8	0.17160087719298245	0.8241959064327485	1.5259031083683283	0.6553496054308732	0.6041019955654102	0.3958980044345898	17	20
CCHMC:596_E_N1c		0.6932769406996211	0.1602784386289541	0.6266631421270596	0.04520222045995242	0.04078099651174242	0.008013921931447706	0.0007049079214027668	0.0008811349017534585	0.8235294117647058	0.95	0.532998502070667	0.8535553793285752	4.325453545877355	0.23118962887612818	0.812222566326004	0.1877774336739961	17	20
CCHMC:727_EInv16_35M		0.16576039291352396	0.6779512366251536	0.04893878266970707	0.2320645500789335	0.00975061134785435	0.03389756183125768	0.004209787756533942	0.004736011226100684	0.8235294117647058	0.8	-0.5121908437116296	0.8437116295386775	0.24450194049123056	4.089947089922416	0.19646569646569645	0.8035343035343036	17	20
CCHMC:754_EInv16_47M		0.6580127448666508	0.2891196601368893	0.5876799622374321	0.12367240972386122	0.03870663205097946	0.014455983006844465	0.0018881283927307056	0.0004720320981826764	0.8235294117647058	0.65	0.36889308472976157	0.9471324050035401	2.275918367339067	0.4393830703006235	0.6947420882133067	0.30525791178669326	17	20
CCHMC:98-31_AfInv16_34F		0.17262747875354106	0.6798866855524077	0.08888101983002833	0.28293201133144474	0.01015455757373771	0.033994334277620386	0.00017705382436260624	0.0020361189801699716	0.5882352941176471	0.8	-0.5072592067988666	0.8525141643059488	0.25390624999962663	3.9384615384387227	0.20249221183800625	0.7975077881619936	17	20
CCHMC:AM72		0.2594805702011326	0.21960554579183755	0.044366334700253855	0.05311462604959969	0.015263562953007799	0.010980277289591878	0.010818199570396408	0.007029876977152899	1.0	1.0	0.03987502440929502	0.47908611599297013	1.1815756713444325	0.8463275135427951	0.5416157169642128	0.4583842830357871	17	20
CCHMC:AML-12_CCHMC		0.49245892160169624	0.45183828844022556	0.26613019804365634	0.21606514720763262	0.02896817185892331	0.022591914422011278	0.00024092902231002747	0.0014696670360911674	0.7647058823529411	0.75	0.04062063316147069	0.9442972100419218	1.089900821155741	0.917514677101855	0.5215083941419605	0.47849160585803946	17	20
CCHMC:AML-14_CCHMC		0.4544638276038995	0.4495895330938943	0.20920985120574653	0.1439199589533094	0.026733166329641147	0.022479476654694717	0.01038994356080041	0.006477680861980502	0.9411764705882353	0.75	0.0048742945100051505	0.9040533606977939	1.010841654776639	0.9892746260209674	0.5026958002270148	0.4973041997729852	17	20
CCHMC:AML-7_CCHMC		0.4076794297132365	0.29156990873251604	0.11141113571312848	0.1076848301560728	0.02398114292430803	0.014578495436625802	0.003132256845061295	0.0022681859912512823	0.8235294117647058	0.8	0.11610952098072047	0.6992493384457525	1.3982218929383425	0.7151940654373766	0.583024405313562	0.416975594686438	17	20
CCHMC:BF21		0.26211471563789335	0.28254186554485883	0.05339373837068198	0.07183884798964485	0.015418512684581961	0.01412709327724294	0.010638297872340425	0.01043604886336057	1.0	1.0	-0.02042714990696548	0.5446565811827522	0.9277022190375183	1.07793209876132	0.48124767916821387	0.5187523208317861	17	20
CCHMC:BF32		0.3554231398018528	0.14792249211610103	0.08031303322404566	0.01959137729258422	0.02090724351775605	0.0073961246058050515	0.015821399537239697	0.006409855543743355	1.0	1.0	0.20750064768575177	0.5033456319179539	2.402766034528991	0.41618700515152485	0.7061214347833803	0.29387856521661965	17	20
CCHMC:BF71		0.27182713881572534	0.27850941371573507	0.06038435274607355	0.10559945371183299	0.01598983169504267	0.013925470685786753	0.007901668129938543	0.0021705199492732417	1.0	1.0	-0.0066822749000097215	0.5503365525314604	0.9760070052504363	1.024582809972904	0.493928919613578	0.506071080386422	17	20
CCHMC:BM27		0.28643279265685906	0.24586110063288488	0.04597845676683851	0.05494781843329561	0.01684898780334465	0.012293055031644243	0.015172471604006874	0.008801710046523324	1.0	1.0	0.040571692023974176	0.532293893289744	1.1650187521261854	0.8583552824084755	0.5381102362204724	0.46188976377952756	17	20
CCHMC:BM32		0.3108561608044869	0.20131913559459802	0.06376209110860806	0.030934658662052788	0.018285656517910996	0.010065956779729901	0.012111429798994391	0.008238791411684104	1.0	1.0	0.1095370252098889	0.5121752963990849	1.544096441129782	0.6476279417237291	0.6069331398644207	0.3930668601355794	17	20
CCHMC:WF26		0.31834951868029343	0.23451083499427508	0.046859759976252066	0.03392561808235444	0.018726442275311377	0.011725541749713754	0.016623552860353673	0.010220092447309273	1.0	1.0	0.08383868368601835	0.5528603536745685	1.357504520789871	0.7366457972535807	0.5758226585870981	0.42417734141290175	17	20
CCHMC:WF32		0.3538363354276472	0.16840703777467236	0.054257765649585725	0.02245793950330652	0.020813902083979246	0.008420351888733617	0.015712855272279135	0.007801410635886489	1.0	1.0	0.18542929765297483	0.5222433732023195	2.1010780790466552	0.4759461392529385	0.6775314988833173	0.3224685011166828	17	20
CCHMC:WF83		0.20334459318570416	0.35606155385962723	0.028358146711706077	0.08073731181450436	0.011961446657982598	0.01780307769298136	0.008382334542724884	0.010738562909212226	1.0	1.0	-0.15271696067392307	0.5594061470453314	0.5710939330037837	1.751025430672275	0.36350082003876544	0.6364991799612345	17	20
CCHMC:WM22		0.3799139788994193	0.17047048083348235	0.06138179627869331	0.02735922750416459	0.02234788111173055	0.008523524041674117	0.018371245988348564	0.006884511496145992	1.0	1.0	0.20944349806593696	0.5503844597329016	2.2286203279281844	0.44870810315238496	0.6902701778385774	0.30972982216142275	17	20
CCHMC:WM34		0.30255560576392027	0.18652407491088013	0.0596475372797108	0.03609981422905056	0.01779738857434825	0.009326203745544007	0.015062509414068384	0.00670281668926043	1.0	1.0	0.11603153085304013	0.4890796806748004	1.622072678322394	0.6164951875187058	0.6186223180371625	0.38137768196283744	17	20
CCHMC:WM72		0.3656070533042142	0.16080239424088005	0.09900509585052172	0.058157405160559734	0.02150629725318907	0.008040119712044002	0.01019170104343606	0.003720779746016339	1.0	1.0	0.20480465906333417	0.5264094475450942	2.2736418510925005	0.4398230088483545	0.6945298094652735	0.3054701905347265	17	20
Colorado:AML-01		0.7515142337976983	0.08600847970926712	0.25802543912780135	0.023622047244094488	0.04420671963515872	0.004300423985463356	0.008479709267110842	0.0020442156268927923	0.8235294117647058	0.75	0.6655057540884313	0.8375227135069654	8.737676056236436	0.11444690711248122	0.897306092930754	0.10269390706924608	17	20
Colorado:AML-02		0.6557229592984035	0.11389700921969867	0.25174274791994605	0.042163256127726555	0.03857193878225903	0.005694850460984934	0.00404767258826175	0.0010119181470654374	0.7647058823529411	0.65	0.5418259500787048	0.7696199685181022	5.757156959475614	0.17369684499287638	0.852008765522279	0.14799123447772095	17	20
Colorado:AML-03		0.8902915539525098	0.015930267508265705	0.3292756236850015	0.007063420498948001	0.05237009140897116	0.0007965133754132853	0.0015028554253080854	7.514277126540426e-05	0.8235294117647058	0.5	0.874361286444244	0.9062218214607756	55.88679244932198	0.017893315327461332	0.9824212271973466	0.017578772802653398	17	20
Colorado:AML-04		0.8007886665693005	0.0674748064845918	0.3147363808967431	0.02015481232656638	0.04710521568054709	0.00337374032422959	0.002774937929020009	0.001898641740908427	0.8823529411764706	0.75	0.7333138600847087	0.8682634730538923	11.86796536778948	0.08426044136411145	0.9222876366694701	0.07771236333052986	17	20
Colorado:AML-05		0.0	0.0	0.0	0.0	0.0	0.0	0.0	0.0	0.0	0.0	0.0	0.0	0.0	0.0	0.0	0.0	17	20
Colorado:AML-06		0.0	0.0	0.0	0.0	0.0	0.0	0.0	0.0	0.0	0.0	0.0	0.0	0.0	0.0	0.0	0.0	17	20
Colorado:AML-07		0.42539169360855505	0.2509326038298931	0.15369311116637652	0.0875404128326287	0.02502304080050324	0.012546630191494653	0.0013678189505098234	0.0018652076597861229	0.8235294117647058	0.9	0.17445908977866198	0.6763242974384481	1.6952428146612322	0.5898859982447403	0.6289759146902004	0.37102408530979963	17	20
Colorado:AML-08		0.2593054041426569	0.2932565021024762	0.09609095156517676	0.08082853138140476	0.015253259067215112	0.014662825105123812	0.0026475626849400405	0.0024918237034729793	0.8235294117647058	0.75	-0.03395109795981932	0.5525619062451331	0.884227296863687	1.1309309309265696	0.4692784667418264	0.5307215332581736	17	20
Colorado:AML-09		0.6532633158289571	0.2063015753938485	0.2423105776444111	0.13188297074268568	0.038427253872291595	0.010315078769692424	0.0049512378094523635	0.002250562640660165	0.7647058823529411	0.75	0.4469617404351086	0.8595648912228057	3.1665454545301044	0.31580156178178587	0.7599930179787048	0.24000698202129522	17	20
Colorado:AML-10		0.5430757193775537	0.2834912631487438	0.12970529427105973	0.17195514213683388	0.03194563055162081	0.01417456315743719	0.010953664261497001	0.004129357558897679	0.9411764705882353	0.8	0.25958445622880993	0.8265669825262976	1.915670039858315	0.5220105650702729	0.6570256625999158	0.3429743374000841	17	20
Colorado:AML-11		0.0	0.0	0.0	0.0	0.0	0.0	0.0	0.0	0.0	0.0	0.0	0.0	0.0	0.0	0.0	0.0	17	20
Colorado:AML-12		0.7971278317152104	0.1357200647249191	0.3644822006472492	0.052588996763754045	0.046889872453835905	0.006786003236245955	0.0014158576051779936	0.0001011326860841424	0.7647058823529411	0.5	0.6614077669902914	0.9328478964401294	5.873323397870286	0.17026135498583056	0.8545099739809194	0.14549002601908068	17	20
Colorado:AML-13		0.6512526652452028	0.31076759061833686	0.34874733475479747	0.15591684434968017	0.03830898030854134	0.015538379530916843	0.00013326226012793177	0.0007995735607675906	0.6470588235294118	0.7	0.3404850746268659	0.9620202558635396	2.095626072034424	0.47718436668639624	0.676963568361269	0.3230364316387311	17	20
Colorado:AML-14		0.5018739751698291	0.4041930194424924	0.14113375497774655	0.14593581635043334	0.02952199853940171	0.02020965097212462	0.013937690325603186	0.007554462403373156	0.8823529411764706	0.75	0.0976809557273367	0.9060669946123215	1.2416690814226021	0.8053675612586052	0.5539038262668046	0.44609617373319543	17	20
Colorado:AML-15		0.0	0.0	0.0	0.0	0.0	0.0	0.0	0.0	0.0	0.0	0.0	0.0	0.0	0.0	0.0	0.0	17	20
Colorado:AML-16		0.04370594159113796	0.7860020140986909	0.03796576032225579	0.33846928499496476	0.0025709377406551745	0.039300100704934546	0.0	0.005589123867069487	0.47058823529411764	0.8	-0.7422960725075529	0.8297079556898288	0.05560538116584853	17.983870967330464	0.05267629566694987	0.9473237043330501	17	20
Colorado:AML-17		0.055567854770865614	0.7531547487270313	0.025902147442993136	0.32543723710427275	0.0032686973394626833	0.03765773743635156	0.00044277175116227583	0.0015497011290679654	0.7058823529411765	0.65	-0.6975868939561657	0.8087226034978968	0.07378012933558692	13.553784860313858	0.06871064878182316	0.9312893512181769	17	20
Colorado:AML-18		0.021986353297952996	0.8411675511751328	0.01882739449077584	0.33927217589082637	0.001293314899879588	0.04205837755875664	0.00012635835228708617	0.004548900682335102	0.5294117647058824	0.75	-0.8191811978771798	0.8631539044730857	0.026137899954903582	38.25862068791507	0.025472112428634168	0.9745278875713659	17	20
Colorado:AML-19		0.11512818104986385	0.8351957930322096	0.05606160202835947	0.5991172880082637	0.006772245944109638	0.04175978965161048	0.000187811062071556	0.005587379096628792	0.5882352941176471	0.8	-0.7200676119823457	0.9503239740820735	0.13784573870008232	7.254486133705339	0.12114624505928855	0.8788537549407114	17	20
Colorado:AML-20		0.10154826958105646	0.8035063752276868	0.08788706739526411	0.3492714025500911	0.005973427622415086	0.04017531876138434	0.0	0.007855191256830601	0.47058823529411764	0.75	-0.7019581056466303	0.9050546448087432	0.12638141116447857	7.9125560537337405	0.1122012578616352	0.8877987421383648	17	20
Colorado:AML-21		0.8696016269888744	0.06807034334250507	0.2848426845316425	0.024883359253499222	0.0511530368816985	0.0034035171671252537	0.0029907883718148106	0.0006579734417992583	0.9411764705882353	0.65	0.8015312836463694	0.9376719703313795	12.775043936543437	0.07827761727876537	0.9274049502424088	0.07259504975759119	17	20
Colorado:AML-22		0.7815342371717865	0.037068817573365366	0.37652308220353525	0.013900806590012013	0.04597260218657567	0.0018534408786682684	0.0010296893770379268	0.0	0.6470588235294118	0.4	0.7444654195984212	0.8186030547451518	21.08333333276457	0.047430830039465	0.9547169811320755	0.04528301886792453	17	20
Colorado:AML-23		0.11921313415175269	0.6089335897056648	0.04984469752995119	0.12335453335305428	0.007012537303044276	0.03044667948528324	0.00044372134299659814	0.012498151161070847	0.6470588235294118	0.75	-0.4897204555539121	0.7281467238574175	0.19577362156878222	5.107940446607277	0.16372130814543975	0.8362786918545602	17	20
Colorado:AML-24		0.018256833419288295	0.9095410005157297	0.005673027333677153	0.23063434760185664	0.0010739313776051938	0.04547705002578649	0.0005157297576070139	0.012016503352243425	0.7647058823529411	1.0	-0.8912841670964414	0.927797833935018	0.020072578816035996	49.819209036819224	0.019677598665925517	0.9803224013340744	17	20
Colorado:Pt-12_Dx		0.3752193752193752	0.5598455598455598	0.184977184977185	0.3127413127413127	0.022071727954080893	0.027992277992277992	0.0	0.005089505089505089	0.47058823529411764	0.7	-0.18462618462618463	0.935064935064935	0.6702194357354799	1.492048643588166	0.40127627627627627	0.5987237237237237	17	20
Colorado:Pt-12_Rl		0.07100149476831091	0.5426008968609866	0.05941704035874439	0.14499252615844543	0.004176558515782995	0.027130044843049327	0.0	0.011584454409566517	0.29411764705882354	0.85	-0.47159940209267565	0.6136023916292974	0.13085399449011698	7.6421052630502615	0.11571254567600488	0.8842874543239952	17	20
Colorado:Pt-16_Dx		0.5648525237566333	0.28779464395902743	0.38973219795137604	0.10761446377884734	0.03322661904450784	0.014389732197951371	0.0033320992225101815	0.0032086881401949896	0.5882352941176471	0.75	0.2770578797976059	0.8526471677156607	1.9626929674031295	0.5095040419479727	0.6624692430163556	0.3375307569836445	17	20
Colorado:Pt-20_Dx		0.45520262869660466	0.3778751369112815	0.22015334063526834	0.14129244249726178	0.026776625217447333	0.018893756845564075	0.0028477546549835705	0.001095290251916758	0.8235294117647058	0.65	0.07732749178532317	0.8330777656078862	1.2046376811562325	0.8301251203061647	0.5464107283723376	0.4535892716276623	17	20
Colorado:Pt-69_Dx		0.044689317416590144	0.750994796449342	0.015457606366697275	0.29078665442301804	0.002628783377446479	0.0375497398224671	0.00030609121518212427	0.01071319253137435	0.6470588235294118	0.75	-0.7063054790327519	0.7956841138659321	0.0595068269817834	16.80479452017191	0.056164647047509134	0.9438353529524909	17	20
Colorado:Pt-69_Rl		0.018214215006929324	0.7865769154622847	0.014452583646802613	0.2231241338348842	0.0010714244121723133	0.039328845773114234	0.0	0.008909126905563254	0.35294117647058826	0.85	-0.7683627004553554	0.804791130469214	0.023156305059119822	43.18478260632471	0.022632226322263225	0.9773677736777368	17	20
Colorado:Pt-89_Dx		0.6290977208866688	0.09881361223852637	0.33499843896347176	0.03293787074617546	0.03700574828745111	0.004940680611926319	0.005151420543240711	0.0007805182641273806	0.9411764705882353	0.75	0.5302841086481425	0.7279113331251952	6.366508688719142	0.15707196029751705	0.8642504825219816	0.13574951747801842	17	20
Columbia:AML1		0.3809887700179414	0.44112565618978006	0.16522692537710146	0.20277094823576317	0.022411104118702434	0.022056282809489004	0.005880789421224002	0.0006977207787892882	0.9411764705882353	0.85	-0.060136886171838655	0.8221144262077215	0.8636740227441444	1.1578442487106613	0.46342547688328484	0.5365745231167152	17	20
Columbia:AML10		0.1616057642820381	0.6273803396809059	0.03510036026762738	0.20524961399897065	0.009506221428355182	0.031369016984045296	0.004837879567678847	0.008183221821924859	1.0	0.9	-0.4657745753988678	0.788986103962944	0.2575881870381456	3.8821656050715188	0.20482713633398564	0.7951728636660144	17	20
Columbia:AML11		0.8855999332944217	0.06178604185775035	0.3851413324439256	0.010589510547819562	0.052094113723201274	0.0030893020928875175	0.0033352789126990744	0.0028349870757942135	0.8235294117647058	0.85	0.8238138914366713	0.947385975152172	14.33333333310135	0.06976744186038634	0.9347826086956521	0.06521739130434782	17	20
Columbia:AML12		0.8903660220994476	0.04100483425414365	0.5926277624309392	0.009409530386740332	0.0523744718882028	0.0020502417127071823	0.0026761049723756907	0.0009927486187845305	0.7647058823529411	0.75	0.8493611878453039	0.9313708563535913	21.713684209996778	0.046053907310400086	0.9559736768931318	0.044026323106868104	17	20
Columbia:AML13		0.5115014164305949	0.308441926345609	0.21767705382436262	0.1301983002832861	0.030088318613564403	0.015422096317280452	0.002152974504249292	0.0005665722379603399	0.8235294117647058	0.75	0.20305949008498586	0.819943342776204	1.6583394562767693	0.6030128489133093	0.6238253178551686	0.37617468214483135	17	20
Columbia:AML14		0.9109749303621169	0.015598885793871867	0.5376044568245125	0.0060167130919220055	0.05358676060953629	0.0007799442896935934	0.0006685236768802228	0.00011142061281337047	0.8235294117647058	0.55	0.8953760445682449	0.9265738161559888	58.39999999625613	0.017123287671214085	0.9831649831649831	0.016835016835016838	17	20
Columbia:AML2		0.19887591872027668	0.43767113416918857	0.1529038766392852	0.22150165729932267	0.011698583454133923	0.02188355670845943	0.002017581784118749	0.000216169476869866	0.8235294117647058	0.6	-0.23879521544891189	0.6365470528894652	0.4543957853134169	2.2007246376700933	0.3124292506225946	0.6875707493774055	17	20
Columbia:AML3		0.30491533396048914	0.5144637817497647	0.13393697083725306	0.1360536218250235	0.01793619611532289	0.025723189087488236	0.004115710253998118	0.0026458137347130763	0.9411764705882353	0.7	-0.20954844778927556	0.8193791157102539	0.5926857142845623	1.687234863087409	0.3721297359357061	0.6278702640642938	17	20
Columbia:AML4		0.25743686794015025	0.6783961204092495	0.1101188716068366	0.1453663729374889	0.015143345172950014	0.033919806020462476	0.0017742030871133717	0.007096812348453486	0.9411764705882353	0.95	-0.4209592524690992	0.9358329883493997	0.37947868537996554	2.635194118988155	0.27508847320525787	0.7249115267947421	17	20
Columbia:AML5		0.8522306020708168	0.03310750351527547	0.45954237504793555	0.006902722740636584	0.05013121188651864	0.0016553751757637735	0.0008947973923047424	0.00019174229835101626	0.8235294117647058	0.7	0.8191230985555413	0.8853381055860923	25.741312740535232	0.03884805759707456	0.962604678024834	0.03739532197516604	17	20
Columbia:AML6		0.6174708637403333	0.23559525106197582	0.3297026467705043	0.05925280470536978	0.036321815514137254	0.011779762553098792	0.0022873325345822895	0.004574665069164579	0.8823529411764706	0.95	0.3818756126783575	0.8530661148023091	2.620896902439176	0.38154877403360327	0.7238253319713994	0.27617466802860063	17	20
Columbia:AML7		0.0030571992110453652	0.9630177514792901	0.0019723865877712033	0.27120315581854043	0.0001798352477085509	0.048150887573964504	0.0	0.0003944773175542406	0.17647058823529413	0.7	-0.9599605522682447	0.9660749506903356	0.0031746031745998778	314.99999989696454	0.003164556962025316	0.9968354430379747	17	20
Columbia:AML9		0.0883570070461917	0.7482384520747121	0.03332960518957611	0.25030757185997093	0.005197471002717159	0.0374119226037356	0.0026842635052007607	0.013309473213287105	0.8823529411764706	0.95	-0.6598814450285204	0.8365954591209037	0.11808669656187507	8.468354430283904	0.10561497326203209	0.8943850267379679	17	20
Columbia:BM_control		0.4717792510302813	0.05052857910768679	0.07686794481275758	0.01899301200501702	0.027751720648840076	0.002526428955384339	0.0200680881562444	0.0004479483963447411	1.0	0.55	0.4212506719225945	0.5223078301379681	9.33687943243933	0.10710216483076425	0.9032590051457976	0.09674099485420239	17	20
EBI:Donor 1		0.04520654715510523	0.5003897116134061	0.004676539360872954	0.151987529228371	0.0026592086561826604	0.025019485580670305	0.003117692907248636	0.012860483242400623	0.9411764705882353	0.9	-0.4551831644583008	0.5455962587685113	0.09034267912754533	11.068965516996524	0.08285714285714288	0.9171428571428571	17	20
EBI:Donor 10		0.04548267326732673	0.41120049504950495	0.007116336633663367	0.15996287128712872	0.002675451368666278	0.02056002475247525	0.0027846534653465345	0.005724009900990099	0.8823529411764706	1.0	-0.3657178217821782	0.4566831683168317	0.1106094808123721	9.040816326331838	0.09959349593495934	0.9004065040650406	17	20
EBI:Donor 2		0.07481853713009493	0.4807370184254606	0.012283640424343942	0.09045226130653267	0.004401090419417349	0.024036850921273032	0.003908431044109436	0.011446119486320492	0.9411764705882353	0.95	-0.4059184812953657	0.5555555555555556	0.15563298490095387	6.425373134242478	0.13467336683417086	0.8653266331658291	17	20
EBI:Donor 3		0.04418742586002372	0.44869513641755643	0.009193357058125741	0.0771055753262159	0.002599260344707278	0.02243475682087782	0.0017793594306049821	0.008155397390272835	1.0	0.95	-0.4045077105575327	0.49288256227758015	0.09847984137453265	10.154362415877584	0.08965102286401923	0.9103489771359807	17	20
EBI:Donor 4		0.03784013605442177	0.5633503401360543	0.006802721088435374	0.24489795918367346	0.002225890356142457	0.028167517006802718	0.0012755102040816326	0.00701530612244898	0.9411764705882353	0.85	-0.5255102040816326	0.601190476190476	0.0671698113206355	14.887640449044765	0.06294200848656295	0.9370579915134372	17	20
EBI:Donor 5		0.09999999999999999	0.36279069767441857	0.015116279069767442	0.0436046511627907	0.0058823529411764705	0.01813953488372093	0.004651162790697674	0.015988372093023256	0.9411764705882353	1.0	-0.2627906976744186	0.46279069767441855	0.2756410256402659	3.627906976707907	0.21608040201005027	0.7839195979899498	17	20
EBI:Donor 6		0.04112903225806451	0.48306451612903223	0.008870967741935484	0.09516129032258064	0.002419354838709677	0.02415322580645161	0.0016129032258064516	0.010483870967741934	0.9411764705882353	0.85	-0.4419354838709677	0.5241935483870968	0.085141903171777	11.74509803893012	0.07846153846153846	0.9215384615384615	17	20
EBI:Donor 7		0.02356146818400385	0.2835390286904953	0.0040070524122455525	0.10674787626222151	0.0013859687167061087	0.014176951434524765	0.0016028209648982208	0.001843244109632954	0.8823529411764706	1.0	-0.25997756050649146	0.30710049687449914	0.0830977953643197	12.034013604931427	0.0767223382045929	0.9232776617954072	17	20
EBI:Donor 8		0.03300699300699301	0.4128671328671329	0.006713286713286713	0.10545454545454545	0.0019415878239407653	0.020643356643356644	0.0013986013986013986	0.004195804195804196	1.0	1.0	-0.3798601398601399	0.4458741258741259	0.07994579945780095	12.508474575892222	0.0740276035131744	0.9259723964868256	17	20
EBI:Donor 9		0.02423698384201077	0.45242369838420116	0.004189108318372232	0.14602034709754638	0.0014257049318829864	0.022621184919210058	0.0011968880909634949	0.004039497307001795	1.0	0.95	-0.42818671454219037	0.47666068222621194	0.05357142857131015	18.6666666658965	0.050847457627118633	0.9491525423728814	17	20
EBI:P01__Diagnosis		0.6834769851457914	0.0843572345497891	0.23253255088941868	0.034293049697414264	0.04020452853798773	0.004217861727489456	0.007518796992481203	0.0012836970474967907	0.9411764705882353	0.85	0.5991197505960022	0.7678342196955805	8.102173912947432	0.12342366514604962	0.890136135657989	0.10986386434201097	17	20
EBI:P01__Relapse		0.7112666485458006	0.05096493612394673	0.5091057352541452	0.02962761620005436	0.04183921462034121	0.0025482468061973364	0.0019026909486273443	0.0003737428649089427	0.8823529411764706	0.75	0.6603017124218539	0.7622315846697473	13.955999999726165	0.07165376898814804	0.933137202460551	0.06686279753944906	17	20
EBI:P02__Diagnosis		0.842930654251409	0.034550355305072285	0.5665278118108307	0.022298456260720412	0.049584156132435823	0.0017275177652536142	0.005268316589071306	0.0006125949522175938	0.8235294117647058	0.8	0.8083802989463367	0.8774810095564813	24.397163119861247	0.04098837209297463	0.9606255235967607	0.039374476403239315	17	20
EBI:P02__Relapse		0.028742762613730353	0.8498759305210919	0.009925558312655087	0.33105872622001653	0.0016907507419841384	0.042493796526054596	0.0008271298593879239	0.005272952853598015	0.7647058823529411	1.0	-0.8211331679073616	0.8786186931348222	0.033819951338159716	29.56834532271229	0.03271357966580371	0.9672864203341963	17	20
EBI:P03__Diagnosis		0.07303519449589839	0.5054247155332098	0.015612595924847844	0.24715533209843873	0.004296187911523435	0.02527123577666049	0.0029108229690394285	0.001984652024345065	1.0	0.9	-0.4323895210373114	0.5784599100291081	0.14450261780076126	6.920289854977709	0.12625800548947852	0.8737419945105216	17	20
EBI:P03__Relapse		0.8757557794902193	0.01707172495554238	0.585180794309425	0.004979253112033195	0.05151504585236584	0.0008535862477771191	0.006401896858328393	0.0002963841138114997	0.8235294117647058	0.95	0.8586840545346769	0.8928275044457618	51.29861110810623	0.019493705157687228	0.9808790333289071	0.019120966671092813	17	20
EBI:P04__Diagnosis		0.3392444101773323	0.4263685427910563	0.2810331534309946	0.09791827293754819	0.019955553539843077	0.021318427139552815	0.0015420200462606013	0.007710100231303007	0.7647058823529411	0.9	-0.08712413261372398	0.7656129529683886	0.7956600361644992	1.2568181818144772	0.4431017119838872	0.5568982880161127	17	20
EBI:P04__Relapse		0.9045848822800495	0.013249451911161949	0.4375178724621104	0.006767705652464017	0.05321087542823821	0.0006624725955580974	0.008578781812982557	0.0001429796968830426	0.9411764705882353	0.75	0.8913354303688875	0.9178343341912115	68.2733812898111	0.01464699683876147	0.9855644407518953	0.014435559248104683	17	20
EBI:P05__Diagnosis		0.17746615087040618	0.6426499032882012	0.041586073500967116	0.5454545454545454	0.01043918534531801	0.03213249516441006	0.004352030947775629	0.0024177949709864605	0.7647058823529411	0.65	-0.46518375241779497	0.8201160541586073	0.2761474793073205	3.6212534059741452	0.21639150943396226	0.7836084905660378	17	20
EBI:P05__Relapse		0.7231540260608085	0.003742064817908453	0.1889074507183428	0.0014700968927497495	0.042538472121224025	0.00018710324089542266	0.0025392582692950216	3.341129301703976e-05	0.8823529411764706	0.5	0.7194119612429	0.726896090878717	193.24999994835736	0.005174644243201124	0.9948519948519948	0.005148005148005148	17	20
EBI:P06__Diagnosis		0.28169014084507044	0.508362676056338	0.22403169014084506	0.14414612676056338	0.016570008285004142	0.0254181338028169	0.0	0.0006602112676056338	0.47058823529411764	0.7	-0.22667253521126757	0.7900528169014085	0.5541125541114642	1.8046874999935933	0.3565459610027855	0.6434540389972144	17	20
EBI:P06__Relapse		0.053474320241691846	0.2847432024169184	0.020090634441087614	0.1027190332326284	0.003145548249511285	0.01423716012084592	0.0009063444108761329	0.0006042296072507553	0.8235294117647058	0.75	-0.23126888217522656	0.33821752265861027	0.18779840848740414	5.324858756962569	0.15810629745422064	0.8418937025457793	17	20
EBI:P07__Diagnosis		0.031609796943688505	0.8354615867699393	0.009420138162026376	0.2932803014444212	0.0018593998202169708	0.041773079338496964	0.0008373456144023446	0.013292861628637222	0.7058823529411765	1.0	-0.8038517898262508	0.8670713837136278	0.03783512904029548	26.430463575322797	0.036455818445195555	0.9635441815548045	17	20
EBI:P07__Relapse		0.29730972637387904	0.3833065072430444	0.10117268337548861	0.0728903196137043	0.01748880743375759	0.01916532536215222	0.009887330420786388	0.010117268337548863	0.8823529411764706	1.0	-0.08599678086916535	0.6806162336169235	0.7756448710237712	1.2892498066468625	0.4368243243243243	0.5631756756756756	17	20
EBI:P08__Diagnosis		0.4558755008852856	0.4095610847078557	0.16140154692013792	0.15935141179759574	0.026816205934428565	0.020478054235392784	0.009039232131208648	0.009365389991613085	0.8823529411764706	1.0	0.04631441617742993	0.8654365855931413	1.1130830489165089	0.8984055600961486	0.5267578335307419	0.4732421664692581	17	20
EBI:P08__Relapse		0.09838875557079192	0.8347617415152554	0.06444977716832362	0.7562564278368187	0.005787573857105407	0.04173808707576277	0.0010284538909838875	0.0013712718546451835	0.8235294117647058	0.8	-0.7363729859444634	0.9331504970860474	0.11786447638589578	8.484320557405056	0.10543717854518737	0.8945628214548126	17	20
EBI:P09__Diagnosis		0.6508035900647047	0.08745564600292215	0.3754957211438113	0.03318722604884158	0.038282564121453214	0.004372782300146107	0.0004174493842621582	0.0016697975370486328	0.6470588235294118	0.8	0.5633479440617826	0.7382592360676268	7.441527446215627	0.1343810134699667	0.8815380265761946	0.11846197342380549	17	20
EBI:P09__Relapse		0.7396700706991358	0.032521602513747055	0.3676355066771406	0.020267085624509035	0.043510004158772694	0.0016260801256873527	0.00015710919088766692	0.00031421838177533385	0.5882352941176471	0.8	0.7071484681853888	0.7721916732128828	22.743961351957655	0.04396771452840276	0.9578840284842319	0.04211597151576806	17	20
EBI:P10__Diagnosis		0.6873915558126085	0.039329091960670914	0.18529496818970503	0.014025448235974552	0.04043479740074168	0.0019664545980335457	0.023423944476576055	0.0002891844997108155	0.9411764705882353	0.85	0.6480624638519376	0.7267206477732794	17.477941176026185	0.05721497686150701	0.9458814166335058	0.054118583366494236	17	20
EBI:P10__Relapse		0.24071428571428571	0.19857142857142857	0.07928571428571428	0.04857142857142857	0.01415966386554622	0.009928571428571429	0.004285714285714286	0.0032142857142857142	0.7647058823529411	0.75	0.04214285714285715	0.4392857142857143	1.2122302158212335	0.8249258160203118	0.5479674796747968	0.45203252032520325	17	20
EBI:P11__Diagnosis		0.1654843940008107	0.23074584515606003	0.03607620591811917	0.07580056749087961	0.009734376117694746	0.011537292257803002	0.005877584110255371	0.002381434941224159	0.6470588235294118	0.8	-0.06526145115524934	0.3962302391568707	0.717171717168609	1.3943661971746728	0.41764705882352937	0.5823529411764706	17	20
EBI:P11__Relapse		0.0847160178685386	0.3246649649010848	0.04881940012763242	0.13273771537970644	0.004983295168737565	0.01623324824505424	0.0003190810465858328	0.002074026802807913	0.7058823529411765	0.95	-0.2399489470325462	0.4093809827696234	0.2609336609328573	3.832391713702407	0.20693686671862824	0.7930631332813718	17	20
EBI:P12__Diagnosis		0.7160845806604894	0.038726538370159186	0.33594678070800665	0.009265858873841768	0.04212262239179349	0.0019363269185079593	0.0007127583749109052	0.0	0.5882352941176471	0.4	0.6773580422903303	0.7548111190306486	18.490797545534797	0.05408095554073404	0.948693736229147	0.05130626377085301	17	20
EBI:P12__Relapse		0.6820119352088662	0.15601023017902813	0.26882637112816143	0.113384484228474	0.040118349129933305	0.007800511508951407	0.011082693947144074	0.0007104290991759022	0.7058823529411765	0.7	0.526001705029838	0.8380221653878943	4.371584699425531	0.22874999999966458	0.8138351983723295	0.18616480162767038	17	20
EBI:P13__Diagnosis		0.0876610305958132	0.576086956521739	0.016505636070853463	0.2301731078904992	0.005156531211518424	0.02880434782608695	0.004730273752012883	0.009661835748792272	0.9411764705882353	0.95	-0.4884259259259258	0.6637479871175522	0.15216631726039279	6.571756601532378	0.1320697498104625	0.8679302501895375	17	20
EBI:P13__Relapse		0.6918126029037569	0.14384074240383177	0.2818440353240533	0.036970513396198175	0.04069485899433864	0.0071920371201915885	0.012123933542882801	0.0032929202215237242	0.9411764705882353	0.9	0.5479718604999251	0.8356533453075887	4.809573361048769	0.2079186499347925	0.8278703206161562	0.1721296793838438	17	20
EBI:P14__Diagnosis		0.7962352027944887	0.03628954007374345	0.29235396856200274	0.012225887832330681	0.04683736487026404	0.0018144770036871726	0.004754511934795265	0.00024257713953037066	0.8235294117647058	0.75	0.7599456627207453	0.8325247428682321	21.94117646998362	0.04557640750664518	0.9564102564102565	0.043589743589743594	17	20
EBI:P14__Relapse		0.582552759282248	0.18801489673851712	0.27344543505247715	0.11544972350750479	0.034267809369544	0.009400744836925856	0.003724184629274348	0.0020313734341496446	0.9411764705882353	1.0	0.3945378625437309	0.7705676560207652	3.0984393757338196	0.32274312282005824	0.7560046865846514	0.2439953134153486	17	20
EBI:P15__Diagnosis		0.31106848696829514	0.3715446237165745	0.11587498589642334	0.15333408552408892	0.018298146292252654	0.018577231185828724	0.00485163037346271	0.008462146000225657	0.9411764705882353	0.95	-0.06047613674827934	0.6826131106848696	0.837230488913629	1.1944142183494428	0.455702479338843	0.544297520661157	17	20
EBI:P15__Relapse		0.09407786352206712	0.740743952137345	0.024191450619960114	0.12711350039018468	0.005533991971886302	0.03703719760686725	0.0022544004161969998	0.015087141246856846	0.8235294117647058	0.9	-0.6466660886152779	0.8348218156594122	0.1270045651408797	7.873732718810314	0.11269214790195264	0.8873078520980473	17	20
EBI:P16__Diagnosis		0.3443682664054848	0.3020568070519099	0.12517140058765916	0.18334965719882468	0.02025695684738146	0.015102840352595496	0.008227228207639568	0.0031341821743388833	0.8235294117647058	0.85	0.04231145935357489	0.6464250734573946	1.1400778210078988	0.8771331057995009	0.5327272727272727	0.46727272727272734	17	20
EBI:P16__Relapse		0.4052406278375924	0.23842262290828903	0.09962381631858866	0.14411726553379167	0.023837683990446612	0.011921131145414451	0.0010377480866519651	0.00012971851083149564	0.7647058823529411	0.5	0.16681800492930338	0.6436632507458815	1.6996735582083224	0.5883482714454112	0.6295848448206368	0.37041515517936313	17	20
EBI:P17__Diagnosis		0.0907258064516129	0.5649193548387097	0.03225806451612903	0.20443548387096774	0.005336812144212524	0.028245967741935486	0.0016129032258064516	0.0032258064516129032	0.7647058823529411	0.75	-0.4741935483870968	0.6556451612903226	0.1605995717341911	6.226666666598034	0.13837638376383765	0.8616236162361623	17	20
EBI:P17__Relapse		0.005691399662731872	0.9422428330522766	0.003372681281618887	0.4675379426644182	0.00033478821545481597	0.047112141652613834	0.00021079258010118043	0.002529510961214165	0.5882352941176471	0.9	-0.9365514333895447	0.9479342327150085	0.006040268456369428	165.55555552646683	0.00600400266844563	0.9939959973315543	17	20
EBI:P18__Diagnosis		0.6388577827547592	0.09630459126539753	0.10526315789473684	0.02127659574468085	0.03757986957380937	0.004815229563269877	0.01959686450167973	0.001539753639417693	0.9411764705882353	0.85	0.5425531914893618	0.7351623740201567	6.633720930163675	0.15074496056067552	0.8690022848438691	0.130997715156131	17	20
EBI:P18__Relapse		0.15164676076728195	0.30456026058631924	0.06514657980456026	0.26492942453854507	0.008920397692193056	0.015228013029315961	0.0005428881650380022	9.048136083966703e-05	0.6470588235294118	0.5	-0.1529134998190373	0.4562070213536012	0.4979203802716866	2.0083532219437967	0.3324077746925823	0.6675922253074177	17	20
EBI:P19__Diagnosis		0.12198581560283686	0.7897872340425532	0.062127659574468086	0.19829787234042554	0.00717563621193158	0.03948936170212766	0.001702127659574468	0.010070921985815603	0.8823529411764706	0.8	-0.6678014184397164	0.9117730496453901	0.15445402298831015	6.474418604598089	0.13378967019290602	0.866210329807094	17	20
EBI:P19__Relapse		0.16411584647986813	0.3075111843654344	0.07935012950317871	0.18766187897339298	0.009653873322345184	0.01537555921827172	0.004002825523899223	0.0003531904874028726	0.8235294117647058	0.6	-0.14339533788556627	0.47162703084530255	0.5336906584974989	1.8737446197877219	0.3479780329505741	0.6520219670494258	17	20
EBI:P20__Diagnosis		0.6516644969313743	0.23451738887855683	0.30444485772735724	0.054491352055049284	0.03833320570184555	0.011725869443927842	0.01450623023991073	0.0017667844522968198	0.8823529411764706	0.9	0.41714710805281746	0.8861818858099311	2.7787470261578573	0.3598744292231921	0.7353620146904513	0.26463798530954885	17	20
EBI:P20__Relapse		0.7699919764642952	0.08638673442096817	0.44691093875367743	0.03236159400909334	0.0452936456743703	0.0043193367210484085	0.005081572612998127	0.0016047071409467772	0.8235294117647058	0.85	0.683605242043327	0.8563787108852634	8.913312693395271	0.11219173324056289	0.8991255465334166	0.10087445346658339	17	20
EBI:P21__Diagnosis		0.8083089122565076	0.05033614893983796	0.7279779348388209	0.02258231339424237	0.047547583073912214	0.002516807446991898	0.0017238407171177384	0.0005171522151353214	0.8235294117647058	0.75	0.7579727633166696	0.8586450611963455	16.058219177763174	0.06227340584338638	0.9413772334872516	0.05862276651274844	17	20
EBI:P21__Relapse		0.7247437774524158	0.06375615599627313	0.2912285372021829	0.03939837614801012	0.042631986908965636	0.0031878077998136562	0.001331026221216558	0.0004658591774257953	0.8235294117647058	0.65	0.6609876214561426	0.788499933448689	11.367432150134855	0.08797061524322114	0.9191424713031735	0.08085752869682647	17	20
EBI:P22__Diagnosis		0.48806605599277514	0.22242291317249385	0.30757321635917945	0.10785705070313507	0.028709767999575007	0.011121145658624692	0.0012901561088891757	0.0007095858598890466	0.8823529411764706	0.9	0.2656431428202813	0.7104889691652689	2.194315545233754	0.45572297118595495	0.6869438895950609	0.3130561104049392	17	20
EBI:P22__Relapse		0.5111324903793293	0.25577240241891147	0.20615722924683894	0.16231445849367784	0.030066617081137018	0.012788620120945574	0.002061572292468389	0.0014431006047278725	0.9411764705882353	0.95	0.2553600879604178	0.7669048927982407	1.9983879634526922	0.5004033342286526	0.6664874551971327	0.3335125448028674	17	20
EBI:P23__Diagnosis		0.7520549487670307	0.04672897196261683	0.24895845062492963	0.010246593852043689	0.04423852639806063	0.0023364485981308414	0.006080396351762189	0.0009570994257403446	0.8823529411764706	0.95	0.7053259768044139	0.7987839207296475	16.093975903270046	0.06213505015712655	0.9414998590358049	0.058500140964195105	17	20
EBI:P23__Relapse		0.7659863945578231	0.03129251700680272	0.39081632653061227	0.017687074829931974	0.04505802320928371	0.0015646258503401358	0.004081632653061225	0.0005952380952380953	0.9411764705882353	0.8	0.7346938775510204	0.7972789115646258	24.478260868782982	0.04085257548840137	0.9607508532423209	0.039249146757679175	17	20
EBI:P24__Diagnosis		0.759020336759239	0.0588235294117647	0.3339164662147387	0.016400612289525475	0.04464825510348464	0.002941176470588235	0.0037174721189591076	0.0010933741526350316	0.8235294117647058	0.7	0.7001968073474742	0.8178438661710037	12.903345724687707	0.07749927974636865	0.9280748663101605	0.07192513368983956	17	20
EBI:P24__Relapse		0.8551970163774931	0.038106048321712334	0.6208853575482406	0.014593805740230259	0.05030570684573489	0.0019053024160856167	0.0017836873682503648	0.0	0.7058823529411765	0.4	0.8170909680557807	0.8933030646992055	22.442553190900416	0.04455821008716822	0.9573425304047921	0.04265746959520783	17	20
EBI:P25__Diagnosis		0.6903553299492386	0.19481410344354508	0.2092193716559199	0.04746878858553986	0.04060913705583757	0.009740705172177254	0.021402112772671147	0.0059678968308409935	0.8823529411764706	0.9	0.49554122650569354	0.8851694333927838	3.543661971812796	0.28219395866413816	0.7799132052076875	0.22008679479231244	17	20
EBI:P25__Relapse		0.43972662498182347	0.3926130580194852	0.12549076632252434	0.31685327904609567	0.02586627205775432	0.01963065290097426	0.008143085647811545	0.0016722408026755853	0.8235294117647058	0.95	0.04711356696233826	0.8323396830013087	1.1199999999971475	0.8928571428551123	0.5283018867924528	0.4716981132075472	17	20
EBI:P26__Diagnosis		0.14161921267640504	0.6875464223817777	0.07006684822975984	0.24312948749690516	0.008330541922141473	0.03437732111908888	0.0017331022530329288	0.013988611042337212	0.8823529411764706	1.0	-0.5459272097053727	0.8291656350581826	0.20597767374835002	4.854895104860824	0.1707972529113168	0.8292027470886832	17	20
EBI:P26__Relapse		0.08415985997666277	0.7957992998833138	0.02085764294049008	0.17707117852975496	0.004950579998627222	0.03978996499416569	0.002042007001166861	0.008022170361726954	0.8823529411764706	1.0	-0.711639439906651	0.8799591598599765	0.1057551319646765	9.455805892435304	0.09564064312945467	0.9043593568705454	17	20
Milan:PT01_PT10__D30		0.4154818325434439	0.1879936808846761	0.1721958925750395	0.030015797788309637	0.02444010779667317	0.009399684044233806	0.011058451816745656	0.007898894154818325	0.8823529411764706	0.85	0.2274881516587678	0.60347551342812	2.2100840336016896	0.45247148288864475	0.6884816753926702	0.3115183246073298	17	20
Milan:PT01__D30		0.062305295950155756	0.031931464174454825	0.030373831775700934	0.017133956386292833	0.0036650174088326917	0.0015965732087227414	0.000778816199376947	0.0	0.6470588235294118	0.2	0.03037383177570093	0.09423676012461057	1.9512195121340155	0.5124999999917744	0.6611570247933884	0.3388429752066116	17	20
Milan:PT01__Diagnosis		0.7936548877998454	0.0275986587567707	0.20324993551715242	0.016249677585762186	0.04668558163528502	0.001379932937838535	0.026824864586020118	0.00025793139025019347	0.8823529411764706	0.55	0.7660562290430747	0.8212535465566161	28.757009344752426	0.034774130646690014	0.9663944723618091	0.03360552763819095	17	20
Milan:PT02__D30		0.25022222222222223	0.33555555555555555	0.04088888888888889	0.09777777777777778	0.014718954248366015	0.016777777777777777	0.010666666666666666	0.008444444444444445	0.9411764705882353	0.8	-0.08533333333333332	0.5857777777777777	0.7456953642361884	1.3410301953765233	0.42716236722306533	0.5728376327769348	17	20
Milan:PT02__Diagnosis		0.8536585365853658	0.03713968957871397	0.18625277161862527	0.017184035476718405	0.05021520803443329	0.0018569844789356985	0.015521064301552107	0.0005543237250554324	0.9411764705882353	0.6	0.8165188470066519	0.8907982261640798	22.98507462624679	0.04350649350644254	0.9583074051026759	0.04169259489732421	17	20
Milan:PT06__Diagnosis		0.5270049099836335	0.013366066557555921	0.3330605564648118	0.004637206764866339	0.031000288822566675	0.0006683033278777961	0.0070921985815602835	0.00013638843426077467	0.8823529411764706	0.5	0.5136388434260776	0.5403709765411894	39.42857142562153	0.025362318840531584	0.9752650176678446	0.024734982332155476	17	20
Milan:PT07__D14		0.06213789107763615	0.003910776361529548	0.024768250289687137	0.0020278099652375433	0.0036551700633903617	0.0001955388180764774	0.00028968713789107763	0.0	0.5882352941176471	0.25	0.0582271147161066	0.0660486674391657	15.888888884826038	0.06293706293605009	0.9407894736842105	0.05921052631578948	17	20
Milan:PT07__Diagnosis		0.048858630356427714	0.7887464957949539	0.021826191429715657	0.21205446535843012	0.0028740370797898655	0.039437324789747694	0.0006007208650380457	0.0062074489387264715	0.8823529411764706	0.8	-0.7398878654385262	0.8376051261513816	0.06194465600398341	16.14344262262041	0.05833134114272054	0.9416686588572795	17	20
Milan:PT08__D14		0.08695652173913043	0.2753623188405797	0.028985507246376812	0.2753623188405797	0.005115089514066496	0.013768115942028985	0.0	0.0	0.29411764705882354	0.05	-0.18840579710144928	0.36231884057971014	0.3157894736830637	3.16666666663025	0.24	0.76	17	20
Milan:PT08__D30		0.07756232686980609	0.04986149584487535	0.0332409972299169	0.020577760189948554	0.004562489815870947	0.0024930747922437676	0.0003957261574990107	0.0	0.5294117647058824	0.4	0.02770083102493074	0.12742382271468145	1.5555555555243579	0.6428571428488546	0.608695652173913	0.391304347826087	17	20
Milan:PT08__Diagnosis		0.8303732303732303	0.1027027027027027	0.4810810810810811	0.036808236808236805	0.04884548413960178	0.005135135135135135	0.004118404118404118	0.0009009009009009009	0.9411764705882353	0.6	0.7276705276705276	0.933075933075933	8.085213032502729	0.12368257904510833	0.8899310344827587	0.11006896551724138	17	20
Milan:PT08__Relapse		0.6825228286260352	0.06806115948184328	0.20662561053302186	0.017625822892333828	0.04014840168388442	0.0034030579740921643	0.00711403695052028	0.002017413463580378	1.0	0.85	0.6144616691441919	0.7505839881078785	10.028081123097587	0.09971997510875248	0.9093223935492997	0.09067760645070025	17	20
Milan:PT09_PT13__D30		0.5764925373134329	0.08955223880597014	0.16417910447761194	0.05037313432835821	0.03391132572431958	0.004477611940298507	0.014925373134328358	0.0	0.9411764705882353	0.4	0.48694029850746273	0.666044776119403	6.437499999928115	0.15533980582497325	0.8655462184873949	0.134453781512605	17	20
Milan:PT09__D14		0.14805194805194805	0.012987012987012988	0.09090909090909091	0.005194805194805195	0.008708938120702826	0.0006493506493506494	0.0	0.0	0.35294117647058826	0.15	0.13506493506493505	0.16103896103896104	11.399999999122198	0.08771929824502155	0.9193548387096774	0.08064516129032259	17	20
Milan:PT09__Diagnosis		0.5897967648278724	0.2867413244849993	0.22162311627263928	0.07645513618139085	0.03469392734281602	0.014337066224249965	0.013134245817779621	0.002419466334854141	0.8823529411764706	0.65	0.3030554403428731	0.8765380893128716	2.0568948890960095	0.4861697140169909	0.6728706624605679	0.32712933753943213	17	20
Milan:PT10__D14		0.026845637583892617	0.035794183445190156	0.006711409395973154	0.015659955257270694	0.0015791551519936833	0.0017897091722595079	0.0	0.0	0.4117647058823529	0.2	-0.008948545861297539	0.06263982102908278	0.7499999999790469	1.3333333332836668	0.42857142857142855	0.5714285714285714	17	20
Milan:PT10__Diagnosis		0.5868953160993089	0.2874328128999232	0.19452265165088303	0.12234450985410801	0.03452325388819464	0.014371640644996159	0.005630918863578193	0.0005119017148707448	0.8235294117647058	0.6	0.2994625031993857	0.8743281289992321	2.0418521816491744	0.48975141735633954	0.6712529274004684	0.3287470725995316	17	20
Milan:PT10__Relapse		0.0015267175572519084	0.450381679389313	0.0015267175572519084	0.37709923664122136	8.98069151324652e-05	0.02251908396946565	0.0	0.0	0.058823529411764705	0.25	-0.4488549618320611	0.4519083969465649	0.0033898305084670496	294.999999806775	0.003378378378378378	0.9966216216216216	17	20
Milan:PT11__D30		0.35906040268456374	0.14371170119638169	0.14356580099212138	0.0322439451415232	0.021121200157915514	0.007185585059819084	0.004960606944849723	0.005325357455500437	1.0	0.85	0.21534870148818205	0.5027721038809454	2.4984771573430202	0.40024380333086423	0.7141613464886826	0.2858386535113175	17	20
Milan:PT11__Diagnosis		0.3703650057937427	0.0010139049826187719	0.2078505214368482	0.00043453070683661645	0.02178617681139663	5.069524913093859e-05	0.00028968713789107763	0.0	0.7058823529411765	0.2	0.36935110081112393	0.3713789107763615	365.28571392543813	0.002737583105194017	0.9972698907956318	0.0027301092043681757	17	20
Milan:PT12_PT13__D14		0.10864485981308411	0.21612149532710276	0.029205607476635514	0.17990654205607476	0.006390874106652006	0.010806074766355138	0.002336448598130841	0.0	0.7058823529411765	0.4	-0.10747663551401865	0.32476635514018687	0.5027027027003768	1.989247311809647	0.33453237410071945	0.6654676258992805	17	20
Milan:PT12__D30		0.32345679012345674	0.19197530864197532	0.10925925925925926	0.08333333333333333	0.01902687000726216	0.009598765432098765	0.006790123456790123	0.0027777777777777775	1.0	0.8	0.13148148148148142	0.5154320987654321	1.684887459798297	0.5935114503798447	0.6275449101796406	0.37245508982035935	17	20
Milan:PT12__Diagnosis		0.5606181721289635	0.32533972821742607	0.27817745803357313	0.1156408206767919	0.03297753953699785	0.016266986410871303	0.0045297095656807885	0.00253130828670397	0.7058823529411765	0.7	0.2352784439115374	0.8859579003463895	1.7231777231724266	0.5803231939153147	0.632781954887218	0.367218045112782	17	20
Milan:PT13__Diagnosis		0.9410511363636362	0.008049242424242424	0.3338068181818182	0.0026041666666666665	0.05535594919786096	0.0004024621212121212	0.01231060606060606	0.0	0.8235294117647058	0.45	0.9330018939393938	0.9491003787878787	116.91176469135776	0.008553459119487768	0.991519082065353	0.008480917934647045	17	20
Milan:PT15__Diagnosis		0.4372479240806643	0.3172004744958481	0.11909845788849348	0.07876631079478054	0.025720466122392018	0.015860023724792404	0.015183867141162514	0.0013048635824436537	1.0	0.7	0.12004744958481622	0.7544483985765125	1.3784592370936353	0.7254476397161921	0.579559748427673	0.42044025157232695	17	20
Milan:PT15__Relapse		0.9379030331979938	0.01337473131120134	0.2290422737043229	0.00549319321710055	0.05517076665870552	0.000668736565560067	0.028182469548602818	0.0002388344877000239	0.7647058823529411	0.55	0.9245283018867925	0.9512777645091952	70.12499999475689	0.014260249554352	0.9859402460456942	0.0140597539543058	17	20
Milan:PT17__D14		0.22092021368257797	0.731518180251594	0.0429088402550405	0.5230053420644494	0.012995306687210469	0.0365759090125797	0.004997415130105118	0.001033947957952783	0.8235294117647058	0.55	-0.510597966569016	0.952438393934172	0.30200235571219025	3.3112324492829837	0.2319522344852542	0.7680477655147457	17	20
Milan:PT17__D30		0.5774888083564271	0.12481347260712003	0.15135365593690045	0.03602643359624814	0.03396992990331924	0.006240673630356001	0.01758686847154125	0.001385632061394159	0.9411764705882353	0.8	0.4526753357493071	0.7023022809635472	4.626814688263527	0.2161314138054582	0.8222795568371528	0.17772044316284719	17	20
Milan:PT17__Diagnosis		0.6094138102334823	0.023969200198708396	0.25235966219572775	0.004098360655737705	0.03584787119020484	0.0011984600099354198	0.010059612518628911	0.00024838549428713363	0.8823529411764706	0.65	0.5854446100347739	0.6333830104321907	25.42487046526051	0.03933156714890632	0.962156862745098	0.037843137254901967	17	20
Milan:PT18__D14		0.8186565392831713	0.014241633040588654	0.16852599098029908	0.010206503679088536	0.04815626701665714	0.0007120816520294327	0.011630666983147402	0.0	0.8235294117647058	0.25	0.8044149062425826	0.83289817232376	57.483333329297054	0.01739634676715764	0.9829011114277572	0.0170988885722428	17	20
Milan:PT18__Diagnosis		0.7525647948164147	0.01795356371490281	0.24676025917926567	0.01066414686825054	0.044268517342142044	0.0008976781857451405	0.004724622030237581	0.0	0.8823529411764706	0.35	0.7346112311015118	0.7705183585313176	41.917293230747944	0.02385650224212077	0.9766993693062368	0.02330063069376314	17	20
Milan:PT19__Relapse		0.9420238931834154	0.006500351370344343	0.42568517217146873	0.0036893886156008433	0.055413170187259726	0.00032501756851721717	0.0036893886156008433	0.0	0.8235294117647058	0.15	0.9355235418130711	0.9485242445537597	144.9189188966249	0.006900410294658844	0.9931468790516762	0.006853120948323764	17	20
NIH:UPN111		0.19589054435680206	0.3101567825494206	0.02452040120751777	0.06999707858603564	0.011522973197458944	0.01550783912747103	0.011744084136722174	0.008754503846528386	1.0	1.0	-0.11426623819261852	0.5060473269062227	0.6315855572978069	1.5833167627678169	0.38709925720663513	0.6129007427933648	17	20
NIH:UPN112		0.287420862224902	0.25497437443473014	0.04296050648176063	0.043864938197166116	0.016907109542641293	0.012748718721736507	0.011230027132951462	0.00944000602954477	1.0	1.0	0.03244648779017184	0.5423952366596321	1.1272539166376128	0.887111577288116	0.5299103730980338	0.47008962690196626	17	20
NIH:UPN113		0.20788628176419044	0.2637717846363548	0.03310291110894752	0.08844318956284684	0.012228604809658261	0.013188589231817741	0.011430240482913056	0.0078960179145166	1.0	1.0	-0.05588550287216437	0.47165806640054525	0.788129337070687	1.2688272761272799	0.44075633721410284	0.5592436627858971	17	20
NIH:UPN114		0.09155099739576342	0.43270598974414054	0.020189545466749	0.21421859478615726	0.005385352787986083	0.02163529948720703	0.004107713372889092	0.006121298359599431	0.9411764705882353	1.0	-0.3411549923483771	0.524256987139904	0.2115778370659626	4.726392961825208	0.17462999948788854	0.8253700005121114	17	20
NYU-1:AML0024		0.00486582129165438	0.9184606310822767	0.002948982601002654	0.4730168092008257	0.00028622478186202235	0.045923031554113834	0.0	0.0019905632556767913	0.35294117647058826	0.75	-0.9135948097906224	0.9233264523739311	0.005297800610043999	188.75757571878322	0.005269881826892367	0.9947301181731076	17	20
NYU-1:AML003		0.13843053281269682	0.693286308099257	0.07419070411890666	0.20342612419700215	0.00814297251839393	0.03466431540496285	0.0031490112104799093	0.0035268925557374988	0.8823529411764706	0.95	-0.5548557752865602	0.8317168409119537	0.19967296511599106	5.008189262930155	0.16643949719824322	0.8335605028017569	17	20
NYU-1:AML0048		0.19853820598006647	0.6413289036544849	0.08053156146179402	0.30843853820598005	0.011678717998827439	0.032066445182724244	0.0019933554817275745	0.001926910299003322	0.9411764705882353	0.9	-0.4427906976744185	0.8398671096345514	0.3095731454615978	3.230254350720007	0.2363924050632912	0.7636075949367088	17	20
NYU-1:AML005		0.5994715573515699	0.15464718682001866	0.2912651538700653	0.048803232825613926	0.035263032785386464	0.007732359341000933	0.012278520360584395	0.004740441405035748	0.8823529411764706	0.8	0.4448243705315512	0.7541187441715885	3.876381909522673	0.2579725175002178	0.7949299258037923	0.20507007419620774	17	20
NYU-1:AML006		0.1091569489581342	0.38042439304148346	0.02504301280825846	0.12808258459185623	0.006420996997537306	0.01902121965207417	0.003249856623972472	0.006117377174536418	0.8823529411764706	0.85	-0.27126744408334924	0.48958134199961767	0.28693467336608	3.4851138353446047	0.22295978133541586	0.7770402186645842	17	20
NYU-1:AML008		0.017197576705100644	0.9145983974985343	0.010162204416650382	0.6472542505374242	0.0010116221591235672	0.045729919874926715	0.00019542700801250732	0.0004885675200312683	0.5294117647058824	0.7	-0.8974008207934336	0.931795974203635	0.018803418803398243	53.18181817872579	0.018456375838926172	0.9815436241610738	17	20
NYU-1:AML009		0.7557433896835718	0.09969657563935846	0.6763112267013437	0.06328565236237538	0.04445549351079834	0.004984828781967923	0.0006501950585175553	0.0006501950585175553	0.9411764705882353	0.9	0.6560468140442133	0.8554399653229303	7.580434782532661	0.1319185546313138	0.8834557892069926	0.11654421079300732	17	20
NYU-1:AML0114		0.46352272727272725	0.21113636363636362	0.13318181818181818	0.05625	0.02726604278074866	0.010556818181818181	0.003977272727272727	0.0027272727272727275	1.0	1.0	0.25238636363636363	0.6746590909090908	2.1953713670509583	0.4555037999499857	0.6870473303014991	0.31295266969850094	17	20
NYU-1:AML012		0.04872054358826081	0.7896486916293192	0.025299985542865402	0.39540263119849645	0.0028659143287212245	0.039482434581465956	0.0007228567297961544	0.005059997108573081	0.8235294117647058	0.95	-0.7409281480410583	0.83836923521758	0.06169901135107529	16.20771513319849	0.05811346783928263	0.9418865321607174	17	20
NYU-1:AML0160		0.22405307083244172	0.6959126899208218	0.0870960838861545	0.3434624438262358	0.013179592401908337	0.03479563449604109	0.0019259576289321636	0.002995934089450032	0.8823529411764706	0.85	-0.47185961908838003	0.9199657607532635	0.32195571955673297	3.1060171919632142	0.24354501046755062	0.7564549895324494	17	20
NYU-1:AML022		0.35251798561151076	0.25059952038369304	0.13709032773780974	0.058353317346123104	0.02073635209479475	0.012529976019184652	0.006794564348521183	0.0035971223021582736	0.7647058823529411	0.8	0.10191846522781772	0.6031175059952039	1.4066985645876882	0.7108843537394801	0.5844930417495029	0.415506958250497	17	20
NYU-1:AML025		0.6981875492513789	0.16721828211189912	0.20315208825847123	0.04113475177304964	0.041069855838316405	0.008360914105594957	0.009456264775413711	0.0029156816390858943	0.8823529411764706	1.0	0.5309692671394798	0.8654058313632781	4.175306314772391	0.23950338600417168	0.80677472227281	0.19322527772718995	17	20
NYU-1:AML026		0.14421052631578946	0.34456140350877196	0.05526315789473684	0.21543859649122807	0.00848297213622291	0.0172280701754386	0.0007017543859649122	0.0023684210526315787	0.7647058823529411	0.85	-0.2003508771929825	0.4887719298245614	0.41853360488676894	2.3892944038763764	0.2950466618808327	0.7049533381191673	17	20
NYU-1:AML028		0.015622457282343367	0.8073230268510984	0.011228641171684296	0.3402766476810415	0.0009189680754319628	0.04036615134255492	0.00016273393002441008	0.001871440195280716	0.5294117647058824	0.95	-0.791700569568755	0.8229454841334417	0.019350937311002035	51.67708333002546	0.018983587106980424	0.9810164128930196	17	20
NYU-1:AML0310		0.04124051468162322	0.9301660618057846	0.034861981744198835	0.5699989002529419	0.0024259126283307777	0.046508303090289235	0.0	0.0004948861761794787	0.47058823529411764	0.7	-0.8889255471241614	0.9714065764874079	0.04433672262941556	22.554666666119765	0.04245443224272614	0.9575455677572738	17	20
NYU-1:AML033		0.09876746096959736	0.5572719802793755	0.07674609695973705	0.15234182415776498	0.005809850645270433	0.027863599013968777	0.0009860312243221035	0.004108463434675431	1.0	1.0	-0.45850451930977815	0.6560394412489728	0.17723385431994146	5.642262895117582	0.15055110220440882	0.8494488977955913	17	20
NYU-1:AML0361		0.3003875968992248	0.5648148148148147	0.07299741602067183	0.19078380706287684	0.01766985864113087	0.028240740740740733	0.0030146425495262705	0.0029069767441860465	0.8235294117647058	0.9	-0.2644272179155899	0.8652024117140394	0.5318337781157189	1.8802867383449946	0.34718765555002495	0.652812344449975	17	20
NYU-1:AML038		0.21299135768051297	0.668525229997212	0.10705324783942013	0.2339001951491497	0.01252890339297135	0.033426261499860596	0.00027878449958182325	0.002369668246445498	0.7058823529411765	0.85	-0.455533872316699	0.8815165876777249	0.3185988323598238	3.1387434554826448	0.24161922833649596	0.7583807716635041	17	20
NYU-1:AML043		0.0581021897810219	0.583941605839416	0.016934306569343065	0.1708029197080292	0.0034177758694718765	0.029197080291970802	0.0020437956204379564	0.008467153284671533	0.8235294117647058	1.0	-0.5258394160583941	0.6420437956204379	0.09949999999982961	10.050251256108432	0.09049567985447932	0.9095043201455207	17	20
NYU-1:AML048		0.09815373021853806	0.45158251695553875	0.08816880180859081	0.22437829691032404	0.005773748836384591	0.022579125847776937	0.00018839487565938207	0.005651846269781461	0.6470588235294118	1.0	-0.3534287867370007	0.5497362471740768	0.2173550271167486	4.600767754271744	0.17854694996572998	0.82145305003427	17	20
NYU-1:AML051		0.1621384750219106	0.35407537248028037	0.06879929886064855	0.14154250657318143	0.009537557354230035	0.01770376862401402	0.0008764241893076249	0.0021910604732690623	0.9411764705882353	0.7	-0.19193689745836978	0.5162138475021909	0.45792079207791475	2.183783783770315	0.31409168081494065	0.6859083191850595	17	20
NYU-1:AML052		0.13474914216822775	0.03653899656867291	0.11193545395530001	0.0089029027172401	0.00792642012754281	0.0018269498284336455	0.00037095427988500417	0.00032458499489937864	0.7058823529411765	0.8	0.09821014559955485	0.17128813873690066	3.6878172587823204	0.2711631108032182	0.7866811044937737	0.21331889550622635	17	20
NYU-1:AML055		0.6819262782401903	0.11043400713436383	0.23127229488703924	0.0334423305588585	0.04011331048471707	0.0055217003567181915	0.004904875148632581	0.00133769322235434	0.8235294117647058	0.85	0.5714922711058265	0.792360285374554	6.174966352568581	0.1619442022665454	0.8606265241042957	0.13937347589570434	17	20
NYU-1:AML056		0.04857560262965668	0.38677867056245435	0.013878743608473338	0.08108108108108109	0.0028573883899798047	0.01933893352812272	0.0014609203798392988	0.004930606281957633	0.7647058823529411	1.0	-0.33820306793279764	0.43535427319211106	0.12559017941421732	7.962406014873676	0.11157718120805368	0.8884228187919463	17	20
NYU-1:AML0612		0.7443255401813101	0.11478426828437052	0.2774180355803967	0.04839479244768591	0.04378385530478295	0.005739213414218526	0.0006816167950378297	0.0002385658782632404	0.8823529411764706	0.75	0.6295412718969396	0.8591098084656806	6.484560570014766	0.15421245421224702	0.8663916217073945	0.13360837829260552	17	20
NYU-1:AML0656		0.06980126030053321	0.29083858458555506	0.04023267086766844	0.11003393116820165	0.00410595648826666	0.014541929229277753	0.0004847309743092584	0.0004847309743092584	0.6470588235294118	0.8	-0.22103732428502185	0.36063984488608825	0.23999999999917482	4.166666666606973	0.19354838709677422	0.8064516129032259	17	20
NYU-1:AML0693		0.3257918552036199	0.28727770177838574	0.2690729243396822	0.09649584341786804	0.019164226776683526	0.014363885088919287	0.0005261496369567505	0.0059981058613069555	0.7058823529411765	0.95	0.03851415342523418	0.6130695569820057	1.1340659340619867	0.8817829457337275	0.5314109165808445	0.46858908341915545	17	20
NYU-1:AML073		0.339499233520695	0.3224322943280532	0.21287685232498724	0.0686765457332652	0.019970543148276176	0.01612161471640266	0.001021972406745018	0.0017373530914665304	0.9411764705882353	0.85	0.017066939192641795	0.6619315278487482	1.0529318541964174	0.9497290788653544	0.512891770881581	0.487108229118419	17	20
NYU-1:AML1371		0.05418614534636634	0.3929026774330642	0.029749256268593285	0.19337016574585636	0.003187420314492138	0.01964513387165321	0.00042498937526561835	0.0029749256268593286	0.6470588235294118	1.0	-0.33871653208669783	0.4470888227794305	0.13791238507266143	7.250980392023046	0.12119771863117872	0.8788022813688213	17	20
NYU-1:AML1540		0.18226428321065546	0.6156093001518869	0.062156794017992754	0.18238111928963663	0.010721428424156203	0.03078046500759434	0.0028040658955485456	0.004206098843322818	1.0	0.9	-0.4333450169412314	0.7978735833625423	0.2960713607890427	3.3775641025455707	0.22843754576072633	0.7715624542392736	17	20
NYU-1:AML1552		0.03642524354087251	0.6975857687420585	0.019483269800931808	0.48962304108428634	0.0021426613847572063	0.034879288437102925	0.0	0.00021177467174925878	0.47058823529411764	0.5	-0.661160525201186	0.734011012282931	0.05221615057673146	19.15116279017191	0.04962492787074437	0.9503750721292556	17	20
NYU-1:AML2123		0.3460540941089292	0.38236383845868843	0.2152649129307151	0.18154872174879585	0.02035612318287819	0.019118191922934423	0.0011115227862171174	0.0031493145609484997	0.7058823529411765	0.8	-0.036309744349759254	0.7284179325676177	0.9050387596875553	1.104925053529998	0.47507629704984733	0.5249237029501526	17	20
NYU-1:AML22-Decitabine		0.7736686390532543	0.07411242603550296	0.33121301775147927	0.014940828402366864	0.04550991994430908	0.003705621301775148	0.019674556213017752	0.0008875739644970414	0.7647058823529411	0.8	0.6995562130177514	0.8477810650887573	10.439121756346168	0.09579349904385324	0.9125807014482639	0.08741929855173618	17	20
NYU-1:AML2451		0.15353012781497263	0.7022215459525258	0.10392574558734023	0.2754108338405356	0.009031183989116037	0.03511107729762629	0.0009129640900791236	0.0033475349969567863	0.5882352941176471	0.85	-0.5486914181375532	0.8557516737674985	0.21863488624020874	4.573835480644142	0.17940967283072548	0.8205903271692745	17	20
NYU-1:AML2910		0.3940662202380953	0.3024553571428571	0.18331473214285715	0.09672619047619048	0.023180365896358548	0.015122767857142855	0.005022321428571429	0.001999627976190476	0.8823529411764706	0.9	0.09161086309523819	0.6965215773809523	1.3028905289009818	0.7675241916430839	0.5657631192415544	0.4342368807584457	17	20
NYU-1:AML3050		0.11091986995601454	0.7051061388410786	0.07324536240198891	0.16599732262382866	0.006524698232706737	0.035255306942053935	0.0019124115509657677	0.01195257219353605	0.9411764705882353	1.0	-0.5941862688850641	0.8160260087970932	0.15730946569003998	6.356896551666828	0.13592688071244433	0.8640731192875557	17	20
NYU-1:AML3133		0.10549682875264271	0.30507399577167016	0.02727272727272727	0.09725158562367865	0.006205695808978983	0.015253699788583508	0.0033826638477801266	0.003911205073995771	0.8235294117647058	0.9	-0.19957716701902745	0.41057082452431287	0.34580734580621236	2.891783567106857	0.256951596292482	0.743048403707518	17	20
NYU-1:AML3730		0.11336244541484715	0.6786026200873362	0.03406113537117904	0.27510917030567683	0.006668379142049832	0.03393013100436681	0.0013973799126637554	0.0029694323144104804	0.8235294117647058	0.85	-0.565240174672489	0.7919650655021834	0.1670527670525209	5.986132511503435	0.143140714600794	0.856859285399206	17	20
NYU-1:AML3762		0.6226404398843602	0.21291310016438977	0.230599172382518	0.1498214386939516	0.03662590822849178	0.010645655008219488	0.0010203503202766283	0.0008219488691117284	0.8823529411764706	0.9	0.40972733971997044	0.83555354004875	2.9243876464186394	0.34195193007956737	0.7451831750339213	0.2548168249660787	17	20
NYU-1:AML3948		0.5754926655800859	0.2841161653578308	0.42050674173951696	0.11527633723514595	0.03385250974000505	0.01420580826789154	0.0021484664394725143	0.004185805304489554	0.8823529411764706	0.95	0.29137650022225514	0.8596088309379167	2.0255541069029097	0.4936920700300382	0.6694820305093511	0.330517969490649	17	20
NYU-1:AML4340		0.08892128279883381	0.3536026655560183	0.023323615160349854	0.15930862140774676	0.005230663694049047	0.017680133277800915	0.0022907122032486465	0.0020824656393169513	0.7647058823529411	0.95	-0.2646813827571845	0.44252394835485215	0.2514723203762028	3.976580796208207	0.2009411764705882	0.7990588235294117	17	20
NYU-1:AML4897		0.06856138294755347	0.39466744799296805	0.03369469674772927	0.2924113682976853	0.004033022526326675	0.019733372399648404	0.0	0.0001464986815118664	0.4117647058823529	0.5	-0.32610606504541456	0.46322883094052153	0.17371937639154203	5.756410256326296	0.14800759013282733	0.8519924098671726	17	20
NYU-1:AML52-Azacitidine		0.15365326415910072	0.017812364894076952	0.14094249891915261	0.005101599654128837	0.009038427303476513	0.0008906182447038476	0.0001729355814958928	0.00025940337224383917	0.6470588235294118	0.75	0.13584089926502377	0.17146562905317767	8.62621359174873	0.11592571750065238	0.8961169944528492	0.10388300554715077	17	20
NYU-1:AML5292		0.7972972972972973	0.12402813772676785	0.24305812661977044	0.0457238059977786	0.04689984101748807	0.006201406886338393	0.019252128841169936	0.001573491299518697	0.8823529411764706	0.8	0.6732691595705294	0.9213254350240652	6.428358208903394	0.15556071511473407	0.8653807514567008	0.13461924854329915	17	20
NYU-1:Control0004		0.03533987149137639	0.42593845113290496	0.019614474129184985	0.13324315184308422	0.0020788159700809643	0.021296922556645247	0.0005072708826513358	0.0016909029421711195	0.7647058823529411	0.95	-0.39059857964152855	0.46127832262428137	0.08296943231421569	12.05263157860632	0.07661290322580645	0.9233870967741935	17	20
NYU-1:Control0005		0.07732793522267206	0.6419433198380566	0.027125506072874495	0.17149797570850203	0.004548702071921886	0.032097165991902835	0.0027530364372469634	0.003360323886639676	1.0	0.95	-0.5646153846153845	0.7192712550607288	0.12045913218951973	8.301570680520916	0.10750872453000113	0.8924912754699988	17	20
NYU-1:Control0058		0.039766081871345026	0.37894736842105264	0.020885547201336674	0.10776942355889724	0.002339181286549707	0.018947368421052633	0.0005012531328320802	0.003425229741019215	0.8823529411764706	1.0	-0.33918128654970764	0.41871345029239765	0.10493827160466135	9.529411764466246	0.09497206703910614	0.9050279329608939	17	20
NYU-1:Control0082		0.06920317220543808	0.5296450151057402	0.015200151057401813	0.18740558912386707	0.004070774835614004	0.026482250755287012	0.0016993957703927492	0.0022186555891238672	0.9411764705882353	1.0	-0.46044184290030216	0.5988481873111783	0.1306595365416428	7.6534788539139615	0.11556046034999212	0.884439539650008	17	20
NYU-1:Control1		0.046317490238319645	0.47650464521341046	0.018311565908172883	0.1586104752928504	0.0027245582493129203	0.02382523226067052	0.0016157264036623133	0.005587720479332167	1.0	1.0	-0.4301871549750908	0.5228221354517301	0.09720259960420405	10.287790697452303	0.08859129539016226	0.9114087046098378	17	20
NYU-1:Control2		0.07782243332115456	0.5025575447570332	0.052612349287541105	0.24406284252831567	0.004577790195362033	0.02512787723785166	0.0012787723785166241	0.004475703324808184	1.0	1.0	-0.4247351114358786	0.5803799780781878	0.1548527808066712	6.4577464787902565	0.13408876298394715	0.8659112370160529	17	20
NYU-1:Control3		0.02838104639684106	0.49617472852912137	0.01715202369200395	0.1377097729516288	0.0016694733174612388	0.02480873642645607	0.0006169792694965449	0.004195459032576505	1.0	1.0	-0.4677936821322803	0.5245557749259624	0.05719970156665915	17.48260869503618	0.05410491649023759	0.9458950835097625	17	20
NYU-1:Control4		0.02165130011395421	0.49984460789391894	0.004972547394592354	0.1032839531751787	0.0012736058890561299	0.024992230394695947	0.0009323526364860666	0.01004868952657205	1.0	1.0	-0.4781933077799647	0.5214959080078732	0.04331606217607915	23.086124400847606	0.04151767977751291	0.958482320222487	17	20
NYU-1:Control4003		0.058036840777189	0.5022289511312978	0.018336277231053917	0.20178316090503828	0.0034139318104228823	0.025111447556564893	0.001682227268904029	0.0017663386323492304	1.0	0.9	-0.4441921103541088	0.5602657919084868	0.11555853290883038	8.653623188256692	0.10358804984236603	0.8964119501576341	17	20
NYU-1:ETP9153		0.34316283924843427	0.08898747390396658	0.1847599164926931	0.026096033402922755	0.020186049367554956	0.004449373695198329	0.0010438413361169101	0.0015657620041753652	0.7647058823529411	0.7	0.2541753653444677	0.4321503131524008	3.856304985293909	0.2593155893528564	0.7940821256038648	0.20591787439613524	17	20
NYU-1:HTO2-SRR16208954		0.043478260869565216	0.4214285714285714	0.016459627329192546	0.1531055900621118	0.002557544757033248	0.021071428571428567	0.0012422360248447205	0.003105590062111801	0.8235294117647058	0.9	-0.3779503105590062	0.46490683229813656	0.10316875460550318	9.692857142634207	0.09352037408149634	0.9064796259185037	17	20
NYU-1:HTO2-SRR16208955		0.044226044226044224	0.4144144144144144	0.01173901173901174	0.14496314496314497	0.002601532013296719	0.02072072072072072	0.001092001092001092	0.002866502866502867	0.7647058823529411	1.0	-0.3701883701883702	0.4586404586404586	0.1067193675886753	9.370370370158497	0.09642857142857143	0.9035714285714286	17	20
NYU-1:HTO2-SRR16208956		0.07150680644656549	0.5359098732592708	0.05445157252386168	0.3156000625880144	0.004206282732150911	0.02679549366296354	0.0007823501799405414	0.004772336097637303	0.6470588235294118	1.0	-0.46440306681270527	0.6074166797058362	0.13343065693405762	7.49452954037659	0.1177228232869655	0.8822771767130345	17	20
NYU-1:HTO3-SRR16208954		0.008562149394744612	0.4827280779450841	0.0047239444936522	0.28786536758193093	0.000503655846749683	0.024136403897254206	0.0	0.000590493061706525	0.29411764705882354	0.7	-0.4741659285503395	0.4912902273398287	0.017737003058067236	56.37931033824286	0.01742788461538462	0.9825721153846154	17	20
NYU-1:HTO3-SRR16208955		0.007070707070707071	0.49419191919191907	0.003787878787878788	0.29419191919191917	0.00041592394533571006	0.024709595959595952	0.0	0.0003787878787878788	0.4117647058823529	0.7	-0.487121212121212	0.5012626262626262	0.014307613694401304	69.89285713297227	0.014105793450881615	0.9858942065491183	17	20
NYU-1:HTO5-SRR16208954		0.013015785101080035	0.33813348103018553	0.007477153143173636	0.22819163666574357	0.0007656344177105904	0.016906674051509276	0.0	0.0011077263915812794	0.4117647058823529	0.8	-0.3251176959291055	0.35114926613126557	0.03849303849292466	25.978723402259373	0.03706624605678234	0.9629337539432177	17	20
NYU-1:HTO5-SRR16208955		0.010597053502196951	0.322047040578961	0.00697854742827604	0.21168260532437322	0.0006233560883645266	0.01610235202894805	0.0	0.0007753941586973378	0.47058823529411764	0.85	-0.311449987076764	0.33264409408115797	0.0329052969501386	30.39024389957122	0.031857031857031856	0.9681429681429681	17	20
NYU-1:HTO6-SRR16208954		0.026950354609929082	0.47139479905437354	0.019858156028368795	0.26382978723404255	0.0015853149770546518	0.023569739952718678	0.0	0.002127659574468085	0.47058823529411764	0.8	-0.4444444444444445	0.4983451536643026	0.05717151454350962	17.49122806952642	0.05407969639468692	0.9459203036053131	17	20
NYU-1:HTO6-SRR16208955		0.030788696752425137	0.46942218473218056	0.02066638549135386	0.2560101223112611	0.0018110998089661844	0.023471109236609028	0.00042176296921130323	0.002741459299873471	0.5294117647058824	0.9	-0.43863348797975543	0.5002108814846057	0.06558849955062397	15.246575341970555	0.061551433389544684	0.9384485666104554	17	20
NYU-1:MDS1123		0.39570552147239263	0.29345603271983645	0.18916155419222905	0.05521472392638037	0.02327679538072898	0.014672801635991823	0.010224948875255624	0.009458077709611452	1.0	0.95	0.10224948875255618	0.6891615541922291	1.3484320557445337	0.7416020671815886	0.5741839762611275	0.4258160237388724	17	20
NYU-1:MDS585		0.42571334863889804	0.32928829124303055	0.16234831092161364	0.08330600196785831	0.02504196168464106	0.016464414562151527	0.009511315185306658	0.007707445063955395	0.8823529411764706	0.9	0.09642505739586749	0.7550016398819286	1.292828685255038	0.7734976887501092	0.5638575152041703	0.43614248479582973	17	20
NYU-1:NA-SRR16208928		0.13089589729277143	0.6282444878593357	0.029584147362545353	0.19648339380407479	0.007699758664280672	0.03141222439296679	0.0019536701088473346	0.008233324030142338	0.8823529411764706	0.95	-0.49734859056656433	0.7591403851521071	0.20835184362472392	4.799573560730923	0.17242647058823532	0.8275735294117648	17	20
NYU-1:NA-SRR16208929		0.133216986620128	0.6343804537521814	0.02617801047120419	0.20447934845840604	0.007836293330595764	0.03171902268760907	0.002326934264107039	0.0071262361838278065	0.8823529411764706	0.95	-0.5011634671320535	0.7675974403723094	0.2099954149469409	4.762008733588707	0.17355058734369083	0.8264494126563092	17	20
NYU-1:NA-SRR16208930		0.4674145299145299	0.3143696581196581	0.1841613247863248	0.051682692307692304	0.027494972347913524	0.015718482905982906	0.008012820512820512	0.007678952991452992	1.0	1.0	0.1530448717948718	0.781784188034188	1.486830926078533	0.6725714285699896	0.5978817902289033	0.4021182097710967	17	20
NYU-1:NA-SRR16208931		0.4670174018615945	0.3089167678402806	0.1786051531094024	0.05611763118845272	0.027471611874211443	0.01544583839201403	0.008768379873195738	0.0062727640631323345	1.0	1.0	0.1581006340213139	0.7759341697018751	1.5117903930082066	0.6614673599061516	0.6018776077885952	0.3981223922114047	17	20
NYU-1:NA-SRR16208932		0.4768936286573694	0.3050314465408805	0.18840579710144928	0.05099808586272901	0.028052566391609964	0.015251572327044025	0.008613617719442166	0.007246376811594202	1.0	1.0	0.1718621821164889	0.7819250751982498	1.5634244733252198	0.6396215596316863	0.6098968351110334	0.3901031648889666	17	20
NYU-1:PAUMTZ		0.6462423832092079	0.18788083953960732	0.43195666892349355	0.06262694651320244	0.03801425783583576	0.009394041976980367	0.0016926201760324984	0.003215978334461747	0.9411764705882353	0.9	0.4583615436696006	0.8341232227488152	3.439639639621332	0.2907281299104983	0.7747564935064936	0.2252435064935065	17	20
NYU-1:PAUMTZ-EoT		0.17097862767154104	0.5534308211473565	0.052868391451068614	0.296962879640045	0.01005756633362006	0.027671541057367827	0.0022497187851518562	0.003374578177727784	0.6470588235294118	0.7	-0.3824521934758155	0.7244094488188976	0.3089430894303361	3.2368421052442264	0.2360248447204969	0.7639751552795031	17	20
NYU-1:PAUMTZ-Relapse		0.07058159232072275	0.20101637492941837	0.011857707509881422	0.04178430265386787	0.004151858371807221	0.01005081874647092	0.002258610954263128	0.004234895539243365	0.9411764705882353	0.9	-0.13043478260869562	0.2715979672501411	0.3511235955038713	2.847999999959649	0.2598752598752599	0.74012474012474	17	20
NYU-1:PAWWEE		0.7956989247311828	0.10587262200165425	0.4880066170388751	0.02315963606286187	0.04680581910183428	0.005293631100082712	0.011579818031430935	0.0024813895781637717	0.9411764705882353	0.75	0.6898263027295285	0.901571546732837	7.515624999929012	0.13305613305596584	0.8825688073394495	0.11743119266055045	17	20
NYU-1:PAXMIJ		0.07950780880265026	0.7406530998580217	0.043066729768102226	0.3464268812115476	0.004676929929567662	0.037032654992901086	0.001419782300047326	0.009228584950307619	0.6470588235294118	0.95	-0.6611452910553715	0.820160908660672	0.10734824281135667	9.315476190359025	0.09694171956145413	0.9030582804385459	17	20
NYU-1:PAXMIJ-EoT		0.05168700646087581	0.6091170136396267	0.02656137832017229	0.3765254845656856	0.0030404121447574007	0.030455850681981332	0.0010768126346015793	0.003948312993539124	0.7058823529411765	0.95	-0.5574300071787509	0.6608040201005024	0.08485562757793967	11.784722221994219	0.07821835958718089	0.9217816404128192	17	20
NYU-1:PAXMIJ-Relapse		0.2092214006089604	0.5167464114832537	0.15789473684210525	0.10526315789473684	0.012307141212291789	0.025837320574162687	0.002174858634188778	0.009351892127011744	0.8235294117647058	0.95	-0.3075250108742933	0.7259678120922142	0.40488215488137125	2.4698544698426654	0.28819652486518865	0.7118034751348113	17	20
NYU-1:PR-TotalSeqA		0.024187659729828403	0.869934282584885	0.007667031763417305	0.5524826579043447	0.0014228035135193178	0.04349671412924425	0.000547645125958379	0.0009583789704271632	0.8235294117647058	1.0	-0.8457466228550566	0.8941219423147134	0.02780400797394768	35.966037734362104	0.027051857901184154	0.9729481420988159	17	20
NYU-1:R1-TotalSeqA		0.04004014049172102	0.4687405920722528	0.009533366783743101	0.1550426492724536	0.002355302381865942	0.02343702960361264	0.0012042147516307074	0.0031108881083793277	0.9411764705882353	0.85	-0.4287004515805318	0.5087807325639738	0.08542068079622112	11.706766917000857	0.07869822485207101	0.921301775147929	17	20
NYU-1:R2-TotalSeqA		0.6828982898289829	0.1414941494149415	0.1819081908190819	0.0594959495949595	0.04017048763699899	0.007074707470747075	0.00801080108010801	0.000945094509450945	0.8823529411764706	0.85	0.5414041404140414	0.8243924392439245	4.826335877828485	0.20719652036347677	0.8283655420897478	0.17163445791025222	17	20
NYU-1:TALL3783		0.160518444666002	0.3968095712861415	0.07577268195413758	0.20438683948155534	0.009442261450941295	0.019840478564307075	0.0009970089730807576	0.002243270189431705	0.5882352941176471	0.7	-0.2362911266201395	0.5573280159521435	0.4045226130643073	2.4720496894255928	0.2880143112701253	0.7119856887298748	17	20
NYU-1:TALL3862		0.08509212730318258	0.5852596314907872	0.03015075376884422	0.15879396984924624	0.005005419253128387	0.02926298157453936	0.00033500837520938025	0.004355108877721943	0.7647058823529411	0.95	-0.5001675041876046	0.6703517587939698	0.1453921007438844	6.877952755824681	0.12693653173413294	0.873063468265867	17	20
NYU-1:TALL4954		0.7994524833789598	0.03496284708642941	0.29816190848650764	0.007821666014861166	0.047026616669350575	0.0017481423543214704	0.012983965584669535	0.0010559249120062572	1.0	1.0	0.7644896362925304	0.8344153304653892	22.865771811426537	0.04373348987373455	0.9580989876265467	0.04190101237345332	17	20
NYU-1:empty		0.10475981092667912	0.5221501593932065	0.023963944157414534	0.17961965483126305	0.006162341819216419	0.026107507969660326	0.0036275695284159614	0.008189513026272396	1.0	1.0	-0.4173903484665274	0.6269099703198856	0.2006315789469842	4.984260230802369	0.16710503243906716	0.832894967560933	17	20
NYU-1:hashtag2-SRR16208949		0.028319697923222156	0.5449968533668974	0.010069225928256766	0.21019509125235997	0.0016658645837189503	0.02724984266834487	0.0006293266205160479	0.007551919446192575	0.7647058823529411	0.85	-0.5166771554436752	0.5733165512901196	0.05196304849874993	19.2444444437649	0.04939626783754117	0.9506037321624587	17	20
NYU-1:hashtag2-SRR16208950		0.017994858611825194	0.5636246786632391	0.006426735218508998	0.20308483290488433	0.0010585210948132466	0.028181233933161954	0.0006426735218508997	0.008354755784061696	0.5882352941176471	0.8	-0.5456298200514139	0.5816195372750642	0.03192702394521132	31.321428569687995	0.03093922651933702	0.9690607734806631	17	20
NYU-1:hashtag2-SRR16208957		0.07380073800738007	0.42886428864288645	0.018040180401804017	0.15908159081590817	0.004341219882787063	0.021443214432144322	0.0012300123001230013	0.006355063550635506	0.8235294117647058	0.95	-0.3550635506355064	0.5026650266502666	0.1720841300187192	5.81111111103237	0.14681892332789556	0.8531810766721043	17	20
NYU-1:hashtag2-SRR16208958		0.437980241492865	0.27222832052689355	0.300768386388584	0.15367727771679474	0.025763543617227352	0.013611416026344678	0.003293084522502744	0.003293084522502744	0.8235294117647058	0.7	0.16575192096597147	0.7102085620197586	1.6088709677360256	0.6215538847103603	0.616692426584235	0.3833075734157651	17	20
NYU-1:hashtag2-SRR16208964		0.5850340136054422	0.1541950113378685	0.48072562358276644	0.055933484504913075	0.03441376550620248	0.007709750566893425	0.0022675736961451248	0.0022675736961451248	0.8235294117647058	0.8	0.43083900226757366	0.7392290249433107	3.794117647034217	0.26356589147241777	0.7914110429447853	0.20858895705521474	17	20
NYU-1:hashtag2-SRR16208965		0.8757539203860072	0.02854845195014073	0.2882991556091677	0.006433453960595094	0.05151493649329454	0.0014274225975070365	0.0016083634901487736	0.0006031363088057901	0.7647058823529411	0.75	0.8472054684358664	0.904302372336148	30.676056336953646	0.03259871441685901	0.9684304135171187	0.03156958648288128	17	20
NYU-1:hashtag2-SRR16208966		0.8595419847328244	0.03206106870229008	0.30725190839694655	0.00801526717557252	0.050561293219577905	0.001603053435114504	0.0015267175572519084	0.0003816793893129771	0.7058823529411765	0.55	0.8274809160305343	0.8916030534351145	26.809523808687604	0.037300177619850036	0.964041095890411	0.035958904109589046	17	20
NYU-1:hashtag2-SRR16208967		0.8808440215142739	0.028961522548613984	0.2945800579230451	0.00992966487381051	0.051814354206721994	0.0014480761274306992	0.0012412081092263137	0.0	0.5882352941176471	0.45	0.8518824989656599	0.9098055440628878	30.414285713235554	0.03287928604975131	0.9681673487949068	0.031832651205093224	17	20
NYU-1:hashtag3-SRR16208949		0.0297029702970297	0.4738330975954739	0.011315417256011316	0.20933521923620935	0.0017472335468841	0.023691654879773694	0.0	0.0021216407355021216	0.4117647058823529	0.65	-0.44413012729844414	0.5035360678925036	0.0626865671640468	15.952380951843892	0.05898876404494381	0.9410112359550561	17	20
NYU-1:hashtag3-SRR16208950		0.032400589101620025	0.5051546391752578	0.013254786450662739	0.19145802650957292	0.0019059170059776485	0.02525773195876289	0.0	0.005891016200294551	0.29411764705882354	0.6	-0.4727540500736378	0.5375552282768779	0.06413994169083512	15.590909090427905	0.06027397260273971	0.9397260273972603	17	20
NYU-1:hashtag3-SRR16208957		0.005566259901520017	0.47719974309569685	0.0027831299507600086	0.31620637979019484	0.00032742705303058923	0.023859987154784844	0.0	0.0006422607578676942	0.35294117647058826	0.55	-0.4716334831941768	0.4827660029972169	0.011664423508275243	85.73076921536736	0.011529933481152993	0.988470066518847	17	20
NYU-1:hashtag3-SRR16208959		0.14501953125	0.2509765625	0.052734375	0.08056640625	0.008530560661764705	0.012548828125	0.00048828125	0.00048828125	0.6470588235294118	0.65	-0.10595703125	0.39599609375	0.5778210116708495	1.7306397306277967	0.36621454993834773	0.6337854500616523	17	20
NYU-1:hashtag3-SRR16208965		0.1058901389808074	0.4318332230311052	0.05956320317670417	0.29682329583057576	0.006228831704753377	0.02159166115155526	0.0006618133686300463	0.00033090668431502316	0.7058823529411765	0.55	-0.3259430840502978	0.5377233620119126	0.24521072796878082	4.078124999961488	0.19692307692307692	0.8030769230769231	17	20
NYU-1:hashtag3-SRR16208966		0.1016518424396442	0.4456797966963152	0.05876747141041931	0.29828462515883103	0.005979520143508482	0.02228398983481576	0.0006353240152477764	0.0001588310038119441	0.6470588235294118	0.5	-0.344027954256671	0.5473316391359594	0.22808267997097784	4.3843749999568695	0.18572257690075444	0.8142774230992456	17	20
NYU-1:hashtag3-SRR16208967		0.09686793671294802	0.4530190506942202	0.054568937681627384	0.3157894736842105	0.00569811392429106	0.02265095253471101	0.00032289312237649337	0.00048433968356474005	0.6470588235294118	0.55	-0.3561511139812722	0.5498869874071682	0.21382751247279957	4.676666666618387	0.17615971814445097	0.823840281855549	17	20
NYU-1:hashtag4-SRR16208949		0.04641638225255972	0.6006825938566553	0.016382252559726963	0.31399317406143346	0.00273037542662116	0.030034129692832767	0.0006825938566552901	0.007849829351535836	0.7058823529411765	0.85	-0.5542662116040956	0.6470989761092151	0.07727272727259862	12.941176470309433	0.07172995780590716	0.9282700421940928	17	20
NYU-1:hashtag4-SRR16208950		0.06144496961512491	0.5563808237677245	0.015530047265361242	0.3038487508440243	0.003614409977360289	0.027819041188386223	0.0013504388926401081	0.004051316677920324	0.7647058823529411	0.8	-0.49493585415259955	0.6178257933828494	0.11043689320368501	9.054945054797688	0.09945355191256831	0.9005464480874317	17	20
NYU-1:hashtag4-SRR16208958		0.28916827852998067	0.42263056092843326	0.19729206963249515	0.2852998065764023	0.017009898737057688	0.021131528046421662	0.0009671179883945841	0.0029013539651837525	0.5294117647058824	0.7	-0.1334622823984526	0.7117988394584139	0.6842105263141706	1.4615384615334073	0.40625	0.59375	17	20
NYU-1:hashtag4-SRR16208964		0.45762711864406774	0.23112480739599384	0.37442218798151	0.06471494607087827	0.026919242273180457	0.011556240369799691	0.0015408320493066256	0.0015408320493066256	0.5882352941176471	0.7	0.2265023112480739	0.6887519260400616	1.9799999999914328	0.5050505050494015	0.6644295302013422	0.33557046979865773	17	20
NYU-1:hashtag4-SRR16208965		0.8968299711815563	0.040057636887608064	0.814985590778098	0.01527377521613833	0.05275470418715037	0.002002881844380403	0.0008645533141210375	0.00028818443804034583	0.7058823529411765	0.55	0.8567723342939482	0.9368876080691644	22.38848920807419	0.04466580976858772	0.9572439249461704	0.04275607505382958	17	20
NYU-1:hashtag4-SRR16208966		0.9000812347684808	0.04467912266450041	0.8199295965339832	0.01949634443541836	0.05294595498638122	0.0022339561332250205	0.0005415651232060655	0.0009477389656106146	0.7647058823529411	0.6	0.8554021121039804	0.9447603574329811	20.145454545003652	0.04963898916961995	0.9527085124677559	0.04729148753224421	17	20
NYU-1:hashtag4-SRR16208967		0.9034782608695652	0.04231884057971015	0.835072463768116	0.01855072463768116	0.05314578005115089	0.0021159420289855076	0.0005797101449275362	0.0002898550724637681	0.5882352941176471	0.55	0.861159420289855	0.9457971014492753	21.34931506798866	0.046839910169983456	0.955255899479007	0.04474410052099296	17	20
NYU-1:hashtag5-SRR16208965		0.8089295618413755	0.10288408208541319	0.4961175818080976	0.050194120909595116	0.047584091873022094	0.005144204104270659	0.0036051026067665	0.0018025513033832503	0.8235294117647058	0.75	0.7060454797559623	0.9118136439267888	7.862533692645951	0.12718546451818352	0.8871654501216545	0.11283454987834549	17	20
NYU-1:hashtag5-SRR16208966		0.8283018867924529	0.09568733153638814	0.5037735849056604	0.042587601078167114	0.048723640399556054	0.004784366576819407	0.003234501347708895	0.001078167115902965	0.8235294117647058	0.8	0.7326145552560648	0.923989218328841	8.65633802807855	0.11552229092078471	0.8964410735122521	0.10355892648774796	17	20
NYU-1:hashtag5-SRR16208967		0.8337271116361489	0.08210277613703484	0.5100413467217956	0.04311872415829888	0.04904277127271464	0.004105138806851742	0.002362669816893089	0.0010336680448907265	0.7647058823529411	0.85	0.751624335499114	0.9158298877731837	10.154676258869124	0.09847679773279013	0.910351499516285	0.08964850048371492	17	20
NYU-1:hashtag6-SRR16208965		0.890177065767285	0.03246205733558179	0.6656829679595279	0.011382799325463743	0.05236335680984029	0.0016231028667790894	0.00042158516020236085	0.00042158516020236085	0.5882352941176471	0.6	0.8577150084317031	0.9226391231028668	27.42207792123318	0.03646696661137272	0.964816084075851	0.03518391592414896	17	20
NYU-1:hashtag6-SRR16208966		0.8958597380650613	0.03041825095057034	0.6660329531051965	0.011195606252640473	0.05269763165088596	0.001520912547528517	0.0006337135614702154	0.0004224757076468103	0.7058823529411765	0.55	0.8654414871144909	0.9262779890156316	29.45138888792068	0.033954256071643305	0.9671607753705815	0.03283922462941847	17	20
NYU-1:hashtag6-SRR16208967		0.8905912818299524	0.04100129477772982	0.6978851963746223	0.014458351316357358	0.052387722460585436	0.002050064738886491	0.00043159257660768235	0.00021579628830384117	0.5882352941176471	0.6	0.8495899870522226	0.9315925766076822	21.721052631049183	0.04603828446808497	0.9559879545981005	0.044012045401899465	17	20
NYU-1:hashtag7-SRR16208965		0.75	0.0	0.5	0.0	0.04411764705882353	0.0	0.0	0.0	0.11764705882352941	0.0	0.75	0.75	750000000000.0	0.0	1.0	0.0	17	20
NYU-1:hashtag7-SRR16208966		0.8333333333333333	0.0	0.6666666666666666	0.0	0.04901960784313725	0.0	0.0	0.0	0.11764705882352941	0.0	0.8333333333333333	0.8333333333333333	833333333333.3333	0.0	1.0	0.0	17	20
NYU-1:hashtag7-SRR16208967		0.0	0.0	0.0	0.0	0.0	0.0	0.0	0.0	0.0	0.0	0.0	0.0	0.0	0.0	0.0	0.0	17	20
NYU-2:AML-09		0.010359955600190285	0.4929436016702786	0.004439980971510122	0.28162165019292773	0.0006094091529523697	0.02464718008351393	5.2856916327501456e-05	0.0002114276653100058	0.5882352941176471	0.8	-0.48258364607008836	0.5033035572704689	0.021016512974437313	47.581632648468386	0.02058391094307918	0.9794160890569208	17	20
NYU-2:AML-11		0.4693293142426526	0.3122331072594825	0.25440844009042957	0.0942476764632002	0.027607606720156035	0.015611655362974125	0.0036674202461693044	0.003014318010550113	0.8235294117647058	1.0	0.15709620698317012	0.7815624215021351	1.5031375703893937	0.665275101689869	0.6005013820145273	0.39949861798547276	17	20
NYU-2:AML-16-Dx		0.24527769946433603	0.5398928672117282	0.10995207217366788	0.14406540738652382	0.014428099968490355	0.026994643360586414	0.00422892585283338	0.007330138144911192	0.8235294117647058	0.95	-0.2946151677473922	0.7851705666760642	0.4543080939939365	2.2011494252783823	0.3123877917414722	0.6876122082585279	17	20
NYU-2:AML-17-CR1		0.02420191310360724	0.6304022127463409	0.007145326725826899	0.5605624063616458	0.001423641947271014	0.03152011063731704	0.00023049441051054513	0.00011524720525527257	0.6470588235294118	0.55	-0.6062002996427337	0.6546041258499481	0.03839122486282759	26.047619046542785	0.0369718309859155	0.9630281690140846	17	20
NYU-2:AML-17-CR2		0.02476525821596244	0.6230046948356807	0.007981220657276996	0.5508215962441314	0.0014567798950566142	0.031150234741784032	0.00046948356807511736	0.00029342723004694836	0.7058823529411765	0.5	-0.5982394366197182	0.6477699530516431	0.03975131876406582	25.156398103249607	0.03823156368907411	0.9617684363109259	17	20
NYU-2:AML-17-D1		0.6319727891156462	0.1634013605442177	0.31238095238095237	0.1326530612244898	0.037174869947979194	0.008170068027210885	0.0014965986394557824	6.802721088435374e-05	0.9411764705882353	0.5	0.4685714285714285	0.795374149659864	3.8676103247057223	0.25855758880475777	0.7945603831679781	0.2054396168320219	17	20
NYU-2:AML-17-D2		0.6353301826542342	0.15659726657299783	0.3225188402094776	0.12670839187635713	0.03737236368554319	0.007829863328649891	0.0014050325712096053	0.00012773023374632777	0.8823529411764706	0.55	0.4787329160812364	0.7919274492272321	4.057096247934941	0.2464817048649116	0.802258064516129	0.19774193548387095	17	20
NYU-2:AML-17-R1		0.3062760537285781	0.4063223714682723	0.12181565539601667	0.3500463177396943	0.01801623845462224	0.020316118573413616	0.0022000926354793886	0.0001157943492357573	0.8235294117647058	0.55	-0.10004631773969425	0.7125984251968505	0.7537760045578487	1.3266540642678801	0.4298017549561261	0.5701982450438738	17	20
NYU-2:AML-17-R2		0.30648131099245074	0.409040692321856	0.12382618302338427	0.3572086171975695	0.01802831241132063	0.020452034616092803	0.0012888970723623642	0.0001380961148959676	0.7647058823529411	0.55	-0.10255938132940529	0.7155220033143068	0.7492685122646549	1.3346350255288386	0.4283324755532681	0.5716675244467319	17	20
NYU-2:AML-19-CR1		0.015097690941385435	0.5215565961569514	0.009607621508154368	0.27014371064104636	0.0008880994671403197	0.02607782980784757	0.00024220894558372357	0.0	0.5294117647058824	0.4	-0.5064589052155659	0.5366542870983368	0.02894736842099713	34.545454543166414	0.028132992327365727	0.9718670076726342	17	20
NYU-2:AML-19-CR2		0.018843404808317088	0.51137102014295	0.01299545159194282	0.290448343079922	0.0011084355769598287	0.0255685510071475	0.0	0.0	0.29411764705882354	0.4	-0.4925276153346329	0.530214424951267	0.036848792884298966	27.13793103304258	0.03553921568627451	0.9644607843137256	17	20
NYU-2:AML-19-Dx1		0.36269237900982754	0.3917114778416465	0.09299091414796959	0.258575931763397	0.021334845824107503	0.019585573892082327	0.006304468755794548	0.0011589096977563508	0.8235294117647058	0.75	-0.029019098831818968	0.754403856851474	0.92591715976095	1.0800102249458974	0.4807668673958462	0.5192331326041538	17	20
NYU-2:AML-19-Dx2		0.33664283823140057	0.40336245697643625	0.09465184008472333	0.27376224516812286	0.019802519895964737	0.02016812284882181	0.009398993910510987	0.0015885623510722795	0.8235294117647058	0.75	-0.06671961874503568	0.7400052952078369	0.834591401376336	1.198191112855269	0.45491949910554563	0.5450805008944543	17	20
NYU-2:AML-19-R1		0.7406093825568274	0.04409156859584072	0.3319361599226181	0.019103659519587295	0.043565257797460434	0.002204578429792036	0.007818797356118007	0.00040303079155247463	0.8235294117647058	0.6	0.6965178139609867	0.7847009511526681	16.797074953915203	0.059534175010803374	0.9438109912686183	0.05618900873138161	17	20
NYU-2:AML-19-R2		0.7310397423947124	0.0422845521565969	0.3088721294805525	0.017625624947038388	0.043002337787924255	0.002114227607829845	0.009999152614185238	0.00042369290738073043	0.7647058823529411	0.6	0.6887551902381155	0.7733242945513092	17.288577153899755	0.05784165990487045	0.9453210607056761	0.05467893929432391	17	20
NYU-2:AML-20-CR		0.08023535704733886	0.34233752340197915	0.017384327360256753	0.10296870821075153	0.00471972688513758	0.01711687617009896	0.0018721583311045735	0.00213960952126237	0.9411764705882353	0.85	-0.2621021663546403	0.422572880449318	0.23437499999931538	4.26666666661349	0.18987341772151897	0.810126582278481	17	20
NYU-2:AML-20-Dx		0.5997790055248619	0.07248618784530388	0.214585635359116	0.03248618784530387	0.0352811179720507	0.003624309392265194	0.0070718232044198895	0.00143646408839779	1.0	0.7	0.5272928176795579	0.6722651933701658	8.274390243788286	0.12085482682367472	0.8921761998685075	0.10782380013149245	17	20
NYU-2:AML-20-R1		0.3882149046793761	0.09358752166377816	0.09012131715771231	0.04852686308492201	0.02283617086349271	0.004679376083188908	0.008665511265164644	0.0	0.8235294117647058	0.45	0.29462738301559793	0.48180242634315423	4.148148148103824	0.24107142857080763	0.8057553956834532	0.19424460431654678	17	20
NYU-2:AML-21-CR		0.12227295788939624	0.6062912227295789	0.08472856418061897	0.2185016066294605	0.007192526934670367	0.030314561136478946	0.002367664468121089	0.012092000676475562	0.9411764705882353	0.95	-0.4840182648401827	0.7285641806189751	0.20167364016703138	4.958506224025838	0.16782729805013927	0.8321727019498608	17	20
NYU-2:AML-21-Dx		0.010257333093395717	0.7721792333993162	0.006208385819686881	0.37430268130286126	0.0006033725349056304	0.03860896166996581	0.0	0.0004048947273708836	0.35294117647058826	0.6	-0.7619219003059204	0.7824365664927119	0.013283616872506685	75.28070174704675	0.01310947562097516	0.9868905243790248	17	20
NYU-2:AML-21-R1		0.9023289842702111	0.006218753810510913	0.7891720521887575	0.0043897085721253505	0.053078175545306534	0.00031093769052554566	0.002560663333739788	0.0	0.7058823529411765	0.4	0.8961102304597002	0.9085477380807221	145.09803919235395	0.006891891891884253	0.9931552811703127	0.006844718829687288	17	20
NYU-2:AML0024		0.015069835824552806	0.8513844645920118	0.010046557216368537	0.4822347463856898	0.0008864609308560475	0.04256922322960059	0.0002450379808870375	0.0028791962754226904	0.6470588235294118	0.85	-0.836314628767459	0.8664543004165646	0.017700388545093617	56.495934955600646	0.017392533936651584	0.9826074660633485	17	20
NYU-2:AML0048		0.31560374149659864	0.5349914965986395	0.08269557823129252	0.29204931972789117	0.018564925970388155	0.026749574829931975	0.004761904761904762	0.00116921768707483	0.8823529411764706	1.0	-0.2193877551020409	0.8505952380952382	0.5899229118641123	1.69513673716289	0.3710386883934819	0.628961311606518	17	20
NYU-2:AML1371		0.015515771526001705	0.3718670076726343	0.008695652173913044	0.24569479965899405	0.0009126924427059827	0.018593350383631715	8.525149190110827e-05	0.001278772378516624	0.5882352941176471	0.9	-0.3563512361466326	0.387382779198636	0.041723979825655795	23.96703296548828	0.040052816901408446	0.9599471830985916	17	20
NYU-2:AML1896		0.40570042449969673	0.2891795893615178	0.18452741921510873	0.07294464177423547	0.023864730852923337	0.014458979468075889	0.001212856276531231	0.0018192844147968466	0.8235294117647058	0.95	0.11652083513817896	0.6948800138612146	1.4029358897494926	0.7127909459730456	0.5838424136641316	0.4161575863358683	17	20
NYU-2:AML2123		0.37548024542691666	0.3469235621308561	0.3070703595389644	0.15218762543723838	0.02208707326040686	0.017346178106542806	0.0007454555880497735	0.0021790240266070303	0.9411764705882353	1.0	0.028556683296060537	0.7224038075577728	1.0823140495836572	0.923946243125212	0.5197650420701698	0.4802349579298301	17	20
NYU-2:AML4340		0.03573538098050797	0.43347607796810395	0.009007678676904902	0.18111340815121088	0.0021020812341475278	0.021673803898405196	0.0007383343177790904	0.0014397519196692262	0.7058823529411765	0.9	-0.39774069698759595	0.46921145894861194	0.08243910747724126	12.130165288916755	0.07616050354051927	0.9238394964594807	17	20
NYU-2:AML4897		0.042546678910315265	0.4028160391796755	0.0157636975818794	0.26293235384144475	0.002502745818253839	0.020140801958983774	0.00030609121518212427	0.0009947964493419038	0.7647058823529411	0.95	-0.36026936026936024	0.4453627180899908	0.10562310030368915	9.467625899058055	0.09553264604810996	0.90446735395189	17	20
WashU:10DD-1002__Diagnosis		0.39604581829593594	0.24792091636591873	0.10262042993880433	0.08222187352895026	0.023296812840937407	0.012396045818295936	0.009257806370626079	0.006982582771065432	0.9411764705882353	1.0	0.1481249019300172	0.6439667346618547	1.597468354423936	0.6259904912820963	0.6150097465886939	0.38499025341130605	17	20
WashU:10DD-1002__Treatment		0.3723138430784607	0.29610194902548725	0.08095952023988005	0.09470264867566217	0.021900814298732984	0.014805097451274363	0.01199400299850075	0.006496751624187906	0.8823529411764706	0.85	0.07621189405297346	0.668415792103948	1.257383966240479	0.7953020134206829	0.5570093457943925	0.4429906542056075	17	20
WashU:10DD-1003__Diagnosis		0.38559969442322384	0.2620320855614973	0.18716577540106952	0.13636363636363635	0.02268233496607199	0.013101604278074866	0.004010695187165776	0.0006684491978609626	0.8235294117647058	0.7	0.12356760886172652	0.6476317799847211	1.4715743440177078	0.6795443288739187	0.5953995871424359	0.40460041285756415	17	20
WashU:10DD-1003__Relapse		0.24415905926040538	0.38681726752282225	0.03744391149620919	0.12207952963020269	0.014362297603553257	0.01934086337614111	0.004796534117282996	0.007426891536438187	0.8823529411764706	0.9	-0.14265820826241687	0.6309763267832276	0.6311999999983682	1.5842839036690501	0.38695438940657184	0.6130456105934282	17	20
WashU:10DD-1009__Diagnosis		0.8128831371022672	0.07151892575654374	0.3697577113943758	0.017904057604359248	0.04781665512366278	0.003575946287827187	0.0078816775323538	0.001362265252505595	1.0	0.95	0.7413642113457235	0.884402062858811	11.365986394398899	0.087981805123186	0.9191330179337661	0.08086698206623391	17	20
WashU:10DD-1009__Relapse		0.8266182929157915	0.04907389726942906	0.355547068932595	0.025587168226083635	0.048624605465634796	0.002453694863471453	0.007256062631277449	0.00019094901661256445	0.9411764705882353	0.6	0.7775443956463625	0.8756921901852205	16.84435797631045	0.05936705936698755	0.9439598778892282	0.05604012211077192	17	20
WashU:10DD-1010__Diagnosis		0.6424827586206897	0.21627586206896554	0.29158620689655174	0.032827586206896554	0.03779310344827586	0.010813793103448276	0.009931034482758621	0.006344827586206896	0.8235294117647058	1.0	0.42620689655172417	0.8587586206896552	2.970663265292387	0.3366251610127865	0.7481529071635079	0.25184709283649215	17	20
WashU:10DD-1010__Relapse		0.2339362618432386	0.3810508182601206	0.08010335917312661	0.15986218776916453	0.013760956579014036	0.01905254091300603	0.0049956933677863915	0.01119724375538329	1.0	0.95	-0.147114556416882	0.6149870801033592	0.6139240506313003	1.6288659793744804	0.3803921568627451	0.6196078431372549	17	20
WashU:10DD-1014__Diagnosis		0.05142857142857143	0.6263736263736265	0.012307692307692308	0.20043956043956043	0.0030252100840336134	0.031318681318681325	0.002197802197802198	0.006373626373626373	0.7647058823529411	0.85	-0.5749450549450551	0.6778021978021979	0.08210526315776365	12.179487179250359	0.07587548638132295	0.9241245136186771	17	20
WashU:10DD-1014__Treatment		0.11467116357504215	0.4367622259696458	0.022765598650927487	0.09274873524451939	0.006745362563237774	0.02183811129848229	0.00505902192242833	0.006323777403035413	0.8823529411764706	0.95	-0.32209106239460367	0.5514333895446879	0.26254826254766145	3.8088235293785493	0.20795107033639146	0.7920489296636086	17	20
WashU:10DD-1051__Diagnosis		0.18625621890547264	0.6585820895522388	0.05006218905472637	0.1843905472636816	0.010956248170910156	0.032929104477611944	0.00404228855721393	0.007929104477611939	0.7647058823529411	0.9	-0.47232587064676623	0.8448383084577115	0.28281397544810694	3.5358931552397808	0.22046374677953626	0.7795362532204638	17	20
WashU:10DD-1051__Treatment		0.12631578947368421	0.61203007518797	0.04030075187969925	0.2213533834586466	0.007430340557275542	0.0306015037593985	0.002406015037593985	0.0037593984962406017	0.8823529411764706	0.9	-0.4857142857142858	0.7383458646616543	0.20638820638786914	4.845238095199738	0.17107942973523418	0.8289205702647657	17	20
WashU:10DD-1058__Diagnosis		0.4424545693968922	0.29075585988938635	0.14379773505399	0.11430076376086384	0.026026739376287775	0.014537792994469317	0.00237029233605478	0.00592573084013695	0.8235294117647058	0.85	0.15169870950750586	0.7332104292862786	1.5217391304295487	0.657142857141372	0.603448275862069	0.39655172413793105	17	20
WashU:10DD-1058__Treatment		0.3341508277130595	0.3004291845493562	0.07970570202329859	0.10055180870631514	0.019655931041944675	0.01502145922746781	0.009809932556713672	0.00674432863274065	0.7647058823529411	0.85	0.033721643163703297	0.6345800122624157	1.1122448979554818	0.8990825688046488	0.5265700483091788	0.4734299516908212	17	20
WashU:10DD-1061__Diagnosis		0.11906779661016949	0.6561440677966102	0.021822033898305084	0.22796610169491524	0.007003988035892323	0.03280720338983051	0.004872881355932204	0.004343220338983051	1.0	0.9	-0.5370762711864406	0.7752118644067797	0.18146593477531273	5.510676156537348	0.15359387810877287	0.8464061218912271	17	20
WashU:10DD-1061__Relapse		0.033348826400185924	0.8304671159656054	0.00906344410876133	0.30165001161980015	0.001961695670599172	0.04152335579828027	0.0011619800139437602	0.004938415059260981	0.9411764705882353	1.0	-0.7971182895654195	0.8638159423657913	0.0401567091086686	24.902439023643513	0.03860640301318268	0.9613935969868174	17	20
WashU:10DD-1062__Diagnosis		0.15458550260312376	0.4221065278334001	0.02643171806167401	0.23067681217460953	0.00909326485900728	0.021105326391670003	0.005606728073688426	0.004805766920304365	0.9411764705882353	0.9	-0.2675210252302763	0.5766920304365238	0.36622390891753853	2.7305699481688643	0.26805555555555555	0.7319444444444444	17	20
WashU:10DD-1062__Treatment		0.12846865364850976	0.5030832476875642	0.020554984583761562	0.3776978417266187	0.007556979626382927	0.02515416238437821	0.0046248715313463515	0.001541623843782117	0.8823529411764706	0.8	-0.3746145940390544	0.631551901336074	0.25536261491266915	3.915999999969517	0.20341741253051263	0.7965825874694873	17	20
WashU:10DD-1065__Diagnosis		0.35941644562334213	0.17992926613616267	0.09195402298850575	0.05305039787798409	0.021142143860196597	0.008996463306808134	0.013704686118479222	0.0035366931918656055	0.8235294117647058	0.85	0.17948717948717946	0.5393457117595049	1.9975429975318957	0.5006150061486687	0.6663934426229507	0.33360655737704914	17	20
WashU:10DD-1065__Treatment		0.5239663373582144	0.12952799121844127	0.07976582510062202	0.031833150384193196	0.030821549256365554	0.006476399560922064	0.03549213318697402	0.000548847420417124	0.8235294117647058	0.6	0.39443834613977313	0.6534943285766557	4.045197740081764	0.24720670391014274	0.8017917133258678	0.19820828667413215	17	20
WashU:10DD-1070__Diagnosis		0.2341425215348473	0.3863743148003132	0.04698512137823023	0.2162881754111198	0.013773089502049841	0.01931871574001566	0.005324980422866093	0.007126076742364918	0.8235294117647058	0.9	-0.1522317932654659	0.6205168363351605	0.6059991892971751	1.6501672240732197	0.3773346794548208	0.6226653205451792	17	20
WashU:10DD-1070__Treatment		0.3046899264934258	0.3526244952893674	0.09369499948234807	0.11139869551713429	0.017922936852554458	0.01763122476446837	0.0077647789626255305	0.009265969562066467	0.8823529411764706	1.0	-0.0479345687959416	0.6573144217827932	0.8640634174960817	1.1573224600709553	0.46353756497086157	0.5364624350291385	17	20
WashU:10DD-1079__Diagnosis		0.00556527269836222	0.9786929559548418	0.0047702337414533315	0.28844013356654474	0.00032736898225660117	0.04893464779774209	0.0	0.0016695818095086659	0.29411764705882354	0.85	-0.9731276832564796	0.9842582286532041	0.0056864337936578776	175.85714282554383	0.005654281098546042	0.994345718901454	17	20
WashU:10DD-1079__Relapse		0.0015720798616569724	0.7852538908976576	0.00047162395849709165	0.28045904731960386	9.247528597982191e-05	0.03926269454488288	0.0	0.0031441597233139444	0.35294117647058826	0.8	-0.7836818110360007	0.7868259707593146	0.002002002001999453	499.49999968226797	0.0019980019980019984	0.998001998001998	17	20
WashU:10DD-1079__Treatment		0.0008917424647761727	0.9805600142678795	0.0003566969859104691	0.31514178705189944	5.245543910448075e-05	0.04902800071339398	0.0	0.0022293561619404316	0.17647058823529413	0.85	-0.9796682718031033	0.9814517567326557	0.0009094216078564752	1099.5999987669086	0.0009085953116481918	0.9990914046883518	17	20
WashU:10DD-1082__Treatment		0.5870992661259173	0.08613364233294708	0.22247972190034762	0.03167246040942449	0.034535250948583375	0.004306682116647354	0.0019312475859405175	0.0003862495171881035	0.7058823529411765	0.6	0.5009656237929703	0.6732329084588644	6.816143497678713	0.14671052631553957	0.8720596672403902	0.12794033275960986	17	20
WashU:10DD-1085__Diagnosis		0.282523601197329	0.270550310845038	0.05595210683859084	0.08058945429426663	0.016619035364548763	0.0135275155422519	0.018880957863228184	0.0033387059636196177	0.8823529411764706	1.0	0.011973290352291	0.553073912042367	1.0442553191450763	0.9576202118955512	0.5108243130724396	0.4891756869275604	17	20
WashU:10DD-1085__Relapse		0.18434093161546086	0.33630657416584075	0.08886686488272216	0.140403039312851	0.010843584212674168	0.016815328708292037	0.003633961017509085	0.0028080607862570202	0.8823529411764706	0.8	-0.1519656425503799	0.5206475057813016	0.5481335952832426	1.8243727598467339	0.3540609137055838	0.6459390862944162	17	20
WashU:10DD-1086__Diagnosis		0.04116167390807226	0.3320375028584496	0.00846101074777041	0.07729247656071347	0.0024212749357689564	0.016601875142922478	0.001372055796935742	0.004573519323119141	0.7058823529411765	0.8	-0.29087582895037734	0.3731991767665218	0.12396694214838698	8.066666666470692	0.11029411764705882	0.8897058823529412	17	20
WashU:10DD-1086__Treatment		0.14576740506329114	0.28006329113924056	0.022745253164556962	0.08188291139240507	0.008574553239017126	0.014003164556962027	0.010284810126582278	0.008010284810126582	0.7058823529411765	0.95	-0.13429588607594942	0.42583069620253167	0.5204802259868421	1.9213025780058155	0.3423130515559684	0.6576869484440316	17	20
WashU:184874__Diagnosis		0.00391628931587321	0.4916166931832089	0.0022029127401786805	0.10733080406315017	0.00023036995975724765	0.024580834659160444	0.0	0.007404234487822788	0.35294117647058826	0.9	-0.48770040386733565	0.4955329824990821	0.007966143888457783	125.53124996794635	0.0079031859718449	0.9920968140281551	17	20
WashU:220882__Diagnosis		0.6051502145922746	0.1699852247942025	0.19784704144093435	0.046154928586505314	0.035597071446604386	0.008499261239710124	0.008231900372898051	0.0039400548793358196	0.8823529411764706	1.0	0.43516498979807205	0.7751354393864771	3.5600165562704467	0.2808975700495301	0.7807025506036125	0.21929744939638743	17	20
WashU:220882__Relapse		0.37078278211733423	0.4709988366295496	0.1170018281535649	0.12182150573375436	0.021810751889254954	0.023549941831477482	0.012797074954296161	0.004321090244307794	0.8823529411764706	0.95	-0.10021605451221538	0.8417816187468838	0.7872265349312856	1.2702823845774796	0.44047384007897333	0.5595261599210266	17	20
WashU:220882__Treatment		0.010172059300941456	0.6516610756411644	0.0046531760631966235	0.1697868196082675	0.0005983564294671445	0.03258305378205822	0.0003246401904555784	0.004328535872741046	0.7647058823529411	0.95	-0.6414890163402229	0.6618331349421058	0.01560943208234071	64.06382978093602	0.015369522563767168	0.9846304774362329	17	20
WashU:332131__Diagnosis		0.513320700033441	0.33106677070560697	0.32995206777393826	0.1335414112139115	0.030195335296084765	0.01655333853528035	0.006242336417344778	0.005907925537844165	0.9411764705882353	0.9	0.18225392932783402	0.844387470739048	1.5505050505003668	0.6449511400638903	0.6079207920792079	0.39207920792079215	17	20
WashU:430998__Diagnosis		0.02669597989949749	0.3804962311557789	0.00675251256281407	0.08448492462311558	0.00157035175879397	0.019024811557788946	0.000785175879396985	0.009029522613065326	0.8823529411764706	0.9	-0.3538002512562814	0.4071922110552764	0.0701609574905296	14.25294117593669	0.06556112610875434	0.9344388738912456	17	20
WashU:452198__Diagnosis		0.03127871753854532	0.8854361662298764	0.014056703311664	0.2620060583370205	0.001839924561090901	0.04427180831149382	0.0007487832272557095	0.004747966372825976	0.8823529411764706	0.8	-0.8541574486913311	0.9167148837684217	0.03532577359211848	28.307943415852325	0.03412044256330289	0.9658795574366972	17	20
WashU:452198__Relapse		0.9192336778421981	0.008369044618099319	0.7719183261910764	0.004285354171918326	0.054072569284835184	0.000418452230904966	0.0035291152004033274	0.0	0.8235294117647058	0.35	0.9108646332240988	0.9276027224602974	109.83734938446612	0.00910437119507593	0.9909777705310071	0.00902222946899288	17	20
WashU:508084__Diagnosis		0.34479204559233656	0.31926761246513885	0.0916090699648357	0.06887352976840062	0.020281885034843326	0.015963380623256942	0.010670546865526858	0.0020916696980720264	0.8823529411764706	0.7	0.02552443312719771	0.6640596580574754	1.0799468287091125	0.9259715139765655	0.5192184789555373	0.4807815210444628	17	20
WashU:508084__Relapse		0.31790166690012606	0.17495447541672504	0.08936825885978428	0.03039641406359434	0.018700098052948592	0.008747723770836251	0.013097072419106317	0.006933744221879815	0.8823529411764706	0.9	0.14294719148340101	0.4928561423168511	1.8170536429039454	0.5503414849068391	0.6450191843114964	0.35498081568850365	17	20
WashU:624400__Normal donor		0.00488671701466015	0.3274100399822301	0.0013327410039982231	0.09062638827187916	0.00028745394203883237	0.016370501999111504	0.0	0.0	0.29411764705882354	0.45	-0.32252332296756997	0.33229675699689026	0.014925373134282771	66.99999998628937	0.014705882352941175	0.9852941176470589	17	20
WashU:827494__Diagnosis		0.05454545454545454	0.36739811912225706	0.017136886102403343	0.10010449320794149	0.00320855614973262	0.018369905956112854	0.0010449320794148381	0.010031347962382444	0.7647058823529411	1.0	-0.3128526645768025	0.4219435736677116	0.1484641638221215	6.73563218378456	0.12927191679049033	0.8707280832095097	17	20
WashU:868442__Diagnosis		0.3249102457884562	0.6297983982325324	0.09196354598177299	0.4091411212372273	0.019112367399320953	0.03148991991162662	0.0064899199116266225	0.0011737089201877935	0.8823529411764706	0.75	-0.3048881524440762	0.9547086440209885	0.5158956369209086	1.9383765405805196	0.3403239803297657	0.6596760196702343	17	20
WashU:869586__Diagnosis		0.5206496519721577	0.10728538283062641	0.29215777262180975	0.0431554524361949	0.030626450116009278	0.005364269141531321	0.0022273781902552203	0.001345707656612529	0.8235294117647058	0.95	0.41336426914153135	0.6279350348027841	4.852941176425356	0.20606060606021023	0.8291457286432161	0.17085427135678388	17	20
WashU:869586__Relapse		0.6819826338639652	0.013567293777134587	0.14688856729377714	0.006874095513748191	0.04011662552140972	0.0006783646888567293	0.008140376266280752	0.0001808972503617945	0.8235294117647058	0.75	0.6684153400868306	0.6955499276410998	50.266666662961676	0.019893899204214863	0.9804941482444733	0.01950585175552666	17	20
WashU:869922__Diagnosis		0.7527900337399429	0.03957954840384116	0.549052686218531	0.013236439138333765	0.044281766690584874	0.001978977420192058	0.0007786140669608098	0.0012976901116013497	0.9411764705882353	0.85	0.7132104853361018	0.7923695821437841	19.019672130667	0.05257714187202117	0.9500491320013102	0.049950867998689814	17	20
WashU:875663__Diagnosis		0.010750030890893363	0.9535400963795873	0.003583343630297788	0.41776844186333867	0.0006323547582878449	0.047677004818979365	0.0002471271469170888	0.002594835042629433	0.6470588235294118	0.85	-0.9427900654886939	0.9642901272704806	0.011273811066464787	88.70114941703612	0.01114812916453101	0.988851870835469	17	20
WashU:916462__Diagnosis		0.5006660323501427	0.0928639391056137	0.11722169362511893	0.022074215033301616	0.02945094307942016	0.004643196955280685	0.007611798287345386	0.0004757373929590866	0.8823529411764706	0.75	0.40780209324452904	0.5935299714557565	5.391393442564893	0.18548080577690054	0.8435395960243667	0.1564604039756332	17	20
WashU:922185__Diagnosis		0.005074234166510054	0.4429618492764519	0.0022552151851155796	0.15880473595188874	0.00029848436273588556	0.022148092463822593	0.0	0.006953580154106371	0.4117647058823529	0.95	-0.43788761510994184	0.4480360834429619	0.011455239711471804	87.29629627909247	0.011325503355704696	0.9886744966442953	17	20
WashU:978897__Normal donor		0.0025716385011021305	0.44673034533431305	0.0014695077149155032	0.15797207935341662	0.00015127285300600766	0.022336517266715653	0.0	0.0	0.17647058823529413	0.4	-0.4441587068332109	0.4493019838354152	0.005756578947355534	173.7142856467357	0.005723630417007358	0.9942763695829926	17	20
WashU:ND050119__Normal donor		0.3701896001501783	0.20236530880420497	0.07095926412614981	0.04280082598085226	0.02177585883236343	0.010118265440210248	0.01896001501783368	0.006476440773418434	1.0	1.0	0.16782429134597335	0.5725549089543833	1.8293135435902184	0.5466531440147505	0.6465573770491803	0.35344262295081963	17	20
WashU:ND050819__Normal donor		0.1956183745583039	0.40932862190812724	0.03618374558303887	0.10699646643109541	0.011506963209311993	0.020466431095406364	0.007632508833922262	0.0032508833922261482	1.0	1.0	-0.21371024734982336	0.6049469964664311	0.4779005524850203	2.092485549122251	0.3233644859813084	0.6766355140186916	17	20
